,Actual_Price,Ensemble_Prediction,XGBoost_Prediction,SVR_Prediction,Error
2025-01-25 14:00:00,120.36,124.34174252479878,121.17055,129.09852745457508,-3.9817425247987757
2025-01-25 15:00:00,122.97,134.40769531432016,129.51012,141.75406342007778,-11.437695314320166
2025-01-25 16:00:00,139.09,152.6822206921815,147.24454,160.8387380707857,-13.592220692181485
2025-01-25 17:00:00,164.11,169.5221325744157,165.25035,175.92979356372476,-5.412132574415693
2025-01-25 18:00:00,157.39,160.3094139346233,155.64818,167.30126387098204,-2.9194139346233214
2025-01-25 19:00:00,136.13,149.64665962811208,146.8535,153.8363832621747,-13.51665962811208
2025-01-25 20:00:00,124.74,135.93139376538937,133.32217,139.84521186098317,-11.191393765389378
2025-01-25 21:00:00,123.51,127.75027130254377,126.51248,129.60694427808792,-4.240271302543761
2025-01-25 22:00:00,117.67,118.44747165972953,117.05405,120.53760538833747,-0.7774716597295281
2025-01-25 23:00:00,128.5,115.41578337710743,115.629135,115.09574048622562,13.08421662289257
2025-01-26 00:00:00,134.96,117.80454909908386,118.843056,116.24677390127408,17.15545090091615
2025-01-26 01:00:00,126.9,111.38605098200716,111.53422,111.16379688861167,15.513949017992843
2025-01-26 02:00:00,114.37,105.80281942862177,106.39397,104.91608902260424,8.56718057137823
2025-01-26 03:00:00,111.17,106.38994787022409,108.855995,102.69087309352898,4.78005212977591
2025-01-26 04:00:00,98.07,99.81086080911606,101.42006,97.39705367989467,-1.7408608091160716
2025-01-26 05:00:00,90.05,99.51114797679679,100.1591,98.53921294431129,-9.461147976796795
2025-01-26 06:00:00,89.8,115.49567745816397,117.70625,112.1798026236814,-25.69567745816397
2025-01-26 07:00:00,94.89,110.8006559932472,107.32907,116.00802578634068,-15.910655993247204
2025-01-26 08:00:00,100.84,117.76975905136257,114.32086,122.94309345970527,-16.929759051362566
2025-01-26 09:00:00,110.29,122.63111332370121,119.577446,127.21161433342294,-12.341113323701208
2025-01-26 10:00:00,121.24,124.67262736713974,119.91494,131.80915096789818,-3.4326273671397445
2025-01-26 11:00:00,132.95,129.1495844319107,124.5418,136.06125508612445,3.800415568089278
2025-01-26 12:00:00,137.64,132.64654380880285,128.61357,138.69599895682157,4.99345619119714
2025-01-26 13:00:00,137.49,132.23962333945752,128.66096,137.60761089991337,5.250376660542486
2025-01-26 14:00:00,130.66,128.18809652255192,122.43093,136.8238294106278,2.4719034774480804
2025-01-26 15:00:00,126.47,127.96851303037872,120.91038,138.5557163222847,-1.4985130303787173
2025-01-26 16:00:00,132.76,144.15830795800395,139.61884,150.96751672118177,-11.398307958003954
2025-01-26 17:00:00,146.01,157.01316760762205,152.26295,164.13848695118398,-11.00316760762206
2025-01-26 18:00:00,134.92,146.65161832444505,140.6389,155.67067941706966,-11.731618324445066
2025-01-26 19:00:00,124.22,134.8122478936108,133.6753,136.51767646620473,-10.59224789361079
2025-01-26 20:00:00,117.55,120.16380650519136,121.26057,118.51866619583973,-2.613806505191363
2025-01-26 21:00:00,94.46,106.45710830659141,108.118004,103.96576118395897,-11.997108306591414
2025-01-26 22:00:00,45.61,92.91620271073037,92.18989,94.00567096139622,-47.306202710730375
2025-01-26 23:00:00,33.7,82.2306806139361,80.22083,85.24544276103654,-48.5306806139361
2025-01-27 00:00:00,46.38,80.38101669180503,81.17359,79.19214477211511,-34.00101669180503
2025-01-27 01:00:00,60.54,80.46678963705261,80.07261,81.05805494895475,-19.926789637052615
2025-01-27 02:00:00,59.22,71.5189061811761,71.19275,72.00813428838947,-12.298906181176108
2025-01-27 03:00:00,58.83,65.59492978166193,63.2291,69.14366982158649,-6.764929781661934
2025-01-27 04:00:00,60.67,76.0471236311832,73.40257,80.01394440815818,-15.377123631183196
2025-01-27 05:00:00,87.07,86.36917950538634,86.61277,86.00379173526758,0.7008204946136516
2025-01-27 06:00:00,120.62,116.49903889310602,116.33712,116.74190570444475,4.120961106893986
2025-01-27 07:00:00,123.49,131.4656891061268,126.37112,139.10754780804163,-7.975689106126808
2025-01-27 08:00:00,142.61,134.60580040944228,128.13562,144.3110555890354,8.004199590557732
2025-01-27 09:00:00,145.95,134.63901153034124,131.50916,139.33379210099957,11.310988469658753
2025-01-27 10:00:00,131.4,125.5557607990599,122.4604,130.1987968340755,5.844239200940109
2025-01-27 11:00:00,127.44,121.0876287445663,120.610985,121.80259084334934,6.352371255433695
2025-01-27 12:00:00,114.88,122.02750520598534,124.52508,118.28113865583248,-7.14750520598534
2025-01-27 13:00:00,122.16,123.72965588811435,126.40471,119.71707261213157,-1.5696558881143545
2025-01-27 14:00:00,127.66,121.97286308431478,119.62985,125.48736782431233,5.687136915685215
2025-01-27 15:00:00,127.75,126.01674132642964,118.849815,136.7671264483983,1.7332586735703615
2025-01-27 16:00:00,138.71,140.93525571860465,133.83417,151.58687281701947,-2.225255718604643
2025-01-27 17:00:00,151.39,156.4595691662197,150.16087,165.90760516652574,-5.069569166219708
2025-01-27 18:00:00,149.97,145.0685275617303,139.93596,152.76737298147418,4.901472438269707
2025-01-27 19:00:00,135.74,133.18726848493537,128.24821,140.5958491298189,2.552731515064636
2025-01-27 20:00:00,124.26,125.47901042302985,124.425514,127.05924709639298,-1.219010423029843
2025-01-27 21:00:00,123.84,117.15655683120289,119.39175,113.80377229651306,6.683443168797112
2025-01-27 22:00:00,117.16,99.12255948109566,100.54993,96.98149902927722,18.037440518904333
2025-01-27 23:00:00,92.52,87.69739215386755,88.627945,86.30155724318936,4.822607846132442
2025-01-28 00:00:00,94.15,83.74185739646056,83.95056,83.42879739129788,10.408142603539446
2025-01-28 01:00:00,94.76,88.48723196530182,89.36773,87.16648041069107,6.272768034698188
2025-01-28 02:00:00,93.33,78.22347000102054,73.25448,85.67694969127206,15.106529998979454
2025-01-28 03:00:00,91.82,71.43399295827072,66.34805,79.06289720585747,20.386007041729272
2025-01-28 04:00:00,93.48,76.61594143030806,73.91553,80.66655493075058,16.86405856969195
2025-01-28 05:00:00,108.91,101.48183249228984,100.97591,102.24071976527051,7.428167507710157
2025-01-28 06:00:00,123.02,133.9274376609883,132.28777,136.38693063928713,-10.907437660988293
2025-01-28 07:00:00,124.3,141.9321542965616,137.7806,148.15949111860127,-17.63215429656161
2025-01-28 08:00:00,128.66,153.65028390419312,155.28804,151.1936380746918,-24.99028390419312
2025-01-28 09:00:00,142.34,151.88739293139926,154.53761,147.91205151184778,-9.547392931399258
2025-01-28 10:00:00,141.07,144.83299693772074,146.17807,142.81537198297372,-3.762996937720743
2025-01-28 11:00:00,135.29,134.8084805361089,133.54276,136.70706102044807,0.48151946389108957
2025-01-28 12:00:00,135.94,130.44615106202903,128.13713,133.90968154911553,5.4938489379709665
2025-01-28 13:00:00,132.23,131.29756249330404,128.76881,135.09067747349445,0.9324375066959476
2025-01-28 14:00:00,131.38,133.07806217418113,130.7067,136.63510828579464,-1.698062174181132
2025-01-28 15:00:00,128.41,137.3110980254151,134.13098,142.0812652661745,-8.90109802541511
2025-01-28 16:00:00,140.29,150.41808382864085,145.88846,157.21250693488338,-10.128083828640854
2025-01-28 17:00:00,150.83,157.69282184605925,149.67068,169.72601976407387,-6.862821846059234
2025-01-28 18:00:00,144.89,158.0004457160383,152.88145,165.67892877373833,-13.110445716038328
2025-01-28 19:00:00,123.93,147.26689702512164,146.3241,148.6810822844838,-23.33689702512163
2025-01-28 20:00:00,128.16,129.82211026593063,127.53788,133.2484557490551,-1.662110265930636
2025-01-28 21:00:00,122.35,125.75436813371746,124.28249,127.96217994733075,-3.404368133717469
2025-01-28 22:00:00,109.21,114.99624916720191,111.31833,120.51312200247744,-5.786249167201916
2025-01-28 23:00:00,93.07,109.02196286038611,110.96148,106.11268455575045,-15.951962860386118
2025-01-29 00:00:00,90.39,103.44929335090072,104.41998,101.99325138262287,-13.059293350900717
2025-01-29 01:00:00,87.64,98.82341639805756,98.88742,98.72740429165268,-11.18341639805756
2025-01-29 02:00:00,80.38,78.43876334780107,72.9151,86.72425440832103,1.9412366521989242
2025-01-29 03:00:00,76.53,78.78295242510711,73.92478,86.07020645644451,-2.252952425107111
2025-01-29 04:00:00,78.67,75.37899726709963,69.460945,84.25607547365726,3.291002732900367
2025-01-29 05:00:00,89.61,98.34738095232197,95.42917,102.72469360700123,-8.73738095232197
2025-01-29 06:00:00,122.31,130.7240873100621,129.9668,131.86001914795798,-8.414087310062087
2025-01-29 07:00:00,125.65,139.47823810868857,135.52695,145.40517092479757,-13.828238108688566
2025-01-29 08:00:00,127.22,150.12119487997992,146.73143,155.20582686059433,-22.901194879979926
2025-01-29 09:00:00,128.81,145.13865095130436,140.41107,152.23001971224528,-16.328650951304354
2025-01-29 10:00:00,121.98,137.6674366154571,136.34964,139.64413169977553,-15.687436615457088
2025-01-29 11:00:00,118.67,133.77175019674064,134.07788,133.31254657339457,-15.101750196740639
2025-01-29 12:00:00,123.22,137.94799295121538,141.31148,132.902762071642,-14.727992951215384
2025-01-29 13:00:00,124.9,133.03557207333677,134.16887,131.33561139672082,-8.13557207333676
2025-01-29 14:00:00,121.97,132.1301936368426,128.98257,136.85161095367877,-10.160193636842592
2025-01-29 15:00:00,126.48,139.87853377139032,133.48563,149.46789128272388,-13.39853377139032
2025-01-29 16:00:00,144.69,166.94551773018296,145.87616,198.54955482350425,-22.25551773018296
2025-01-29 17:00:00,154.9,189.34405911426919,157.79326,236.6702559704874,-34.44405911426918
2025-01-29 18:00:00,153.25,176.25774144166257,152.73817,211.53708813174433,-23.007741441662574
2025-01-29 19:00:00,140.36,144.84396131461574,136.4986,157.36199755533818,-4.483961314615726
2025-01-29 20:00:00,124.56,138.30187890685633,138.96396,137.30874771269748,-13.741878906856329
2025-01-29 21:00:00,125.53,130.2084266061768,131.67714,128.0053499627076,-4.678426606176799
2025-01-29 22:00:00,107.92,118.60680457337858,115.29496,123.57456377109294,-10.68680457337858
2025-01-29 23:00:00,116.42,115.03166878965415,113.705894,117.0203188247213,1.3883312103458536
2025-01-30 00:00:00,114.57,117.85054673123804,120.1514,114.39925882638609,-3.280546731238047
2025-01-30 01:00:00,110.52,117.94279427871177,123.30637,109.89742148779506,-7.422794278711777
2025-01-30 02:00:00,109.9,104.34627592132802,105.00096,103.36424021835909,5.553724078671991
2025-01-30 03:00:00,107.68,99.84319115214387,99.65696,100.12253285777669,7.836808847856133
2025-01-30 04:00:00,109.16,104.45311834917746,105.21034,103.31727272536062,4.706881650822538
2025-01-30 05:00:00,123.92,118.32460678530981,120.208435,115.49886437538387,5.595393214690191
2025-01-30 06:00:00,136.15,138.47618096923944,140.00374,136.1848448181181,-2.326180969239431
2025-01-30 07:00:00,151.91,153.35027116805693,155.64023,149.91532788352123,-1.4402711680569382
2025-01-30 08:00:00,153.51,153.83002436240662,152.7277,155.48349291285248,-0.32002436240662746
2025-01-30 09:00:00,146.08,143.37915951599467,143.32675,143.45775978241835,2.70084048400534
2025-01-30 10:00:00,132.62,130.76308102687625,131.57336,129.54764473638005,1.8569189731237543
2025-01-30 11:00:00,121.57,120.93801210725954,120.46276,121.65088888020938,0.6319878927404545
2025-01-30 12:00:00,119.37,118.22936882055643,117.80532,118.86542949768013,1.1406311794435737
2025-01-30 13:00:00,125.44,116.02781262668194,113.93369,119.1689769097224,9.412187373318062
2025-01-30 14:00:00,134.52,124.18340434176108,124.31326,123.98861263052572,10.336595658238934
2025-01-30 15:00:00,151.28,133.94984690612586,131.92924,136.9807497726389,17.330153093874145
2025-01-30 16:00:00,175.18,164.14871548938657,160.36285,169.82748864412073,11.031284510613432
2025-01-30 17:00:00,190.33,206.03179295709674,210.43611,199.42529995865985,-15.701792957096728
2025-01-30 18:00:00,186.89,202.56757715377003,208.69942,193.36979813955202,-15.677577153770045
2025-01-30 19:00:00,165.35,169.59664846164617,167.49503,172.7490788872697,-4.246648461646174
2025-01-30 20:00:00,143.82,152.53829829740494,154.5712,149.48894184946937,-8.718298297404942
2025-01-30 21:00:00,134.92,135.26451738796075,135.95883,134.22303815984327,-0.3445173879607637
2025-01-30 22:00:00,122.73,124.56043981439903,122.72958,127.30670866685695,-1.8304398143990284
2025-01-30 23:00:00,124.71,133.12169447771163,134.74454,130.68742253461113,-8.411694477711634
2025-01-31 00:00:00,120.12,131.03267122725924,132.23625,129.22730032156605,-10.912671227259239
2025-01-31 01:00:00,119.29,126.36586785595398,127.44842,124.74203170043184,-7.075867855953973
2025-01-31 02:00:00,117.48,121.2528238318148,121.163704,121.38649225775961,-3.77282383181479
2025-01-31 03:00:00,116.01,120.65170746294339,121.18451,119.85249711194831,-4.641707462943387
2025-01-31 04:00:00,117.32,122.54361114156588,122.59088,122.47269057364124,-5.223611141565883
2025-01-31 05:00:00,130.19,131.8449971714138,131.65862,132.1245664453802,-1.654997171413811
2025-01-31 06:00:00,144.14,146.65680085823487,148.02054,144.61119083577276,-2.5168008582348875
2025-01-31 07:00:00,160.51,160.99353175044,159.53761,163.17739855944967,-0.4835317504400223
2025-01-31 08:00:00,157.38,172.35402332311713,168.28415,178.45881547942372,-14.974023323117137
2025-01-31 09:00:00,149.49,173.27276158877365,165.62614,184.74266828467825,-23.78276158877364
2025-01-31 10:00:00,143.14,168.51953779410513,161.31296,179.32939258096593,-25.379537794105147
2025-01-31 11:00:00,140.26,191.2703674475169,205.07475,170.56378559266912,-51.0103674475169
2025-01-31 12:00:00,144.31,187.04219873300286,199.5198,168.3257688967161,-42.73219873300286
2025-01-31 13:00:00,148.29,190.00292009011855,204.8761,167.69313320259127,-41.71292009011856
2025-01-31 14:00:00,152.44,172.94485384580355,174.78677,170.18195883325882,-20.504853845803552
2025-01-31 15:00:00,159.72,173.07431963409223,170.95665,176.2508053413341,-13.354319634092235
2025-01-31 16:00:00,187.87,198.7783317831237,197.72186,200.36301619486977,-10.908331783123685
2025-01-31 17:00:00,214.08,229.76246133057236,234.74832,222.2836557678372,-15.682461330572352
2025-01-31 18:00:00,198.55,221.42747240065876,223.5004,218.31805539129527,-22.877472400658746
2025-01-31 19:00:00,156.64,190.9891883978961,190.01714,192.4472599351699,-34.349188397896114
2025-01-31 20:00:00,140.22,154.89303763791244,150.47398,161.5216108184139,-14.673037637912444
2025-01-31 21:00:00,139.92,136.62112637143747,136.76424,136.40644599451167,3.298873628562518
2025-01-31 22:00:00,133.48,128.63961295148403,132.24066,123.2380361323722,4.840387048515964
2025-01-31 23:00:00,141.96,123.74917964769861,124.28167,122.95042943540864,18.210820352301397
2025-02-01 00:00:00,142.74,123.1763144708523,122.366425,124.39113407752136,19.563685529147705
2025-02-01 01:00:00,141.17,121.1866757452151,119.67426,123.45529486230532,19.98332425478489
2025-02-01 02:00:00,129.27,117.67615425375676,116.00404,120.1843050069505,11.593845746243247
2025-02-01 03:00:00,124.14,116.62376616705748,116.25069,117.18338544938197,7.516233832942518
2025-02-01 04:00:00,120.0,115.88057339675883,116.137,115.4959204914088,4.119426603241166
2025-02-01 05:00:00,122.52,119.4603376310638,120.54448,117.83411739308919,3.059662368936202
2025-02-01 06:00:00,135.51,127.39790585196555,129.98705,123.51418143899589,8.112094148034444
2025-02-01 07:00:00,142.73,131.17218113186868,131.23633,131.07595682747444,11.557818868131307
2025-02-01 08:00:00,145.7,134.22261403670868,132.6581,136.56937536276777,11.477385963291312
2025-02-01 09:00:00,136.14,138.4896695354796,137.05289,140.64483576496855,-2.34966953547962
2025-02-01 10:00:00,128.54,137.44762031037635,136.02582,139.58031633990572,-8.907620310376359
2025-02-01 11:00:00,125.07,134.5588227749611,132.98227,136.9236377479496,-9.488822774961108
2025-02-01 12:00:00,122.07,134.37924485445305,134.64914,133.97438777089826,-12.309244854453055
2025-02-01 13:00:00,123.03,133.15628866888784,134.01212,131.8725408250516,-10.126288668887838
2025-02-01 14:00:00,124.39,132.96653890267612,134.11163,131.24889730551845,-8.57653890267612
2025-02-01 15:00:00,137.25,137.02598841986563,138.38681,134.98474796616796,0.2240115801343734
2025-02-01 16:00:00,151.25,151.7307150007594,155.28925,146.3929038349063,-0.4807150007594032
2025-02-01 17:00:00,166.19,173.24326080788802,181.30153,161.1558471796322,-7.053260807888023
2025-02-01 18:00:00,160.36,162.2495581116994,165.02812,158.08170472749066,-1.8895581116993867
2025-02-01 19:00:00,144.23,145.0503309404901,146.00655,143.61600832046355,-0.8203309404901233
2025-02-01 20:00:00,132.87,132.13993227917877,132.22972,132.00523764985118,0.7300677208212392
2025-02-01 21:00:00,132.67,130.22355075229538,132.94308,126.14424217614861,2.4464492477046065
2025-02-01 22:00:00,119.5,124.22273249940204,126.46162,120.86439121554609,-4.722732499402042
2025-02-01 23:00:00,128.68,126.55311580799439,130.14711,121.16210928316956,2.126884192005619
2025-02-02 00:00:00,126.5,134.79883711611186,141.57649,124.63234288183234,-8.298837116111855
2025-02-02 01:00:00,123.83,128.59814852060168,132.1454,123.27725454125033,-4.7681485206016845
2025-02-02 02:00:00,118.12,119.3480526335862,119.95289,118.4407988508112,-1.228052633586202
2025-02-02 03:00:00,116.46,112.24681350139936,111.28515,113.68929556380112,4.213186498600635
2025-02-02 04:00:00,117.02,107.21319759925589,107.450096,106.85783835849129,9.806802400744104
2025-02-02 05:00:00,119.03,107.63607851486057,108.08253,106.96640173148738,11.39392148513943
2025-02-02 06:00:00,130.82,118.56577401766425,120.37889,115.84608329855516,12.25422598233574
2025-02-02 07:00:00,130.92,121.48189553649189,121.00212,122.20155738371018,9.438104463508097
2025-02-02 08:00:00,128.46,129.24749531503537,127.75766,131.4822331606353,-0.7874953150353576
2025-02-02 09:00:00,126.89,131.6434347979131,129.09619,135.4642922560132,-4.753434797913101
2025-02-02 10:00:00,134.95,131.48764371491401,128.85204,135.44104455950185,3.462356285085974
2025-02-02 11:00:00,135.66,130.77902860599895,130.18115,131.67583155528058,4.880971394001051
2025-02-02 12:00:00,137.74,130.20445475884796,130.9033,129.1561755018562,7.53554524115205
2025-02-02 13:00:00,139.6,132.22303129441855,132.4017,131.95501628536275,7.376968705581447
2025-02-02 14:00:00,132.37,134.03831951417737,131.03477,138.5436366150333,-1.6683195141773695
2025-02-02 15:00:00,146.3,145.83818403955092,143.33461,149.59353367675817,0.461815960449087
2025-02-02 16:00:00,163.27,170.9447368375316,169.24724,173.49097341096763,-7.674736837531583
2025-02-02 17:00:00,182.18,197.37308634664043,196.11111,199.2660364842768,-15.193086346640428
2025-02-02 18:00:00,177.76,185.51490300975516,183.55658,188.452384324925,-7.754903009755168
2025-02-02 19:00:00,164.17,163.91408403810817,162.42493,166.1478008850653,0.25591596189181587
2025-02-02 20:00:00,145.75,146.04634935596124,143.87268,149.30685239380932,-0.29634935596124024
2025-02-02 21:00:00,143.0,138.0945947673008,136.88745,139.90529490165042,4.905405232699195
2025-02-02 22:00:00,133.19,125.09072254691557,119.68544,133.1986462720741,8.099277453084426
2025-02-02 23:00:00,130.24,132.6158678559269,133.33888,131.53133452629186,-2.3758678559268844
2025-02-03 00:00:00,129.09,131.7626971439064,131.7057,131.84818725673864,-2.6726971439063902
2025-02-03 01:00:00,126.18,129.8878368039634,130.28543,129.29143038881477,-3.707836803963403
2025-02-03 02:00:00,121.16,120.39290564071177,118.23996,123.62232071188684,0.7670943592882224
2025-02-03 03:00:00,120.32,115.80986629793131,113.36928,119.47074499897863,4.510133702068686
2025-02-03 04:00:00,126.47,119.53699451714438,117.11049,123.17674532606407,6.93300548285562
2025-02-03 05:00:00,139.34,133.471203676035,133.16185,133.9352342267086,5.868796323965
2025-02-03 06:00:00,143.86,147.55401786043947,144.705,151.82753046042484,-3.694017860439459
2025-02-03 07:00:00,195.08,153.59202510004317,150.91711,157.6043875486919,41.48797489995684
2025-02-03 08:00:00,192.41,165.22721539873066,166.00766,164.05654099926807,27.182784601269333
2025-02-03 09:00:00,156.15,165.52336201442154,166.92253,163.42458927067295,-9.37336201442153
2025-02-03 10:00:00,138.5,156.788717809498,158.10419,154.81549874737783,-18.288717809497996
2025-02-03 11:00:00,124.96,143.35596233773987,142.45264,144.71093550743558,-18.395962337739874
2025-02-03 12:00:00,126.18,139.04272588181902,139.83713,137.85110791743818,-12.862725881819017
2025-02-03 13:00:00,119.63,133.97337078927117,134.96701,132.4829035967131,-14.343370789271177
2025-02-03 14:00:00,123.13,132.54072678265308,134.1405,130.14105111800967,-9.410726782653086
2025-02-03 15:00:00,141.23,137.3494021807507,137.75984,136.73373875876155,3.8805978192492887
2025-02-03 16:00:00,165.62,154.6005344146767,156.00392,152.4954461441136,11.019465585323303
2025-02-03 17:00:00,179.73,167.41481752091093,165.72629,169.94760441018747,12.31518247908906
2025-02-03 18:00:00,170.76,165.97875314661263,166.0701,165.84171547761557,4.781246853387358
2025-02-03 19:00:00,150.02,154.66048747185957,155.48769,153.41967418502,-4.640487471859558
2025-02-03 20:00:00,134.89,137.27252474320588,135.6776,139.66490484507523,-2.3825247432058916
2025-02-03 21:00:00,137.81,134.67172420846978,137.2876,130.74791403679944,3.1382757915302193
2025-02-03 22:00:00,124.98,124.85483528893056,126.47535,122.42404882413304,0.12516471106944493
2025-02-03 23:00:00,120.23,118.87261009855038,122.04538,114.1134405295791,1.357389901449622
2025-02-04 00:00:00,118.55,115.48568265805869,120.50948,107.94997019495143,3.0643173419413046
2025-02-04 01:00:00,118.78,111.30253208436542,115.47529,105.04338236545458,7.477467915634577
2025-02-04 02:00:00,113.66,98.71577358918512,105.48499,88.56194259417859,14.944226410814878
2025-02-04 03:00:00,112.3,89.78903252053885,94.75771,82.3360075098432,22.510967479461144
2025-02-04 04:00:00,106.22,91.17599067953117,95.73431,84.33851147360818,15.044009320468831
2025-02-04 05:00:00,115.2,103.41198841181227,108.19832,96.23249330736272,11.788011588187729
2025-02-04 06:00:00,131.48,131.24451558365087,135.07639,125.49669545326776,0.23548441634912365
2025-02-04 07:00:00,155.8,148.64341787752997,147.64441,150.1419271095964,7.156582122470041
2025-02-04 08:00:00,158.26,154.94465119423904,156.67177,152.35396044409373,3.315348805760948
2025-02-04 09:00:00,139.9,147.0783641650988,147.42162,146.5634793824736,-7.178364165098799
2025-02-04 10:00:00,121.04,140.28968296777458,140.08846,140.5915131750517,-19.249682967774575
2025-02-04 11:00:00,119.64,131.96267103956882,129.07094,136.3002628040002,-12.322671039568817
2025-02-04 12:00:00,117.78,129.74917044579533,126.7164,134.2983106359727,-11.969170445795328
2025-02-04 13:00:00,120.44,128.96153128971307,126.439354,132.7447858658842,-8.521531289713067
2025-02-04 14:00:00,124.09,131.8405014392116,128.97684,136.13598260193524,-7.750501439211604
2025-02-04 15:00:00,128.95,131.29622559485458,125.27938,140.32148134553486,-2.3462255948545874
2025-02-04 16:00:00,144.69,148.23144449863324,143.84698,154.80811869287214,-3.54144449863324
2025-02-04 17:00:00,168.69,170.78725123532513,173.85905,166.1795347960765,-2.097251235325132
2025-02-04 18:00:00,166.81,165.02771495811155,164.82123,165.33744153956596,1.782285041888457
2025-02-04 19:00:00,146.27,149.81704534962066,146.96196,154.0996698010536,-3.547045349620646
2025-02-04 20:00:00,133.71,132.21615792625192,126.27046,141.13468650264156,1.493842073748084
2025-02-04 21:00:00,131.16,126.82823441864403,125.623344,128.63556559983272,4.331765581355967
2025-02-04 22:00:00,123.88,108.2389442187237,106.57235,110.73882859490493,15.641055781276293
2025-02-04 23:00:00,116.93,95.3365334734529,94.72933,96.24733191361273,21.593466526547104
2025-02-05 00:00:00,112.84,100.00606979235641,101.63496,97.56273421905018,12.83393020764359
2025-02-05 01:00:00,108.83,102.81896861926272,104.85119,99.77062902191167,6.011031380737279
2025-02-05 02:00:00,107.24,94.91185752417465,93.75792,96.64276102845417,12.328142475825345
2025-02-05 03:00:00,108.77,96.84574954382771,94.47705,100.39879005829974,11.924250456172288
2025-02-05 04:00:00,113.54,99.33192171280919,97.544044,102.01373372538237,14.208078287190816
2025-02-05 05:00:00,131.26,119.32686733642336,116.519066,123.53855429686894,11.933132663576629
2025-02-05 06:00:00,147.79,144.3542935406304,140.03659,150.8308403579237,3.435706459369584
2025-02-05 07:00:00,174.74,161.9655974620021,163.32108,159.93236142233928,12.7744025379979
2025-02-05 08:00:00,161.31,159.84128260892584,157.90059,162.75231540903332,1.4687173910741649
2025-02-05 09:00:00,147.21,151.27980759225392,150.15575,152.96588784660162,-4.069807592253909
2025-02-05 10:00:00,132.86,141.29180756335424,141.28473,141.30241014373718,-8.431807563354226
2025-02-05 11:00:00,125.8,135.27743902972844,134.99113,135.7068917942918,-9.477439029728444
2025-02-05 12:00:00,122.59,137.38686221512918,138.39565,135.87367638132883,-14.796862215129181
2025-02-05 13:00:00,127.84,139.1862192311209,139.74951,138.34127668497996,-11.346219231120898
2025-02-05 14:00:00,140.43,144.26577018543205,143.03801,146.10740718355083,-3.8357701854320396
2025-02-05 15:00:00,147.24,150.78617081375376,143.85257,161.18656122017543,-3.546170813753747
2025-02-05 16:00:00,167.57,174.35250651072386,165.51387,187.61044947383107,-6.782506510723863
2025-02-05 17:00:00,192.84,211.21830251967418,210.34888,212.52243705480072,-18.37830251967418
2025-02-05 18:00:00,192.2,206.58276467927527,203.84938,210.68283332904755,-14.382764679275283
2025-02-05 19:00:00,170.29,203.87044523405103,211.87138,191.8690299552448,-33.58044523405104
2025-02-05 20:00:00,155.78,164.46793867025562,161.34229,169.1564113118695,-8.687938670255619
2025-02-05 21:00:00,144.64,148.25080973010938,147.68681,149.0967966641406,-3.610809730109395
2025-02-05 22:00:00,134.61,140.49817576139748,142.56482,137.39820277019294,-5.888175761397463
2025-02-05 23:00:00,135.84,132.7237157402265,130.71242,135.74065913206044,3.1162842597734937
2025-02-06 00:00:00,134.24,134.8095173625975,135.86879,133.22059745312458,-0.5695173625974803
2025-02-06 01:00:00,130.34,131.93015576997516,133.30792,129.86349825062146,-1.590155769975155
2025-02-06 02:00:00,126.95,126.4849093884136,125.95852,127.27449499813358,0.46509061158640463
2025-02-06 03:00:00,125.52,125.68886367305029,125.434715,126.07007483203978,-0.16886367305029637
2025-02-06 04:00:00,122.62,127.26758989423891,126.49016,128.43373379931796,-4.647589894238905
2025-02-06 05:00:00,139.84,140.7060909186467,141.34033,139.75472924974179,-0.8660909186467052
2025-02-06 06:00:00,165.14,161.52119725530366,163.43689,158.6476395921166,3.6188027446963247
2025-02-06 07:00:00,196.61,187.47858899117085,189.7587,184.05841095448963,9.131411008829161
2025-02-06 08:00:00,178.09,190.41213232037427,186.91638,195.65574660293765,-12.322132320374266
2025-02-06 09:00:00,160.0,172.32969695255488,169.96358,175.87886884623094,-12.329696952554883
2025-02-06 10:00:00,139.5,150.90594884627671,150.63904,151.30631498678554,-11.405948846276715
2025-02-06 11:00:00,127.68,137.48739162923624,137.08136,138.09643546347144,-9.807391629236236
2025-02-06 12:00:00,124.54,131.66987980975335,131.74715,131.55396435592633,-7.129879809753348
2025-02-06 13:00:00,124.98,131.55843475395517,134.14735,127.67504043713402,-6.578434753955165
2025-02-06 14:00:00,131.47,134.48013641160435,136.66083,131.20909575923548,-3.01013641160435
2025-02-06 15:00:00,142.66,150.3884254399037,153.32689,145.9807147838413,-7.7284254399037025
2025-02-06 16:00:00,161.0,168.5422089323132,168.95294,167.9260904154998,-7.542208932313201
2025-02-06 17:00:00,172.96,192.87334271149757,197.68788,185.65152694475952,-19.913342711497563
2025-02-06 18:00:00,165.46,184.53551879690394,187.1716,180.58138885017001,-19.075518796903935
2025-02-06 19:00:00,151.17,163.2212233539189,164.40742,161.44190192117424,-12.051223353918914
2025-02-06 20:00:00,139.9,143.00399897018383,143.68892,141.97660738029353,-3.1039989701838238
2025-02-06 21:00:00,137.47,134.3801421730181,137.13048,130.25463094524054,3.0898578269818984
2025-02-06 22:00:00,126.58,128.1314270464601,129.49702,126.08301936785924,-1.5514270464600912
2025-02-06 23:00:00,131.22,131.75774830384202,136.0705,125.28861209261284,-0.5377483038420223
2025-02-07 00:00:00,128.05,129.29243791306538,132.57036,124.37554210932365,-1.2424379130653733
2025-02-07 01:00:00,125.67,126.51988888188149,129.24512,122.4320387940592,-0.8498888818814834
2025-02-07 02:00:00,118.38,121.57031323240724,123.12598,119.23681442257084,-3.1903132324072487
2025-02-07 03:00:00,117.96,121.36234574935952,123.5536,118.07545436973666,-3.402345749359526
2025-02-07 04:00:00,115.81,120.99104691370243,124.11274,116.30850793977363,-5.181046913702431
2025-02-07 05:00:00,126.41,135.54056006434158,140.10939,128.68731095797307,-9.13056006434158
2025-02-07 06:00:00,141.56,150.53675242312391,152.10236,148.18834712226288,-8.976752423123912
2025-02-07 07:00:00,161.98,159.7299381218545,158.5769,161.4594736005347,2.2500618781454875
2025-02-07 08:00:00,154.32,162.54539014148287,163.24348,161.49822953461532,-8.225390141482876
2025-02-07 09:00:00,146.15,155.147270191674,154.16414,156.621952029478,-8.997270191674005
2025-02-07 10:00:00,139.11,142.8227596020485,139.72394,147.47098439330483,-3.712759602048493
2025-02-07 11:00:00,130.83,135.80962302977488,131.6941,141.98289699094113,-4.979623029774871
2025-02-07 12:00:00,128.54,135.82023546180002,134.25417,138.16932492158992,-7.280235461800032
2025-02-07 13:00:00,125.74,133.16902289659862,132.32529,134.43462694364501,-7.4290228965986245
2025-02-07 14:00:00,124.32,133.38099731012923,132.81844,134.22483595720783,-9.060997310129238
2025-02-07 15:00:00,132.56,138.7035252203553,137.2481,140.88665881504835,-6.143525220355286
2025-02-07 16:00:00,145.4,153.7271273103484,154.69424,152.27644025463078,-8.327127310348402
2025-02-07 17:00:00,159.87,167.26308551199605,168.51746,165.38151062447258,-7.393085511996048
2025-02-07 18:00:00,157.88,161.35689741240276,160.87982,162.07249179150494,-3.4768974124027636
2025-02-07 19:00:00,150.98,151.0256720953284,150.79436,151.37264047391668,-0.04567209532839911
2025-02-07 20:00:00,140.26,138.00815985555093,137.84132,138.25841004537148,2.251840144449062
2025-02-07 21:00:00,134.58,132.36292960010218,136.75015,125.78208748902495,2.2170703998978354
2025-02-07 22:00:00,115.44,119.52717452864172,122.39502,115.2254070247293,-4.087174528641725
2025-02-07 23:00:00,123.09,120.95082878477803,128.42676,109.73691998440601,2.139171215221978
2025-02-08 00:00:00,124.21,126.59924056801485,132.28267,118.0740863748711,-2.3892405680148556
2025-02-08 01:00:00,121.94,123.02236087701317,125.47331,119.34592981094113,-1.0823608770131727
2025-02-08 02:00:00,115.34,115.78992429395683,116.56817,114.62255395998974,-0.4499242939568262
2025-02-08 03:00:00,111.68,115.9301697981641,116.75553,114.69211989946298,-4.2501697981640945
2025-02-08 04:00:00,109.33,113.75082074340585,114.670006,112.3720279022158,-4.420820743405855
2025-02-08 05:00:00,113.95,120.63067177390135,121.39871,119.47859593865965,-6.680671773901352
2025-02-08 06:00:00,131.85,138.49617172937977,140.47455,135.52860681368378,-6.646171729379773
2025-02-08 07:00:00,131.06,150.29517347014325,151.28514,148.8102145591472,-19.235173470143252
2025-02-08 08:00:00,133.24,155.89577462484436,156.79167,154.55192511801908,-22.655774624844355
2025-02-08 09:00:00,140.87,155.2034019891022,153.67583,157.49476061850743,-14.333401989102185
2025-02-08 10:00:00,147.99,156.8069572510267,155.69049,158.48164559949055,-8.816957251026679
2025-02-08 11:00:00,153.29,157.0615231748996,156.58817,157.77154856835256,-3.771523174899613
2025-02-08 12:00:00,157.55,161.12615993435497,162.00302,159.8108489020495,-3.576159934354962
2025-02-08 13:00:00,150.77,162.5879353550379,163.69041,160.934197671042,-11.81793535503789
2025-02-08 14:00:00,139.71,164.13357893341862,165.68837,161.80138507768717,-24.42357893341861
2025-02-08 15:00:00,146.81,160.80430930065535,153.68141,171.4886556368923,-13.994309300655345
2025-02-08 16:00:00,160.86,169.2381784868828,160.03635,183.04091511979485,-8.378178486882774
2025-02-08 17:00:00,180.02,195.7642258605992,196.6873,194.37960838318745,-15.744225860599187
2025-02-08 18:00:00,176.14,192.2362163866112,194.2577,189.20397480441866,-16.096216386611218
2025-02-08 19:00:00,163.83,166.48570080899376,162.21982,172.88451722023828,-2.6557008089937426
2025-02-08 20:00:00,150.7,152.64592381944635,151.14804,154.89274076199476,-1.9459238194463637
2025-02-08 21:00:00,149.6,142.11643462383984,141.07782,143.6743415644824,7.483565376160158
2025-02-08 22:00:00,143.47,135.0437978186085,133.29576,137.66583762513457,8.426202181391488
2025-02-08 23:00:00,145.02,135.10483749755647,132.58305,138.88750573119586,9.915162502443536
2025-02-09 00:00:00,144.83,134.69650265725372,133.0695,137.13699333747024,10.133497342746296
2025-02-09 01:00:00,137.98,131.25380561132778,129.37434,134.0729867761222,6.726194388672212
2025-02-09 02:00:00,130.35,125.95417460673036,123.7921,129.19728420359345,4.395825393269632
2025-02-09 03:00:00,126.52,124.3234688801457,124.57741,123.94256044499316,2.196531119854299
2025-02-09 04:00:00,127.23,120.96784441648074,121.82934,119.67560393060614,6.2621555835192595
2025-02-09 05:00:00,125.55,119.02196808319873,118.76127,119.41300202562377,6.528031916801268
2025-02-09 06:00:00,138.45,130.4978302813939,133.76138,125.60248585973476,7.952169718606086
2025-02-09 07:00:00,145.11,131.38661962230674,133.0253,128.92858518857938,13.723380377693275
2025-02-09 08:00:00,136.17,132.94812239993234,131.13686,135.6650218811785,3.221877600067643
2025-02-09 09:00:00,136.08,137.8165651957376,136.01169,140.5238691966194,-1.7365651957375974
2025-02-09 10:00:00,134.03,138.38717277331236,135.94508,142.05029506194302,-4.357172773312357
2025-02-09 11:00:00,138.77,137.79449767598175,135.20636,141.6767005803352,0.9755023240182652
2025-02-09 12:00:00,138.17,141.13648509065337,140.44962,142.16677425007094,-2.9664850906533786
2025-02-09 13:00:00,135.99,141.31861814947035,141.59258,140.90766750502354,-5.328618149470344
2025-02-09 14:00:00,137.44,137.1699885567087,135.4896,139.69056587419357,0.27001144329130966
2025-02-09 15:00:00,146.27,145.52827780347408,143.80717,148.10992104066764,0.7417221965259273
2025-02-09 16:00:00,156.59,161.32004105893103,163.62076,157.8689464888803,-4.730041058931022
2025-02-09 17:00:00,170.91,176.52815075193195,180.27216,170.91212797846265,-5.61815075193195
2025-02-09 18:00:00,170.07,169.5007339620433,170.5976,167.85543826814538,0.5692660379566803
2025-02-09 19:00:00,158.41,155.70186225358614,155.81248,155.53591707805714,2.708137746413854
2025-02-09 20:00:00,141.54,140.69082873157473,139.83757,141.97071654329227,0.8491712684252661
2025-02-09 21:00:00,135.11,139.59957852133076,144.005,132.99142753501633,-4.489578521330742
2025-02-09 22:00:00,128.8,133.4428787783655,139.42026,124.4767953345856,-4.6428787783654855
2025-02-09 23:00:00,133.36,133.35025045427182,142.01578,120.35194449505451,0.009749545728197972
2025-02-10 00:00:00,128.06,132.09345756543473,143.72192,114.65075817139933,-4.03345756543473
2025-02-10 01:00:00,123.62,122.09035233618282,129.50429,110.96944163147266,1.5296476638171868
2025-02-10 02:00:00,117.75,112.94423905078217,117.77866,105.69260217407457,4.805760949217827
2025-02-10 03:00:00,115.81,108.478298661276,111.586525,103.81594776402984,7.331701338724002
2025-02-10 04:00:00,116.59,108.7755631119982,113.407005,101.82839600021032,7.814436888001808
2025-02-10 05:00:00,135.5,121.31795389918187,125.53677,114.98971659609921,14.182046100818127
2025-02-10 06:00:00,153.72,152.02543393283935,155.13634,147.3590789116882,1.6945660671606504
2025-02-10 07:00:00,168.91,162.11461982456996,159.71251,165.7177820138175,6.79538017543004
2025-02-10 08:00:00,159.91,167.0452481378282,164.78407,170.4370072159084,-7.135248137828199
2025-02-10 09:00:00,151.91,167.09066976696604,164.38896,171.1432126559405,-15.180669766966048
2025-02-10 10:00:00,142.17,162.1738249572819,159.44167,166.27206010438636,-20.00382495728192
2025-02-10 11:00:00,135.88,161.50728333589882,160.83925,162.5093200951181,-25.627283335898824
2025-02-10 12:00:00,131.25,158.74292800308137,157.00513,161.3496219486214,-27.492928003081374
2025-02-10 13:00:00,130.75,151.4691320714212,148.57953,155.80352933626787,-20.7191320714212
2025-02-10 14:00:00,133.04,151.11362028479715,149.27689,153.86872173250072,-18.07362028479716
2025-02-10 15:00:00,141.75,155.51111344452374,152.99153,159.29047892380936,-13.761113444523744
2025-02-10 16:00:00,154.55,165.32041337958321,161.34087,171.28971524217087,-10.770413379583204
2025-02-10 17:00:00,167.35,175.4844036794833,169.98058,183.74013441233132,-8.134403679483313
2025-02-10 18:00:00,169.7,171.45609297222057,166.25859,179.2523387537936,-1.7560929722205856
2025-02-10 19:00:00,161.48,166.10197171107134,163.24338,170.3898551199635,-4.621971711071353
2025-02-10 20:00:00,145.11,149.1875865313146,143.73193,157.37105067887245,-4.07758653131458
2025-02-10 21:00:00,144.4,142.77302661177222,138.82059,148.70167053333682,1.626973388227782
2025-02-10 22:00:00,131.52,138.23640219088824,135.66003,142.10093894890028,-6.716402190888232
2025-02-10 23:00:00,132.52,138.25388922203527,140.86699,134.33423553677764,-5.733889222035259
2025-02-11 00:00:00,129.64,138.7802985222615,142.55078,133.1245668012592,-9.140298522261503
2025-02-11 01:00:00,126.48,134.59483562030323,137.96677,129.53693951462523,-8.114835620303225
2025-02-11 02:00:00,122.73,124.65101820568503,124.18185,125.3547717715368,-1.92101820568503
2025-02-11 03:00:00,123.51,124.3104381553261,124.988365,123.29354762830545,-0.8004381553260913
2025-02-11 04:00:00,126.81,127.50755831265386,129.05139,125.19179693519906,-0.6975583126538538
2025-02-11 05:00:00,141.75,146.91516599231636,151.37823,140.22055887117176,-5.165165992316361
2025-02-11 06:00:00,153.75,159.33170001867947,161.1231,156.64460344025338,-5.58170001867947
2025-02-11 07:00:00,155.33,173.75487346646972,176.09286,170.24787473673092,-18.424873466469705
2025-02-11 08:00:00,162.83,175.4788080123069,175.16557,175.94864509180238,-12.648808012306887
2025-02-11 09:00:00,165.35,172.7702038679838,167.85445,180.14383623856298,-7.420203867983815
2025-02-11 10:00:00,157.93,166.55017951673386,160.81134,175.15842684969596,-8.620179516733856
2025-02-11 11:00:00,154.33,163.83983012205883,157.75435,172.96804835812557,-9.509830122058816
2025-02-11 12:00:00,149.3,160.64306395729062,154.68153,169.58535535831447,-11.34306395729061
2025-02-11 13:00:00,145.84,172.45769297244902,173.7027,170.59016672677683,-26.61769297244902
2025-02-11 14:00:00,147.53,162.55169479733678,155.99728,172.38330346062708,-15.021694797336778
2025-02-11 15:00:00,154.7,170.55363118796527,165.51816,178.10683340204204,-15.853631187965277
2025-02-11 16:00:00,166.23,178.47130636998114,172.03424,188.1268895821794,-12.241306369981146
2025-02-11 17:00:00,181.55,190.82963000114609,185.96921,198.1202557279629,-9.279630001146074
2025-02-11 18:00:00,182.67,179.04659031001432,172.05077,189.54032297352217,3.623409689985664
2025-02-11 19:00:00,167.38,168.30285793560574,163.46362,175.56169882461,-0.922857935605748
2025-02-11 20:00:00,154.73,151.68985092145743,148.42993,156.5797260280088,3.040149078542555
2025-02-11 21:00:00,142.43,145.22368597562757,145.00333,145.55421768565097,-2.793685975627568
2025-02-11 22:00:00,133.6,139.23508964206903,137.00499,142.58023585444016,-5.635089642069033
2025-02-11 23:00:00,131.95,144.26876261411314,146.09885,141.52363306726525,-12.318762614113155
2025-02-12 00:00:00,130.5,138.8400123961498,141.67043,134.5943852384214,-8.340012396149802
2025-02-12 01:00:00,128.63,137.3767563851341,141.87202,130.633854158636,-8.746756385134091
2025-02-12 02:00:00,129.23,127.98441096284536,128.72015,126.8807928795255,1.2455890371546303
2025-02-12 03:00:00,127.74,126.63327651200547,127.60121,125.1813663288418,1.106723487994529
2025-02-12 04:00:00,131.22,129.18899187820014,130.63176,127.02483260077379,2.0310081217998572
2025-02-12 05:00:00,145.95,142.1029547911504,144.6905,138.22161656161626,3.847045208849579
2025-02-12 06:00:00,155.06,149.0658280692963,145.57251,154.30580552480325,5.994171930703715
2025-02-12 07:00:00,174.58,169.21583785624034,168.70007,169.98947714792502,5.364162143759671
2025-02-12 08:00:00,169.37,177.7778566831713,175.51437,181.17306196549666,-8.407856683171303
2025-02-12 09:00:00,162.2,179.53468120798988,173.40982,188.72195692622472,-17.334681207989888
2025-02-12 10:00:00,147.73,170.2124461270393,164.24121,179.16928746725642,-22.48244612703931
2025-02-12 11:00:00,141.91,167.42380448318207,162.65999,174.56950952948836,-25.51380448318207
2025-02-12 12:00:00,141.9,165.1971949661227,158.6822,174.96966817092203,-23.297194966122703
2025-02-12 13:00:00,144.18,167.62101449870624,162.40526,175.44463371991012,-23.441014498706238
2025-02-12 14:00:00,150.57,171.13788906228683,164.61766,180.91822424263108,-20.567889062286838
2025-02-12 15:00:00,161.0,176.0236110447847,170.66093,184.06760686611213,-15.023611044784701
2025-02-12 16:00:00,174.4,187.75590840801252,179.25255,200.5109296198848,-13.35590840801251
2025-02-12 17:00:00,192.65,201.64166203231292,199.26096,205.21270610617296,-8.991662032312917
2025-02-12 18:00:00,191.9,195.3324359660573,192.08725,200.20019620786786,-3.432435966057284
2025-02-12 19:00:00,174.01,175.50030560275178,172.4376,180.09433853080526,-1.4903056027517891
2025-02-12 20:00:00,155.42,159.33948372717202,159.87914,158.5300028054789,-3.919483727172036
2025-02-12 21:00:00,150.1,142.74319205382747,145.57613,138.49377954252765,7.356807946172523
2025-02-12 22:00:00,139.06,134.65475334714424,136.49614,131.89265881952076,4.405246652855766
2025-02-12 23:00:00,135.97,135.61701809860043,138.44519,131.37475578727253,0.3529819013995734
2025-02-13 00:00:00,137.08,128.7458788593286,131.31644,124.89003818225703,8.334121140671414
2025-02-13 01:00:00,135.03,126.47892304634581,129.18117,122.42554476796414,8.551076953654189
2025-02-13 02:00:00,131.27,125.59955609181647,128.38478,121.42171890385757,5.670443908183543
2025-02-13 03:00:00,130.98,125.31350205672649,127.76653,121.63395579489242,5.666497943273498
2025-02-13 04:00:00,131.49,131.62765971099645,135.84511,125.3014872291513,-0.13765971099644503
2025-02-13 05:00:00,144.95,144.90515308254842,150.48976,136.52822923347065,0.044846917451565105
2025-02-13 06:00:00,160.85,156.67970000501347,158.68542,153.67110517610791,4.170299994986522
2025-02-13 07:00:00,184.66,186.16354726471923,192.76984,176.2541097084289,-1.5035472647192307
2025-02-13 08:00:00,179.26,192.92134838173075,196.441,187.64186811619214,-13.661348381730761
2025-02-13 09:00:00,173.76,193.1189080563571,194.75731,190.66128762746496,-19.35890805635711
2025-02-13 10:00:00,160.17,177.27651115374164,174.0987,182.0432256687779,-17.10651115374165
2025-02-13 11:00:00,154.19,171.96434450255782,168.88689,176.58051610258596,-17.774344502557824
2025-02-13 12:00:00,151.38,182.4913478559791,180.53503,185.42581455571917,-31.11134785597909
2025-02-13 13:00:00,150.86,184.61911756551436,183.40005,186.44769625753588,-33.759117565514345
2025-02-13 14:00:00,155.86,182.5715736304975,179.22002,187.59890172761095,-26.711573630497497
2025-02-13 15:00:00,165.72,195.8496182537512,195.78038,195.95346763144835,-30.129618253751204
2025-02-13 16:00:00,177.65,204.9866277074458,203.39636,207.37202199688596,-27.336627707445786
2025-02-13 17:00:00,193.06,210.02404468199364,209.95474,210.1279942428259,-16.96404468199364
2025-02-13 18:00:00,193.06,207.16456131870078,209.39406,203.82031214074607,-14.104561318700775
2025-02-13 19:00:00,174.49,179.28535794998373,179.1262,179.52406763496907,-4.795357949983725
2025-02-13 20:00:00,155.8,153.5014453934164,154.73642,151.64896870815033,2.2985546065836218
2025-02-13 21:00:00,152.13,138.96229828924527,142.31525,133.93286440597453,13.167701710754727
2025-02-13 22:00:00,138.24,133.88836502448058,137.22835,128.87837944962916,4.351634975519431
2025-02-13 23:00:00,128.34,132.50406099785744,134.67279,129.25095144483888,-4.164060997857433
2025-02-14 00:00:00,128.48,130.5458773443391,134.6873,124.33372946314266,-2.0658773443391
2025-02-14 01:00:00,128.14,128.1739141848065,132.66101,121.44325790464322,-0.03391418480651964
2025-02-14 02:00:00,123.14,122.84011582400755,125.282776,119.17611429756771,0.299884175992446
2025-02-14 03:00:00,122.06,120.94497207435191,122.219536,119.03311500033288,1.1150279256480928
2025-02-14 04:00:00,124.59,127.33105994966826,131.40092,121.22624759145577,-2.741059949668255
2025-02-14 05:00:00,135.48,135.50936548102945,138.51855,130.9955702272318,-0.02936548102945835
2025-02-14 06:00:00,154.83,143.64452961668167,143.55058,143.78543445430182,11.185470383318346
2025-02-14 07:00:00,184.06,167.30713209938438,171.37279,161.20863759099018,16.752867900615627
2025-02-14 08:00:00,174.09,172.75300903291213,173.10832,172.2200279228565,1.3369909670878712
2025-02-14 09:00:00,164.85,174.07847996795869,176.40114,170.5944733879143,-9.228479967958691
2025-02-14 10:00:00,151.55,158.15882749102565,156.4326,160.74815439040594,-6.608827491025636
2025-02-14 11:00:00,146.51,147.21377819363954,144.73851,150.9266726569504,-0.7037781936395504
2025-02-14 12:00:00,145.6,145.01151055461432,145.36186,144.48598311261003,0.5884894453856759
2025-02-14 13:00:00,147.7,145.96226604336616,147.22487,144.06835813209705,1.7377339566338321
2025-02-14 14:00:00,151.8,150.14186743735138,152.41568,146.73114488122025,1.6581325626486318
2025-02-14 15:00:00,162.1,161.9384530221053,162.14658,161.6262610342672,0.16154697789468742
2025-02-14 16:00:00,183.25,178.4902490789857,177.76744,179.5744500595248,4.759750921014302
2025-02-14 17:00:00,202.48,198.33275299722663,195.85664,202.04690171914078,4.147247002773355
2025-02-14 18:00:00,203.83,187.35129263689103,184.47849,191.66049248700295,16.47870736310898
2025-02-14 19:00:00,182.08,172.3078411258494,174.13245,169.5709295663325,9.77215887415062
2025-02-14 20:00:00,158.85,151.1570632929199,153.01814,148.365432737915,7.692936707080094
2025-02-14 21:00:00,146.22,142.28211180310436,147.15985,134.96549526703825,3.937888196895642
2025-02-14 22:00:00,138.98,132.12307305635935,135.96169,126.36515486990226,6.856926943640644
2025-02-14 23:00:00,135.07,127.46918325688523,129.72385,124.08717704480094,7.600816743114763
2025-02-15 00:00:00,129.54,130.44861199049834,130.17789,130.85469190251538,-0.9086119904983434
2025-02-15 01:00:00,124.5,128.12626719331365,127.46295,129.12122904895793,-3.6262671933136517
2025-02-15 02:00:00,119.27,122.35465679316401,120.19109,125.59998655688463,-3.084656793164015
2025-02-15 03:00:00,118.67,120.21775791541543,118.301834,123.09163981417333,-1.5477579154154313
2025-02-15 04:00:00,119.87,119.65918592893271,118.31767,121.6714442840017,0.2108140710672899
2025-02-15 05:00:00,123.64,127.76200133174441,129.37857,125.33714367970285,-4.122001331744414
2025-02-15 06:00:00,138.5,133.02706298795394,131.46643,135.36800765909385,5.47293701204606
2025-02-15 07:00:00,143.76,144.05553304407104,143.29048,145.20311025910337,-0.29553304407104974
2025-02-15 08:00:00,138.81,147.44989838027095,147.20055,147.82392655370472,-8.63989838027095
2025-02-15 09:00:00,128.25,154.09725421118657,153.78864,154.56017120301527,-25.847254211186566
2025-02-15 10:00:00,130.85,152.92866135740445,152.38802,153.73961451411662,-22.078661357404457
2025-02-15 11:00:00,128.55,151.3729592972702,151.00418,151.92612688087078,-22.822959297270188
2025-02-15 12:00:00,128.33,156.29895474531077,159.88252,150.92358772997613,-27.968954745310754
2025-02-15 13:00:00,127.39,147.60104150420614,148.22978,146.65791915968526,-20.211041504206136
2025-02-15 14:00:00,132.76,146.1162381227752,146.83354,145.04027487236772,-13.35623812277521
2025-02-15 15:00:00,139.48,150.25478315462456,149.6681,151.13479495321178,-10.774783154624572
2025-02-15 16:00:00,149.94,164.07898690758387,166.02373,161.1618608846823,-14.13898690758387
2025-02-15 17:00:00,169.12,179.57675483720504,185.55402,170.61085529369615,-10.45675483720504
2025-02-15 18:00:00,167.82,171.98870304781886,174.6082,168.05944988028932,-4.168703047818866
2025-02-15 19:00:00,148.33,157.97969972588595,161.48083,152.72798924391412,-9.649699725885938
2025-02-15 20:00:00,134.88,142.60456969351657,145.47964,138.29195325600824,-7.724569693516571
2025-02-15 21:00:00,133.74,136.62128872987864,141.35709,129.51758492284117,-2.8812887298786336
2025-02-15 22:00:00,124.97,129.35729574418536,129.89694,128.54781089366656,-4.387295744185366
2025-02-15 23:00:00,133.41,133.8535196821323,135.92499,130.74631751587756,-0.4435196821322904
2025-02-16 00:00:00,131.45,136.7392694409643,142.03413,128.7969689210143,-5.289269440964318
2025-02-16 01:00:00,133.38,132.76025676075568,137.43102,125.75411556521928,0.6197432392443147
2025-02-16 02:00:00,125.87,129.08500533381604,134.03952,121.653229124335,-3.2150053338160376
2025-02-16 03:00:00,118.72,126.08444481464147,131.80785,117.49933911790251,-7.364444814641473
2025-02-16 04:00:00,115.45,121.98882997040627,127.53397,113.6711105705469,-6.538829970406269
2025-02-16 05:00:00,113.03,119.77108964299218,125.065926,111.82882808086912,-6.741089642992179
2025-02-16 06:00:00,118.45,127.2887875608669,134.10822,117.05963064533127,-8.83878756086689
2025-02-16 07:00:00,122.39,132.4285265293052,139.49455,121.82948740480597,-10.038526529305202
2025-02-16 08:00:00,122.53,131.55545039993166,135.2099,126.07376088752447,-9.025450399931657
2025-02-16 09:00:00,116.02,133.52462379213523,136.32372,129.3259714066076,-17.504623792135234
2025-02-16 10:00:00,115.69,133.62668666030223,135.9776,130.10030887487667,-17.93668666030223
2025-02-16 11:00:00,124.97,136.33156204464564,140.55818,129.99161720878203,-11.361562044645638
2025-02-16 12:00:00,132.14,138.0865920701412,143.59903,129.8179206050405,-5.946592070141207
2025-02-16 13:00:00,130.95,139.80015780140204,146.6198,129.57069937411055,-8.850157801402048
2025-02-16 14:00:00,121.71,140.54736941249024,146.27878,131.9502411581787,-18.837369412490247
2025-02-16 15:00:00,132.31,145.8838183014522,151.50496,137.45210327926526,-13.573818301452206
2025-02-16 16:00:00,140.26,152.27235871422727,154.32674,149.19078066618343,-12.012358714227275
2025-02-16 17:00:00,161.53,167.84316423908507,170.82295,163.37347456255637,-6.313164239085069
2025-02-16 18:00:00,163.25,162.02138263197764,163.74582,159.43471268345976,1.2286173680223555
2025-02-16 19:00:00,153.18,149.92085511432782,152.52638,146.01256030168867,3.2591448856721854
2025-02-16 20:00:00,136.23,132.9340395716624,132.917,132.95958394502514,3.295960428337594
2025-02-16 21:00:00,132.5,128.61760426894364,130.95314,125.11430028417548,3.882395731056363
2025-02-16 22:00:00,124.28,124.71142730907738,127.387695,120.69702530394346,-0.43142730907737814
2025-02-16 23:00:00,119.44,129.57979278916488,132.80157,124.74711609766808,-10.139792789164886
2025-02-17 00:00:00,120.82,117.70332328684397,120.328186,113.76602153498101,3.116676713156025
2025-02-17 01:00:00,121.88,118.26411293469351,120.25578,115.27660008575722,3.615887065306481
2025-02-17 02:00:00,121.2,116.21147034634768,116.61163,115.61122591469734,4.988529653652321
2025-02-17 03:00:00,120.51,116.35026228215537,115.720856,117.2943606919607,4.159737717844635
2025-02-17 04:00:00,123.63,119.21830925220235,117.44317,121.88101254090626,4.41169074779765
2025-02-17 05:00:00,139.03,129.63628583791152,129.00664,130.58075442021823,9.393714162088486
2025-02-17 06:00:00,163.19,144.01007910281655,145.6708,141.51897598580115,19.17992089718345
2025-02-17 07:00:00,188.21,153.83146604335212,155.4229,151.4443191000795,34.378533956647885
2025-02-17 08:00:00,166.34,155.35803527203316,154.8807,156.07401655532706,10.98196472796684
2025-02-17 09:00:00,144.47,152.47557360271327,152.58865,152.3059536601035,-8.00557360271327
2025-02-17 10:00:00,124.42,145.20167202713628,146.89429,142.6627455890809,-20.78167202713628
2025-02-17 11:00:00,116.83,140.20233682135108,143.10954,135.84151633926638,-23.372336821351084
2025-02-17 12:00:00,112.79,135.91690738510528,138.20448,132.4855400997261,-23.12690738510527
2025-02-17 13:00:00,117.94,136.89605563701792,139.1526,133.51123436842374,-18.956055637017926
2025-02-17 14:00:00,124.34,137.40019322787128,139.56062,134.15954831626027,-13.060193227871281
2025-02-17 15:00:00,143.42,142.6044341480411,141.22157,144.67871461204606,0.815565851958894
2025-02-17 16:00:00,164.89,160.52272986892103,160.2556,160.9234094501346,4.3672701310789535
2025-02-17 17:00:00,190.72,181.16985448818434,182.8585,178.63685927343934,9.550145511815657
2025-02-17 18:00:00,190.06,173.9642536097403,174.48701,173.1800966098,16.095746390259706
2025-02-17 19:00:00,165.31,159.80715039294085,162.23775,156.16124756438342,5.502849607059147
2025-02-17 20:00:00,141.45,139.18681582993526,140.74493,136.84963845179124,2.263184170064733
2025-02-17 21:00:00,136.83,130.0410770412712,133.3332,125.10288333804127,6.7889229587288185
2025-02-17 22:00:00,127.56,122.6910193174337,123.53897,121.4190918726858,4.868980682566303
2025-02-17 23:00:00,125.6,120.6560818989848,121.535866,119.33639462783307,4.9439181010152
2025-02-18 00:00:00,125.22,119.76156090378325,121.952736,116.47478696404795,5.45843909621675
2025-02-18 01:00:00,122.94,119.03950869820756,121.1734,115.83867042715951,3.9004913017924423
2025-02-18 02:00:00,119.03,118.11074849598066,120.00638,115.26729634981493,0.9192515040193427
2025-02-18 03:00:00,117.84,117.48796330970455,118.88415,115.39368299349964,0.35203669029544926
2025-02-18 04:00:00,117.92,120.98793750879815,121.80227,119.76642504030592,-3.0679375087981526
2025-02-18 05:00:00,122.88,135.29226262824005,138.80113,130.02894300858844,-12.412262628240057
2025-02-18 06:00:00,156.32,144.2492783654667,144.88272,143.29911067807103,12.0707216345333
2025-02-18 07:00:00,180.16,154.160724452789,156.4559,150.7179541678612,25.999275547211
2025-02-18 08:00:00,159.96,153.87477701228914,156.52878,149.89377541646502,6.085222987710864
2025-02-18 09:00:00,128.81,143.00671300610466,146.72087,137.43547224304487,-14.196713006104659
2025-02-18 10:00:00,114.74,134.69117468626894,140.1623,126.48448273618011,-19.951174686268942
2025-02-18 11:00:00,103.39,126.93926235200925,131.39798,120.25117864613638,-23.54926235200925
2025-02-18 12:00:00,100.35,123.71401171054762,127.58975,117.90038953637884,-23.36401171054763
2025-02-18 13:00:00,101.95,125.44939134598305,130.71152,117.55620236398104,-23.499391345983042
2025-02-18 14:00:00,110.45,126.07079635276139,130.54573,119.35839499567302,-15.620796352761388
2025-02-18 15:00:00,126.5,136.14255229813935,141.56087,128.01507215159836,-9.64255229813935
2025-02-18 16:00:00,145.81,145.9827555883351,149.6085,140.54412346790804,-0.17275558833509308
2025-02-18 17:00:00,167.2,170.49590674327354,179.34103,157.22821214016625,-3.295906743273548
2025-02-18 18:00:00,163.34,167.1093868329872,172.03137,159.72640134760474,-3.769386832987209
2025-02-18 19:00:00,146.4,147.56889863964278,149.22911,145.0785767077495,-1.1688986396427765
2025-02-18 20:00:00,126.3,131.77846100251708,133.54488,129.12882691425168,-5.478461002517079
2025-02-18 21:00:00,122.98,123.82942842674856,127.55185,118.24578938962533,-0.8494284267485597
2025-02-18 22:00:00,117.98,113.6326790901415,116.02902,110.03815677076386,4.34732090985851
2025-02-18 23:00:00,106.56,106.43568124285525,108.39006,103.50409721114204,0.12431875714474927
2025-02-19 00:00:00,104.57,108.15027042636335,110.73864,104.26771631859391,-3.580270426363356
2025-02-19 01:00:00,103.44,105.61624173115908,107.51733,102.76460716603245,-2.176241731159081
2025-02-19 02:00:00,99.99,104.70894902393164,106.20901,102.45885594300779,-4.718949023931643
2025-02-19 03:00:00,99.27,102.982092279889,103.00266,102.95122717494223,-3.7120922798890064
2025-02-19 04:00:00,101.09,104.70704935086647,103.71634,106.19311089547669,-3.6170493508664663
2025-02-19 05:00:00,109.27,111.28080992636995,110.62024,112.27165829981159,-2.0108099263699586
2025-02-19 06:00:00,140.17,132.04899072660524,130.22665,134.78249192271429,8.121009273394748
2025-02-19 07:00:00,159.16,150.68800295840185,155.64462,143.253057933114,8.471997041598144
2025-02-19 08:00:00,137.03,146.09016076677102,149.50719,140.96461395306036,-9.06016076677102
2025-02-19 09:00:00,124.89,138.4138172641676,139.42252,136.9007655420108,-13.52381726416759
2025-02-19 10:00:00,113.11,130.59050306818796,129.81058,131.7603763228136,-17.480503068187957
2025-02-19 11:00:00,107.35,124.6461478151175,122.43594,127.96144268842853,-17.296147815117507
2025-02-19 12:00:00,110.63,126.16229556818098,125.48202,127.18270120072586,-15.532295568180984
2025-02-19 13:00:00,111.8,126.32581660338174,125.73425,127.21316211392309,-14.525816603381742
2025-02-19 14:00:00,119.01,129.09487509475392,128.37825,130.16980110968754,-10.084875094753912
2025-02-19 15:00:00,123.22,135.35726978299542,135.55937,135.05411272042798,-12.137269782995418
2025-02-19 16:00:00,132.85,154.72957294689454,159.75409,147.19279451933593,-21.87957294689454
2025-02-19 17:00:00,150.75,160.2575594596856,163.3938,155.55318514823745,-9.50755945968561
2025-02-19 18:00:00,148.8,155.504291762445,158.15097,151.5342622735442,-6.704291762444996
2025-02-19 19:00:00,136.9,145.57332669159535,149.89134,139.0962996696622,-8.67332669159535
2025-02-19 20:00:00,122.11,125.69466251356496,125.70958,125.67227945285772,-3.5846625135649646
2025-02-19 21:00:00,118.86,120.72221183013974,122.5554,117.97242639541771,-1.8622118301397421
2025-02-19 22:00:00,103.1,106.4352014109208,105.628136,107.64579237617895,-3.335201410920803
2025-02-19 23:00:00,95.72,96.17114409629264,98.607445,92.51668355921305,-0.4511440962926372
2025-02-20 00:00:00,89.97,93.21738378052436,98.74859,84.92056707155012,-3.247383780524359
2025-02-20 01:00:00,85.77,82.10220463651174,87.0658,74.65680439218269,3.6677953634882527
2025-02-20 02:00:00,76.82,63.80703080379895,63.820007,63.78755839377473,13.012969196201041
2025-02-20 03:00:00,72.5,53.94606729278351,53.06185,55.27238716506423,18.55393270721649
2025-02-20 04:00:00,69.74,40.601752347386096,31.62665,54.06440512993984,29.1382476526139
2025-02-20 05:00:00,86.26,59.700264055611754,56.0067,65.24061222643172,26.55973594438825
2025-02-20 06:00:00,119.09,96.38474970289407,96.61373,96.04126764407599,22.705250297105934
2025-02-20 07:00:00,141.6,113.39230725156935,112.065445,115.38258545070073,28.207692748430645
2025-02-20 08:00:00,124.93,120.67563445931576,122.245316,118.3211090059554,4.2543655406842475
2025-02-20 09:00:00,114.46,119.37423018647661,120.3619,117.89272497180673,-4.914230186476615
2025-02-20 10:00:00,105.13,117.10695213484152,119.14632,114.04789791522879,-11.976952134841525
2025-02-20 11:00:00,100.71,115.45430898185168,118.64669,110.66572545755889,-14.744308981851688
2025-02-20 12:00:00,98.92,114.35061622166381,117.71028,109.311103237265,-15.430616221663811
2025-02-20 13:00:00,100.06,111.52941317313318,113.381454,108.75133978708098,-11.469413173133177
2025-02-20 14:00:00,100.65,112.3174711358886,113.71091,110.22730973669414,-11.66747113588859
2025-02-20 15:00:00,107.14,116.29318113091935,117.04987,115.15813516982764,-9.15318113091935
2025-02-20 16:00:00,122.54,128.69797781284302,131.39925,124.64605994958802,-6.157977812843015
2025-02-20 17:00:00,142.62,135.54968612433123,134.06616,137.7749721467656,7.070313875668774
2025-02-20 18:00:00,142.6,134.6253581838388,132.01625,138.53900809997788,7.974641816161181
2025-02-20 19:00:00,132.14,126.21148362559065,123.891785,129.69102061793168,5.928516374409341
2025-02-20 20:00:00,113.57,118.14361049854801,120.32382,114.87328177005165,-4.573610498548021
2025-02-20 21:00:00,108.83,105.5280246948898,109.40817,99.7077990113944,3.3019753051102043
2025-02-20 22:00:00,87.36,90.92732335168176,96.59774,82.42169621184601,-3.5673233516817646
2025-02-20 23:00:00,74.75,80.26469063008922,89.617195,66.23592434438808,-5.51469063008922
2025-02-21 00:00:00,66.54,71.09816250181308,77.10668,62.085377796891095,-4.558162501813072
2025-02-21 01:00:00,60.99,65.57966633450425,70.308136,58.486958042071166,-4.589666334504251
2025-02-21 02:00:00,48.15,45.76434469573468,47.35669,43.375824698626246,2.3856553042653204
2025-02-21 03:00:00,40.97,32.53967113459261,27.777672,39.68267011553425,8.43032886540739
2025-02-21 04:00:00,41.73,30.849540575154926,24.03965,41.06437410863316,10.880459424845071
2025-02-21 05:00:00,59.26,52.98969170332025,51.438152,55.31699888110336,6.270308296679751
2025-02-21 06:00:00,85.12,89.66027520416038,89.2426,90.28678115004939,-4.54027520416038
2025-02-21 07:00:00,117.96,106.29884799395876,102.32702,112.25658615616156,11.661152006041235
2025-02-21 08:00:00,105.7,111.56441900340064,106.61033,118.99555258967835,-5.864419003400641
2025-02-21 09:00:00,92.45,107.0245017001595,102.59042,113.6756131523763,-14.574501700159502
2025-02-21 10:00:00,78.79,105.77583190534148,105.27483,106.52732542985757,-26.98583190534147
2025-02-21 11:00:00,66.27,101.74015762874791,102.52693,100.55998689108361,-35.47015762874791
2025-02-21 12:00:00,65.31,92.55397538400467,91.94951,93.46066783012887,-27.24397538400467
2025-02-21 13:00:00,64.47,93.57848941264734,95.753784,90.31553772534392,-29.108489412647344
2025-02-21 14:00:00,72.94,95.48315568710633,97.93058,91.81201328697969,-22.543155687106335
2025-02-21 15:00:00,73.49,97.52371903817439,96.348915,99.28591540854632,-24.033719038174397
2025-02-21 16:00:00,94.66,108.74035982373385,105.13223,114.15254483826527,-14.080359823733858
2025-02-21 17:00:00,115.84,128.85094772141528,128.58813,129.2451557110089,-13.010947721415278
2025-02-21 18:00:00,122.42,128.88038195541387,127.495575,130.95759246177687,-6.460381955413865
2025-02-21 19:00:00,108.8,116.88119214700487,117.29601,116.25895723518792,-8.08119214700487
2025-02-21 20:00:00,85.41,92.1049762836134,90.39183,94.67469122783231,-6.6949762836134
2025-02-21 21:00:00,74.65,86.1942100493858,89.33747,81.4793109816188,-11.544210049385796
2025-02-21 22:00:00,62.78,65.62008355254265,67.110245,63.38483984754316,-2.8400835525426515
2025-02-21 23:00:00,58.38,53.09675662530918,54.649208,50.76807183060694,5.283243374690819
2025-02-22 00:00:00,53.46,56.75074766073075,57.92986,54.98208040976144,-3.2907476607307515
2025-02-22 01:00:00,51.18,52.19559941629425,50.346413,54.96937478432693,-1.0155994162942505
2025-02-22 02:00:00,47.39,43.531213246413515,40.68829,47.79559483783555,3.858786753586486
2025-02-22 03:00:00,45.8,39.41124068778416,32.978256,49.060714520058525,6.388759312215839
2025-02-22 04:00:00,46.76,36.48526882920824,27.083742,50.587556953086505,10.27473117079176
2025-02-22 05:00:00,53.64,72.07376727271047,71.744316,72.56793640077032,-18.43376727271047
2025-02-22 06:00:00,68.04,88.03611064931454,86.85474,89.80817022375021,-19.99611064931453
2025-02-22 07:00:00,87.55,103.44149323632845,101.16656,106.85389330810627,-15.891493236328458
2025-02-22 08:00:00,116.89,110.53212636485995,110.82609,110.09116872587055,6.357873635140052
2025-02-22 09:00:00,130.01,105.31030667281559,103.57233,107.9172709697587,24.699693327184406
2025-02-22 10:00:00,121.46,98.046656275817,96.694695,100.07459318893214,23.413343724182994
2025-02-22 11:00:00,108.0,87.50679041044084,85.94515,89.84924378733257,20.493209589559157
2025-02-22 12:00:00,93.58,77.37687306076052,77.9225,76.5584279216767,16.203126939239482
2025-02-22 13:00:00,84.78,54.39459354446848,48.56922,63.132646847926566,30.385406455531523
2025-02-22 14:00:00,85.15,58.39612357260903,55.247166,63.11955850427648,26.753876427390978
2025-02-22 15:00:00,98.51,78.63874754317948,77.562614,80.25294147452581,19.871252456820528
2025-02-22 16:00:00,114.71,108.28597665562918,106.30683,111.25469269192942,6.424023344370809
2025-02-22 17:00:00,149.2,132.8090911350294,129.78299,137.34823595524932,16.390908864970584
2025-02-22 18:00:00,158.4,136.77147259952542,133.62517,141.49092591409675,21.62852740047458
2025-02-22 19:00:00,137.36,118.60843599084377,114.38011,124.95092243560552,18.75156400915624
2025-02-22 20:00:00,112.4,106.79816318385635,104.91622,109.62107362431371,5.60183681614366
2025-02-22 21:00:00,111.7,97.1374279303911,96.328545,98.35074336418575,14.562572069608905
2025-02-22 22:00:00,112.52,94.57214007581919,96.153885,92.19951713595913,17.947859924180804
2025-02-22 23:00:00,105.4,91.50832907603191,94.66429,86.77438180262862,13.891670923968093
2025-02-23 00:00:00,103.67,85.35580509968942,85.18753,85.60820743611319,18.314194900310582
2025-02-23 01:00:00,90.99,67.1847686080593,62.56653,74.1121290396795,23.805231391940694
2025-02-23 02:00:00,79.12,57.77217988201069,54.524075,62.64433215131578,21.347820117989315
2025-02-23 03:00:00,67.29,48.867139248613,44.57914,55.2991376036492,18.422860751387006
2025-02-23 04:00:00,59.18,43.0862685079871,39.099617,49.066245763375946,16.0937314920129
2025-02-23 05:00:00,59.29,52.24937813330709,52.07355,52.51311761262562,7.040621866692909
2025-02-23 06:00:00,60.32,53.89608235818382,55.482815,51.51597608283748,6.423917641816182
2025-02-23 07:00:00,60.16,56.78549654951689,53.581966,61.59078795887524,3.374503450483104
2025-02-23 08:00:00,63.24,72.30210802863311,72.66151,71.76300818498612,-9.062108028633112
2025-02-23 09:00:00,58.48,86.51994564270527,91.78234,78.62634306489306,-28.03994564270527
2025-02-23 10:00:00,48.82,90.54695958901625,91.446754,89.19726538184239,-41.72695958901625
2025-02-23 11:00:00,43.38,92.4736120237372,92.78196,92.01108503676,-49.0936120237372
2025-02-23 12:00:00,42.67,93.06816977798361,90.22953,97.32611940650688,-50.39816977798361
2025-02-23 13:00:00,37.63,98.75589490501662,98.35863,99.35179056149173,-61.125894905016615
2025-02-23 14:00:00,41.92,93.78438114867345,92.91455,95.08911907041409,-51.864381148673445
2025-02-23 15:00:00,54.41,97.60225260503057,95.73164,100.40816218274242,-43.192252605030575
2025-02-23 16:00:00,82.06,111.99819589723324,111.415115,112.87280144962607,-29.938195897233243
2025-02-23 17:00:00,114.0,129.53562772111798,129.52454,129.5522651035762,-15.535627721117976
2025-02-23 18:00:00,121.93,125.30970242921137,124.401985,126.67126306155379,-3.3797024292113633
2025-02-23 19:00:00,107.53,104.53740582749884,103.659096,105.8548613857637,2.992594172501157
2025-02-23 20:00:00,82.43,77.9538484313683,75.795654,81.19113581841097,4.476151568631707
2025-02-23 21:00:00,67.9,61.33443356314879,61.712475,60.767371673374896,6.565566436851213
2025-02-23 22:00:00,52.24,32.10035925940956,28.21643,37.92625024508152,20.139640740590444
2025-02-23 23:00:00,37.55,15.35356857705375,15.176986,15.618442354804785,22.196431422946247
2025-02-24 00:00:00,32.49,22.75762931896039,24.597685,19.997544099708108,9.732370681039612
2025-02-24 01:00:00,28.75,25.15256851826148,30.615767,16.957768646727914,3.5974314817385213
2025-02-24 02:00:00,19.99,17.655979142452658,18.92133,15.757951701346485,2.3340208575473405
2025-02-24 03:00:00,20.29,14.008358556007419,14.124291,13.834458783207026,6.28164144399258
2025-02-24 04:00:00,24.9,26.29126835637794,29.574926,21.365778465407743,-1.3912683563779424
2025-02-24 05:00:00,42.24,59.80389496085964,69.01917,45.98097077006901,-17.563894960859635
2025-02-24 06:00:00,84.76,85.11025908813083,81.98988,89.79081877135246,-0.3502590881308265
2025-02-24 07:00:00,113.34,111.27091082684856,108.93383,114.77653167527568,2.06908917315144
2025-02-24 08:00:00,113.69,115.33017057377035,115.289955,115.39049372568563,-1.640170573770348
2025-02-24 09:00:00,103.4,108.5509690348763,109.449684,107.20288492849934,-5.150969034876297
2025-02-24 10:00:00,86.74,96.73752029849018,96.77643,96.6791488754979,-9.997520298490187
2025-02-24 11:00:00,79.63,76.27565550659259,73.06155,81.09681546325882,3.3543444934074103
2025-02-24 12:00:00,80.43,60.61110050996806,56.98864,66.0447915276057,19.818899490031946
2025-02-24 13:00:00,82.39,46.532526059144786,40.54005,55.52123557327701,35.857473940855215
2025-02-24 14:00:00,95.13,51.61714289416537,45.265614,61.14443594787679,43.51285710583463
2025-02-24 15:00:00,107.88,81.00387081530008,79.84332,82.74469100004217,26.87612918469992
2025-02-24 16:00:00,116.51,114.67547790717688,113.47895,116.47026520251251,1.8345220928231214
2025-02-24 17:00:00,148.6,133.7118028691257,131.59477,136.88734866451347,14.888197130874289
2025-02-24 18:00:00,157.08,136.80875685163582,135.8724,138.21327930560324,20.271243148364192
2025-02-24 19:00:00,137.94,124.1570223968063,122.06767,127.29103545368568,13.7829776031937
2025-02-24 20:00:00,116.65,112.94425192551171,112.68777,113.32897164117182,3.705748074488298
2025-02-24 21:00:00,113.12,102.04871662093724,102.72198,101.03881616476986,11.071283379062763
2025-02-24 22:00:00,107.62,85.0764074520385,82.614395,88.76942401034526,22.54359254796151
2025-02-24 23:00:00,91.26,65.41757959633631,59.786137,73.86473642065036,25.842420403663695
2025-02-25 00:00:00,92.97,73.2065579708806,70.30039,77.56580288618588,19.763442029119403
2025-02-25 01:00:00,91.4,72.69644595848902,69.96434,76.79459695188663,18.703554041510984
2025-02-25 02:00:00,87.89,75.46603330596649,75.068016,76.0630591865471,12.42396669403351
2025-02-25 03:00:00,89.87,71.6246046834322,69.1006,75.41060800679827,18.24539531656781
2025-02-25 04:00:00,102.34,82.71258258488675,82.132,83.58344315655282,19.627417415113257
2025-02-25 05:00:00,114.89,103.54884834903622,100.70986,107.80732442483664,11.34115165096378
2025-02-25 06:00:00,132.89,128.9200963367873,125.663155,133.8055013094976,3.9699036632126763
2025-02-25 07:00:00,145.03,134.56494887757106,130.75987,140.27255972444522,10.465051122428946
2025-02-25 08:00:00,146.86,130.15059338315854,126.927444,134.98530532679285,16.709406616841477
2025-02-25 09:00:00,127.5,121.70579253462583,120.56128,123.42255857655479,5.794207465374171
2025-02-25 10:00:00,113.63,110.56192425040322,108.21937,114.0757472104807,3.0680757495967725
2025-02-25 11:00:00,107.33,101.81172214056286,99.94387,104.61349572005952,5.518277859437134
2025-02-25 12:00:00,102.56,102.36945225950241,100.43063,105.27767842402457,0.1905477404975926
2025-02-25 13:00:00,102.43,101.79702380121083,98.435326,106.83956153244603,0.63297619878918
2025-02-25 14:00:00,104.43,110.10706043682913,108.46057,112.57678271438729,-5.677060436829123
2025-02-25 15:00:00,114.2,121.3983353627045,119.225586,124.6574518711167,-7.198335362704498
2025-02-25 16:00:00,121.74,139.99101302668024,138.256,142.59353751054823,-18.25101302668024
2025-02-25 17:00:00,155.0,163.67089879478903,164.79391,161.9863709798925,-8.670898794789025
2025-02-25 18:00:00,163.78,165.82942915599637,169.33533,160.5705630938483,-2.049429155996364
2025-02-25 19:00:00,146.31,147.41522320098633,150.60161,142.63563414382324,-1.1052232009863303
2025-02-25 20:00:00,123.76,129.38379939491782,131.14813,126.73729618626915,-5.6237993949178104
2025-02-25 21:00:00,118.48,121.08153353466443,122.581345,118.83180167113373,-2.6015335346644264
2025-02-25 22:00:00,110.46,116.49383920846324,117.29532,115.29160485709559,-6.033839208463249
2025-02-25 23:00:00,111.38,109.33803653968943,108.348495,110.82233668003408,2.041963460310569
2025-02-26 00:00:00,112.12,106.7934449521727,107.27472,106.0715182642208,5.3265550478272985
2025-02-26 01:00:00,112.04,104.98064116250339,105.32131,104.46962544348992,7.059358837496617
2025-02-26 02:00:00,109.88,103.93050220167272,103.975525,103.86295861392301,5.949497798327272
2025-02-26 03:00:00,109.83,103.78872648272204,102.64796,105.49987711989102,6.041273517277958
2025-02-26 04:00:00,110.79,108.8899358689055,106.6263,112.28538845461235,1.90006413109451
2025-02-26 05:00:00,120.54,120.84591676003504,119.46619,122.91549685614228,-0.3059167600350321
2025-02-26 06:00:00,141.52,141.6832980132765,143.34595,139.18932413475375,-0.16329801327648852
2025-02-26 07:00:00,157.9,157.47163999234076,165.56544,145.33092111732648,0.42836000765925064
2025-02-26 08:00:00,148.02,145.7599761801903,150.62096,138.4685058191281,2.260023819809703
2025-02-26 09:00:00,132.75,134.22732802675824,136.1567,131.33328130957142,-1.4773280267582436
2025-02-26 10:00:00,112.22,128.38905272872296,130.39798,125.3756507732234,-16.16905272872296
2025-02-26 11:00:00,104.56,115.75984294887473,116.42521,114.76179380407157,-11.199842948874732
2025-02-26 12:00:00,102.63,114.24008345962359,115.25423,112.71885336341444,-11.610083459623596
2025-02-26 13:00:00,102.55,107.91098008680547,108.067856,107.67566646457226,-5.360980086805469
2025-02-26 14:00:00,113.1,110.87354069088369,111.47338,109.9737687193967,2.226459309116308
2025-02-26 15:00:00,122.74,119.09819369005355,118.768585,119.59259878812215,3.641806309946446
2025-02-26 16:00:00,131.65,136.13970360150682,136.13394,136.14834271348383,-4.489703601506818
2025-02-26 17:00:00,157.58,166.43058978511203,167.04652,165.50667313221362,-8.850589785112021
2025-02-26 18:00:00,163.1,165.47663063849836,166.3485,164.16881429766187,-2.3766306384983693
2025-02-26 19:00:00,148.02,142.3611113501832,141.85121,143.12594579489158,5.6588886498168165
2025-02-26 20:00:00,127.12,120.83398572011882,123.31995,117.10502960791425,6.286014279881186
2025-02-26 21:00:00,122.45,111.71501750477319,114.55765,107.45107220431575,10.734982495226816
2025-02-26 22:00:00,110.93,105.50743955295704,105.550995,105.4420970360791,5.422560447042969
2025-02-26 23:00:00,103.83,104.63633229423809,103.79501,105.89830105725049,-0.8063322942380893
2025-02-27 00:00:00,103.03,105.29853733526406,105.64562,104.77790614333591,-2.2685373352640568
2025-02-27 01:00:00,101.58,103.79916729217457,104.44498,102.83044729842959,-2.219167292174575
2025-02-27 02:00:00,98.72,102.527312896713,103.577286,100.95234786983423,-3.8073128967130003
2025-02-27 03:00:00,99.45,101.0498206097542,101.6515,100.1472966568318,-1.5998206097542038
2025-02-27 04:00:00,101.09,101.89228795756829,101.416115,102.60654386853008,-0.8022879575682822
2025-02-27 05:00:00,110.98,112.14461028511187,112.40225,111.75814360218396,-1.1646102851118627
2025-02-27 06:00:00,136.08,126.27694395622959,127.00982,125.17762371503684,9.803056043770425
2025-02-27 07:00:00,147.67,134.2961171171136,135.92271,131.85620618389726,13.373882882886392
2025-02-27 08:00:00,140.93,129.01181686895495,131.66325,125.03465386672329,11.918183131045055
2025-02-27 09:00:00,118.96,114.45216304506123,115.90333,112.27540807041673,4.507836954938767
2025-02-27 10:00:00,104.7,101.67107850366588,100.9113,102.81073764100063,3.028921496334121
2025-02-27 11:00:00,99.31,97.89631854213583,97.795364,98.04774787816672,1.4136814578641719
2025-02-27 12:00:00,96.76,97.16880546176824,96.40887,98.30870951623703,-0.40880546176823884
2025-02-27 13:00:00,96.88,96.39277285667282,95.37121,97.92511031856193,0.48722714332717487
2025-02-27 14:00:00,98.16,100.90542539837823,99.73377,102.66289554245435,-2.745425398378231
2025-02-27 15:00:00,112.96,111.29817842636464,110.59996,112.34550176049169,1.6618215736353505
2025-02-27 16:00:00,118.07,128.833220776831,130.98888,125.59972598382555,-10.76322077683102
2025-02-27 17:00:00,148.07,150.27190020144332,153.56792,145.3278637543407,-2.2019002014433227
2025-02-27 18:00:00,158.38,156.25593277948025,158.19415,153.34859125656192,2.1240672205197484
2025-02-27 19:00:00,143.59,141.74314330442922,142.28998,140.92287596126835,1.8468566955707786
2025-02-27 20:00:00,127.42,123.29094312868814,124.87061,120.92143054510902,4.12905687131186
2025-02-27 21:00:00,119.03,115.79041446217434,119.15517,110.74327858707646,3.2395855378256613
2025-02-27 22:00:00,118.03,108.91413677200435,111.15748,105.54912061653431,9.115863227995646
2025-02-27 23:00:00,108.43,107.75392938734696,109.88787,104.55301347080879,0.6760706126530494
2025-02-28 00:00:00,108.44,108.6354425429869,112.11267,103.41958475102192,-0.19544254298689623
2025-02-28 01:00:00,107.01,107.29907154337187,110.4412,102.5858670298164,-0.28907154337186114
2025-02-28 02:00:00,103.54,107.693466793249,110.97633,102.76916655587641,-4.153466793248995
2025-02-28 03:00:00,106.04,108.34862603216538,110.670204,104.86625883651699,-2.308626032165378
2025-02-28 04:00:00,110.58,109.11146224082833,109.38064,108.70768697414115,1.4685377591716673
2025-02-28 05:00:00,123.62,117.29907658955011,117.22055,117.41685040942212,6.320923410449893
2025-02-28 06:00:00,148.8,141.43388806509662,147.63173,132.1371188443822,7.366111934903387
2025-02-28 07:00:00,171.62,150.6171594121013,153.46875,146.33976590085874,21.002840587898703
2025-02-28 08:00:00,153.22,144.6979183447626,147.5191,140.4661284119553,8.5220816552374
2025-02-28 09:00:00,126.51,124.84722624542117,126.32367,122.63255383376776,1.6627737545788364
2025-02-28 10:00:00,110.86,112.10470505873286,112.80365,111.0562877933165,-1.2447050587328619
2025-02-28 11:00:00,99.29,104.62693979599742,103.494865,106.3250494564242,-5.336939795997409
2025-02-28 12:00:00,97.69,101.07376872876168,99.52037,103.4038641894579,-3.3837687287616802
2025-02-28 13:00:00,95.12,100.48662019496511,99.54761,101.89513744725164,-5.366620194965108
2025-02-28 14:00:00,97.18,104.34179446756903,105.26168,102.96196335703294,-7.161794467569024
2025-02-28 15:00:00,118.26,113.80285696984174,115.394516,111.41536843778792,4.457143030158264
2025-02-28 16:00:00,119.58,131.55722439477705,132.89551,129.5497992681926,-11.977224394777053
2025-02-28 17:00:00,146.47,153.5276476996849,155.00879,151.30592039667317,-7.057647699684907
2025-02-28 18:00:00,157.94,159.7104652779488,161.57236,156.91761216948137,-1.7704652779488015
2025-02-28 19:00:00,143.78,139.2943197648262,140.2108,137.9195991557179,4.485680235173788
2025-02-28 20:00:00,126.0,124.65405291327893,128.82626,118.39572951220123,1.3459470867210683
2025-02-28 21:00:00,118.36,116.48346506616994,122.42733,107.56766763979007,1.876534933830058
2025-02-28 22:00:00,115.47,110.51571258214922,113.49121,106.05246504912304,4.954287417850779
2025-02-28 23:00:00,120.11,108.26283560773714,110.37556,105.09375360064168,11.847164392262854
2025-03-01 00:00:00,117.64,114.02010629375486,116.521515,110.2679895808227,3.6198937062451364
2025-03-01 01:00:00,114.07,111.08039409007178,112.82124,108.46911266658569,2.9896059099282155
2025-03-01 02:00:00,107.91,108.4135531174963,110.03044,105.98822086747123,-0.5035531174963097
2025-03-01 03:00:00,108.55,105.99078835311673,107.38668,103.89693471946174,2.55921164688327
2025-03-01 04:00:00,104.41,106.17223330162867,108.12633,103.2410805380072,-1.7622333016286689
2025-03-01 05:00:00,106.01,109.1461996499458,111.0899,106.23065339122192,-3.1361996499457945
2025-03-01 06:00:00,121.86,119.83187616149065,123.53171,114.28212494352155,2.0281238385093445
2025-03-01 07:00:00,131.61,126.65353523988149,128.89561,123.29040853427404,4.956464760118521
2025-03-01 08:00:00,136.78,128.22443047462568,131.0888,123.92785169925949,8.555569525374324
2025-03-01 09:00:00,126.76,120.55349286683295,119.71086,121.81742509921129,6.206507133167051
2025-03-01 10:00:00,111.5,111.7132744155307,110.309814,113.81846054444199,-0.21327441553070514
2025-03-01 11:00:00,104.84,97.75390442380885,93.73193,103.78685494685122,7.0860955761911555
2025-03-01 12:00:00,98.14,95.16966598084875,91.67336,100.41411322482693,2.9703340191512524
2025-03-01 13:00:00,99.28,93.88243054817458,90.55062,98.88013719196965,5.397569451825419
2025-03-01 14:00:00,97.1,97.40384148524302,94.9149,101.13724348361538,-0.30384148524302645
2025-03-01 15:00:00,120.07,111.75166115666927,111.4903,112.14368307355794,8.318338843330721
2025-03-01 16:00:00,123.38,128.46076963539284,132.36732,122.60093684482973,-5.080769635392841
2025-03-01 17:00:00,143.71,150.8962806122985,153.9046,146.3837870104826,-7.1862806122985035
2025-03-01 18:00:00,152.37,164.79079192026103,170.81902,155.74843747277168,-12.420791920261024
2025-03-01 19:00:00,142.08,144.6264188342257,146.90796,141.20410860900174,-2.546418834225676
2025-03-01 20:00:00,123.16,128.7235388850861,130.06296,126.71439530841835,-5.563538885086103
2025-03-01 21:00:00,123.16,122.74748094149294,125.05287,119.28939479758,0.4125190585070584
2025-03-01 22:00:00,117.53,118.39939336368698,119.277214,117.08265851908071,-0.8693933636869815
2025-03-01 23:00:00,120.71,117.93062677329834,118.749176,116.70278763637084,2.779373226701651
2025-03-02 00:00:00,125.24,118.27953345077509,120.28575,115.27019516868576,6.960466549224904
2025-03-02 01:00:00,124.7,114.06939189449785,114.9419,112.76062649527783,10.630608105502148
2025-03-02 02:00:00,114.84,111.06051707838259,112.10542,109.49314297671816,3.779482921617415
2025-03-02 03:00:00,115.67,109.20386023582762,110.76048,106.86892259274289,6.466139764172382
2025-03-02 04:00:00,109.08,106.82820080606439,108.02591,105.03162262062969,2.251799193935611
2025-03-02 05:00:00,104.71,107.4477809181356,108.28369,106.193915185964,-2.7377809181356128
2025-03-02 06:00:00,108.91,115.41714123034124,117.77621,111.87853880583357,-6.507141230341247
2025-03-02 07:00:00,112.94,117.72092337691191,118.67424,116.29094827382275,-4.780923376911915
2025-03-02 08:00:00,111.95,119.94992523799698,121.58149,117.50256730641824,-7.999925237996976
2025-03-02 09:00:00,102.18,109.34299473913725,106.87086,113.05118573089976,-7.162994739137247
2025-03-02 10:00:00,95.97,95.88854985466372,91.912994,101.85187352276768,0.08145014533627659
2025-03-02 11:00:00,95.33,81.07616529161413,74.055244,91.60754465298552,14.253834708385867
2025-03-02 12:00:00,85.67,78.78663909253612,72.534454,88.16490858339105,6.8833609074638815
2025-03-02 13:00:00,84.64,78.39839859439607,72.01135,87.97896195535051,6.24160140560393
2025-03-02 14:00:00,91.44,84.135173833033,79.3133,91.36797913824654,7.304826166967004
2025-03-02 15:00:00,100.18,102.95906093737915,101.71579,104.82396192901915,-2.7790609373791426
2025-03-02 16:00:00,109.82,117.37016813424054,118.98785,114.9436507738338,-7.55016813424055
2025-03-02 17:00:00,141.62,134.89685398813668,137.86922,130.43829814783192,6.723146011863321
2025-03-02 18:00:00,150.36,142.37033590712642,145.44057,137.76498161351918,7.989664092873596
2025-03-02 19:00:00,132.32,131.05905793893515,131.51793,130.37074741691794,1.2609420610648385
2025-03-02 20:00:00,118.72,118.002144865832,116.560326,120.16487373074209,0.7178551341680048
2025-03-02 21:00:00,113.26,116.14444498310661,115.88995,116.52617822314738,-2.8844449831066044
2025-03-02 22:00:00,104.93,110.40951533055105,108.84432,112.75730120479558,-5.479515330551038
2025-03-02 23:00:00,102.59,108.7268038869392,108.79895,108.61857679498468,-6.136803886939191
2025-03-03 00:00:00,103.45,108.47602519962865,108.742874,108.07574415141535,-5.0260251996286485
2025-03-03 01:00:00,105.05,107.52642384109618,108.09686,106.67075015449824,-2.476423841096178
2025-03-03 02:00:00,103.2,103.1401740556816,102.292656,104.41144740727039,0.05982594431840482
2025-03-03 03:00:00,106.71,104.22031575126633,103.01679,106.02559521007497,2.489684248733667
2025-03-03 04:00:00,108.16,106.78570917265216,103.72951,111.37000985484818,1.374290827347835
2025-03-03 05:00:00,121.43,114.73854525817356,111.437706,119.6898003402581,6.691454741826448
2025-03-03 06:00:00,144.28,127.13038003478994,125.58236,129.45240348663305,17.149619965210064
2025-03-03 07:00:00,150.42,132.65747479366905,132.42184,133.01091263114532,17.762525206330935
2025-03-03 08:00:00,142.64,128.13557690776287,128.33621,127.83461258801064,14.504423092237118
2025-03-03 09:00:00,131.15,118.54645610321847,116.66031,121.37567700121022,12.603543896781531
2025-03-03 10:00:00,111.54,109.01605163930907,105.39327,114.45021477637327,2.5239483606909374
2025-03-03 11:00:00,103.78,101.43819076897095,97.283585,107.6700981229889,2.341809231029046
2025-03-03 12:00:00,97.23,95.9580272359944,89.72792,105.30318347694886,1.2719727640056107
2025-03-03 13:00:00,95.91,94.67851483430599,89.34975,102.67165749286946,1.2314851656940107
2025-03-03 14:00:00,96.35,100.48767644078586,96.81273,106.00009396451345,-4.137676440785867
2025-03-03 15:00:00,121.17,113.35714603235519,110.59393,117.50196160798757,7.812853967644813
2025-03-03 16:00:00,117.68,133.5788520901323,133.07245,134.33844187083855,-15.898852090132294
2025-03-03 17:00:00,155.29,161.92430804438618,162.66432,160.8142834471471,-6.634308044386188
2025-03-03 18:00:00,171.18,172.01941724308102,175.35408,167.0174037339233,-0.8394172430810158
2025-03-03 19:00:00,146.08,151.26093865991197,153.1728,148.3931303411862,-5.180938659911959
2025-03-03 20:00:00,128.26,129.46473919140547,130.68266,127.6378497180156,-1.20473919140548
2025-03-03 21:00:00,121.54,120.98205996533106,123.47209,117.24700095702882,0.5579400346689454
2025-03-03 22:00:00,117.08,114.60893107997892,114.85266,114.24333218603127,2.4710689200210822
2025-03-03 23:00:00,117.7,111.87120691496193,111.83685,111.92273774638922,5.828793085038072
2025-03-04 00:00:00,114.93,105.98147820395732,105.523186,106.66890737817941,8.948521796042684
2025-03-04 01:00:00,111.55,105.64914516213116,105.89181,105.28514394170487,5.900854837868835
2025-03-04 02:00:00,107.08,102.47635215587931,101.39641,104.09625873137307,4.603647844120687
2025-03-04 03:00:00,104.34,103.16137392465632,101.9353,105.00047880272965,1.1786260753436864
2025-03-04 04:00:00,106.87,106.3954511314669,104.53077,109.19246808440457,0.4745488685331054
2025-03-04 05:00:00,124.56,118.08683518262373,116.527596,120.42569467653001,6.473164817376272
2025-03-04 06:00:00,157.08,134.23779928567436,135.32654,132.60469108527963,22.842200714325656
2025-03-04 07:00:00,149.84,141.65990838318896,146.17168,134.89224456026733,8.18009161681104
2025-03-04 08:00:00,128.15,132.23388898943466,136.85341,125.30460925337182,-4.083888989434655
2025-03-04 09:00:00,113.55,111.45591648618218,111.59441,111.24816676477184,2.0940835138178215
2025-03-04 10:00:00,103.25,96.72424765528946,96.03542,97.75747468326759,6.52575234471054
2025-03-04 11:00:00,98.06,84.53186151328788,80.59296,90.44020943202338,13.528138486712123
2025-03-04 12:00:00,86.97,84.8263415817525,81.178444,90.29818046194958,2.1436584182474974
2025-03-04 13:00:00,78.77,88.23248526881477,85.190865,92.79491060550862,-9.462485268814774
2025-03-04 14:00:00,91.87,90.14561365064671,85.72125,96.78214783511288,1.7243863493532956
2025-03-04 15:00:00,110.75,98.92476232704428,92.91983,107.932156519515,11.825237672955723
2025-03-04 16:00:00,114.08,113.1680219510094,111.2108,116.10383936238674,0.9119780489906049
2025-03-04 17:00:00,144.51,128.1107471669724,129.72964,125.68238931025324,16.39925283302759
2025-03-04 18:00:00,159.61,132.03564975505017,130.66281,134.09489983928557,27.57435024494984
2025-03-04 19:00:00,137.97,128.00673953850185,126.383934,130.44094781476048,9.963260461498152
2025-03-04 20:00:00,115.91,119.23622262383039,115.98978,124.10587638379471,-3.3262226238303896
2025-03-04 21:00:00,112.95,114.07436680075057,111.659195,117.697113138351,-1.1243668007505647
2025-03-04 22:00:00,106.29,99.48698964411957,95.088394,106.08487523334583,6.803010355880431
2025-03-04 23:00:00,96.62,90.7451166233009,88.30338,94.40770961855497,5.874883376699103
2025-03-05 00:00:00,92.48,89.5717162588299,88.13631,91.72482478098584,2.9082837411701092
2025-03-05 01:00:00,88.6,89.3409036689323,88.83273,90.1031575335368,-0.7409036689323045
2025-03-05 02:00:00,84.75,79.7344183750109,75.89434,85.49453135012493,5.015581624989096
2025-03-05 03:00:00,84.63,79.67440465795855,76.494484,84.4442857232655,4.955595342041448
2025-03-05 04:00:00,85.99,84.63825727720891,82.40446,87.98895183254865,1.3517427227910872
2025-03-05 05:00:00,106.04,107.58240247356188,109.38127,104.88408388165861,-1.5424024735618787
2025-03-05 06:00:00,141.84,127.26272003882877,127.77515,126.49406892641764,14.577279961171229
2025-03-05 07:00:00,136.42,137.0742399617272,140.46017,131.9953304341031,-0.6542399617271997
2025-03-05 08:00:00,114.76,127.17913902319268,130.12405,122.76176662536449,-12.41913902319267
2025-03-05 09:00:00,97.57,112.60335210802009,113.341934,111.49546751980608,-15.033352108020097
2025-03-05 10:00:00,72.98,92.06439287989238,90.41048,94.54526145082957,-19.084392879892377
2025-03-05 11:00:00,50.62,80.35425226253325,78.80028,82.68521409139171,-29.734252262533253
2025-03-05 12:00:00,30.17,69.29104081334832,63.331272,78.23069193815596,-39.121040813348316
2025-03-05 13:00:00,30.11,66.49343671174952,60.223,75.89909051289433,-36.383436711749525
2025-03-05 14:00:00,68.86,62.02035207722753,53.247353,75.17985033924802,6.839647922772471
2025-03-05 15:00:00,90.41,87.48422887124664,83.073456,94.10038655494768,2.925771128753354
2025-03-05 16:00:00,113.82,114.36917244584278,110.42513,120.28522817271241,-0.5491724458427854
2025-03-05 17:00:00,134.75,134.1823054398846,131.33772,138.4491756175338,0.5676945601153989
2025-03-05 18:00:00,151.23,144.35660269848137,143.6962,145.3472066668577,6.873397301518622
2025-03-05 19:00:00,130.67,132.0998342428481,130.02658,135.20970294720811,-1.4298342428481021
2025-03-05 20:00:00,110.89,119.45418242014479,117.32338,122.65038677545962,-8.564182420144789
2025-03-05 21:00:00,110.29,112.629099759495,111.48018,114.3524811492258,-2.3390997594949994
2025-03-05 22:00:00,108.41,96.66662532140936,90.886055,105.33747509246379,11.74337467859064
2025-03-05 23:00:00,93.33,92.31582142970372,88.873024,97.48000805729151,1.0141785702962807
2025-03-06 00:00:00,91.03,91.05845650302564,88.863945,94.35021420983458,-0.028456503025637403
2025-03-06 01:00:00,90.1,94.87437157939036,94.21924,95.85706961925223,-4.774371579390362
2025-03-06 02:00:00,88.56,95.8537221108702,95.1951,96.8416512396999,-7.293722110870192
2025-03-06 03:00:00,86.66,96.79729169729822,94.76056,99.85238299080413,-10.137291697298224
2025-03-06 04:00:00,95.68,103.50312243782534,101.484085,106.53167274800572,-7.823122437825333
2025-03-06 05:00:00,108.97,118.89969935100879,118.24108,119.88762652083253,-9.929699351008793
2025-03-06 06:00:00,138.83,139.34204643422947,141.25754,136.46880550818113,-0.5120464342294611
2025-03-06 07:00:00,134.87,138.12747440678754,139.57173,135.9610810365001,-3.257474406787537
2025-03-06 08:00:00,123.32,122.83360938614967,122.87701,122.76851366923158,0.48639061385031823
2025-03-06 09:00:00,103.43,102.45327869894982,101.96309,103.18855563409329,0.9767213010501905
2025-03-06 10:00:00,86.37,84.15397239043293,85.92321,81.50011003797198,2.216027609567078
2025-03-06 11:00:00,65.31,71.30257750053377,72.02647,70.21674038219382,-5.99257750053377
2025-03-06 12:00:00,46.04,60.862317787594264,53.94292,71.24141153441533,-14.822317787594265
2025-03-06 13:00:00,45.31,65.78203722427413,61.61194,72.03718534584158,-20.472037224274132
2025-03-06 14:00:00,66.9,65.34281693347246,58.24334,75.9920253964253,1.5571830665275428
2025-03-06 15:00:00,93.89,91.02402441962099,88.27431,95.14859063584444,2.865975580379015
2025-03-06 16:00:00,113.93,110.53705656904424,108.32869,113.84960324512038,3.392943430955768
2025-03-06 17:00:00,135.78,127.54366608475864,129.44315,124.69443132517785,8.23633391524136
2025-03-06 18:00:00,141.86,132.92443428811038,134.78232,130.13760473272714,8.935565711889637
2025-03-06 19:00:00,126.2,120.86929198644242,120.75188,121.04541471952402,5.330708013557583
2025-03-06 20:00:00,104.25,110.220538759195,109.289055,111.6177645920793,-5.970538759194994
2025-03-06 21:00:00,102.4,100.96147246756476,98.61046,104.48798407113357,1.438527532435245
2025-03-06 22:00:00,88.61,85.4261020385286,81.65941,91.07613652027169,3.183897961471402
2025-03-06 23:00:00,80.66,73.65539244653223,71.69374,76.59786412719484,7.004607553467764
2025-03-07 00:00:00,85.03,76.71562363610758,75.346085,78.76992647613321,8.314376363892421
2025-03-07 01:00:00,87.04,76.21689208575076,74.972664,78.0832286732392,10.823107914249249
2025-03-07 02:00:00,93.59,76.21450288292073,72.86389,81.2404121755635,17.375497117079277
2025-03-07 03:00:00,101.29,80.21797063319697,76.419716,85.91535276097093,21.072029366803037
2025-03-07 04:00:00,102.33,101.64794750403115,99.772995,104.46036863800758,0.682052495968847
2025-03-07 05:00:00,112.73,121.33621795812815,120.06835,123.23800583282038,-8.606217958128141
2025-03-07 06:00:00,118.49,138.78084179325913,137.59787,140.5552958588802,-20.290841793259133
2025-03-07 07:00:00,110.81,147.31719818337143,150.55305,142.46341324407314,-36.50719818337143
2025-03-07 08:00:00,119.82,133.12283836937485,133.36964,132.75262204648402,-13.302838369374854
2025-03-07 09:00:00,124.84,118.21352241302466,115.678474,122.01608294906555,6.626477586975341
2025-03-07 10:00:00,117.69,112.9505539308157,112.43229,113.72795114173651,4.739446069184297
2025-03-07 11:00:00,108.4,107.83606357962154,107.27032,108.68468333259878,0.563936420378468
2025-03-07 12:00:00,105.87,105.51622162843492,104.52269,107.00651552738614,0.3537783715650846
2025-03-07 13:00:00,100.43,104.14214406151939,102.88177,106.03270733702601,-3.712144061519382
2025-03-07 14:00:00,100.3,107.40313266221077,107.18213,107.7346306667574,-7.1031326622107684
2025-03-07 15:00:00,109.13,119.21910319169751,119.94194,118.13484751781799,-10.089103191697518
2025-03-07 16:00:00,128.86,137.84415412365033,140.36578,134.06169832792466,-8.984154123650313
2025-03-07 17:00:00,151.07,157.07198371797645,162.9718,148.22223758473604,-6.001983717976458
2025-03-07 18:00:00,140.63,156.54733957192505,162.68146,147.34615120642394,-15.917339571925055
2025-03-07 19:00:00,119.43,133.36155960672448,136.66565,128.4054248957175,-13.931559606724477
2025-03-07 20:00:00,112.51,113.4533354647171,113.86686,112.83303424895094,-0.9433354647170944
2025-03-07 21:00:00,112.01,107.49712336941317,107.53127,107.44588764716576,4.512876630586831
2025-03-07 22:00:00,99.08,101.65732712428448,100.564514,103.29654084843092,-2.57732712428448
2025-03-07 23:00:00,101.05,101.71379403217816,103.77322,98.62465689441024,-0.6637940321781599
2025-03-08 00:00:00,100.76,105.30867189704433,106.728065,103.17957387713231,-4.548671897044329
2025-03-08 01:00:00,101.8,101.79770076119016,102.19503,101.20170086232599,0.002299238809840176
2025-03-08 02:00:00,102.11,97.33342816348144,96.668304,98.33110992896727,4.776571836518556
2025-03-08 03:00:00,105.04,96.02890284680333,95.88289,96.24791820404445,9.011097153196673
2025-03-08 04:00:00,100.19,97.11687930043414,97.83499,96.03970725377087,3.0731206995658624
2025-03-08 05:00:00,100.26,98.46981242724726,97.74562,99.55609806946094,1.7901875727527425
2025-03-08 06:00:00,106.47,104.87767672839362,104.41456,105.57234466827411,1.592323271606375
2025-03-08 07:00:00,102.8,104.12181260298684,101.47548,108.09131091115363,-1.3218126029868387
2025-03-08 08:00:00,102.08,108.71968844478653,108.81266,108.58022697134132,-6.639688444786529
2025-03-08 09:00:00,96.57,98.92278818563818,97.92685,100.41669260154663,-2.3527881856381896
2025-03-08 10:00:00,86.98,88.27299513162264,91.95808,82.74537120613178,-1.2929951316226322
2025-03-08 11:00:00,78.52,66.731663869884,68.473976,64.11818784243462,11.788336130115994
2025-03-08 12:00:00,69.21,55.73494878558395,57.683167,52.81261839340323,13.475051214416041
2025-03-08 13:00:00,70.63,61.33862188179846,65.827736,54.60494703848053,9.291378118201536
2025-03-08 14:00:00,74.4,73.21855594276434,77.58462,66.66945580539718,1.181444057235666
2025-03-08 15:00:00,85.05,96.6589254247724,101.21947,89.81810900260481,-11.608925424772409
2025-03-08 16:00:00,105.23,111.75872539801021,112.101425,111.2446719239806,-6.528725398010209
2025-03-08 17:00:00,129.63,129.94320284452903,128.52272,132.07392660595144,-0.31320284452903024
2025-03-08 18:00:00,132.34,134.92422455894786,133.44647,137.140845516022,-2.5842245589478523
2025-03-08 19:00:00,120.16,122.9300893647398,121.0933,125.68526598387098,-2.7700893647398033
2025-03-08 20:00:00,97.01,113.55584331191343,112.38563,115.31115521581876,-16.54584331191343
2025-03-08 21:00:00,101.24,109.60062936989212,109.297165,110.05582223454475,-8.360629369892123
2025-03-08 22:00:00,100.81,105.30374141361817,105.406136,105.1501463807251,-4.493741413618167
2025-03-08 23:00:00,92.7,106.23786835816432,108.25657,103.2098175323737,-13.537868358164317
2025-03-09 00:00:00,99.46,107.54105075668681,111.0725,102.24387368737132,-8.081050756686821
2025-03-09 01:00:00,102.92,107.24601183101714,111.01712,101.58934140615611,-4.326011831017141
2025-03-09 02:00:00,102.5,103.0045762152568,105.34464,99.49447276470448,-0.5045762152568045
2025-03-09 03:00:00,102.43,101.71941072719467,103.71888,98.72019963903159,0.7105892728053362
2025-03-09 04:00:00,100.61,101.40771113371602,103.022156,98.98603465496873,-0.797711133716021
2025-03-09 05:00:00,98.78,102.52200095487453,102.67544,102.29183595957403,-3.742000954874527
2025-03-09 06:00:00,103.43,105.01646292954496,102.7214,108.45905931666024,-1.5864629295449504
2025-03-09 07:00:00,104.08,109.45608397569677,106.591995,113.75220945096065,-5.376083975696773
2025-03-09 08:00:00,101.81,112.09899762971048,111.01323,113.7276423897059,-10.28899762971048
2025-03-09 09:00:00,105.21,103.88467043045745,100.9817,108.23912663766706,1.3253295695425464
2025-03-09 10:00:00,99.6,95.3055806976973,94.64366,96.29845758835944,4.2944193023027
2025-03-09 11:00:00,97.09,85.35686131943262,84.39902,86.79362348290775,11.733138680567379
2025-03-09 12:00:00,101.43,77.85748366961619,76.15061,80.4177875431811,23.57251633038382
2025-03-09 13:00:00,101.83,80.21001706177478,78.56356,82.67969811097993,21.61998293822522
2025-03-09 14:00:00,101.45,90.53557364878039,91.42996,89.193987069949,10.914426351219618
2025-03-09 15:00:00,106.7,103.57642352830733,103.836845,103.18578690914723,3.1235764716926724
2025-03-09 16:00:00,108.28,124.44379806049719,125.89182,122.27175711413359,-16.163798060497186
2025-03-09 17:00:00,139.47,152.5456359154832,155.5766,147.99918347767283,-13.07563591548319
2025-03-09 18:00:00,144.43,153.7100600972868,155.69653,150.73034280913495,-9.280060097286793
2025-03-09 19:00:00,133.65,134.18426114483623,134.45851,133.77287820388744,-0.534261144836222
2025-03-09 20:00:00,116.19,116.28450849970399,115.66454,117.2144527067795,-0.09450849970399133
2025-03-09 21:00:00,104.69,111.21599577234986,110.61038,112.12440486666564,-6.525995772349859
2025-03-09 22:00:00,107.09,108.4010789465521,108.53234,108.20417823185875,-1.3110789465521009
2025-03-09 23:00:00,98.6,104.74369000343626,104.4046,105.2523123956756,-6.143690003436262
2025-03-10 00:00:00,99.48,102.6386409557154,103.45199,101.41861815161761,-3.1586409557153985
2025-03-10 01:00:00,98.54,104.47517988334752,107.061584,100.59556536998991,-5.935179883347516
2025-03-10 02:00:00,91.34,101.97018564348693,103.343765,99.90981431318511,-10.630185643486925
2025-03-10 03:00:00,86.73,103.09720256129773,104.26781,101.34128635624725,-16.36720256129773
2025-03-10 04:00:00,87.19,108.02764947327394,108.60417,107.16285842439578,-20.83764947327394
2025-03-10 05:00:00,99.29,119.98249307580507,121.90129,117.1042887197861,-20.69249307580506
2025-03-10 06:00:00,126.02,129.47818203294412,128.88158,130.37308264583683,-3.458182032944123
2025-03-10 07:00:00,129.2,128.56043206823512,126.66661,131.40115646453307,0.6395679317648728
2025-03-10 08:00:00,116.69,122.96102345672556,122.78348,123.22733433761466,-6.271023456725558
2025-03-10 09:00:00,103.49,115.38685281083218,115.188576,115.684253151348,-11.896852810832186
2025-03-10 10:00:00,96.8,105.69603201272892,104.25418,107.85880676216897,-8.896032012728924
2025-03-10 11:00:00,92.59,98.69821092952742,96.4566,102.06063085470231,-6.1082109295274165
2025-03-10 12:00:00,86.89,95.00709011181593,93.87936,96.69868116638065,-8.117090111815926
2025-03-10 13:00:00,85.22,93.50604216759791,94.14739,92.54401128752502,-8.286042167597913
2025-03-10 14:00:00,88.0,93.81867533085904,94.28252,93.12290979321205,-5.818675330859037
2025-03-10 15:00:00,101.18,102.09304934928123,103.53898,99.9241478788183,-0.9130493492812235
2025-03-10 16:00:00,115.12,113.49479085701546,117.581215,107.3651547853609,1.625209142984545
2025-03-10 17:00:00,131.33,129.7519202144038,134.53336,122.57975933727909,1.578079785596202
2025-03-10 18:00:00,145.4,127.71215488393234,130.2569,123.89502649205741,17.687845116067663
2025-03-10 19:00:00,126.4,116.36986066086072,118.03545,113.87146714287447,10.030139339139282
2025-03-10 20:00:00,105.77,106.26424715187775,110.33735,100.15457921392289,-0.49424715187775803
2025-03-10 21:00:00,105.76,96.45674560234818,100.71269,90.07282370740853,9.303254397651827
2025-03-10 22:00:00,92.65,87.26670598757217,90.208466,82.85406469732396,5.3832940124278394
2025-03-10 23:00:00,96.18,79.22790137193815,82.42904,74.42619302029948,16.95209862806186
2025-03-11 00:00:00,95.91,81.59656320068862,83.61458,78.5695310943729,14.313436799311376
2025-03-11 01:00:00,95.09,80.8223812067919,81.40466,79.94895266602762,14.2676187932081
2025-03-11 02:00:00,93.02,82.17352644559003,83.01819,80.90652386238813,10.846473554409968
2025-03-11 03:00:00,91.28,84.13517300310698,84.41312,83.71825019575576,7.144826996893016
2025-03-11 04:00:00,94.9,91.64006814560248,90.85308,92.82053970299546,3.2599318543975215
2025-03-11 05:00:00,104.64,110.97644967720727,112.248184,109.06883644277403,-6.33644967720727
2025-03-11 06:00:00,124.59,127.71546438079451,126.64143,129.3265027488613,-3.1254643807945115
2025-03-11 07:00:00,135.73,131.5117756285776,132.3422,130.26614103677605,4.218224371422394
2025-03-11 08:00:00,123.32,125.6923525980347,126.98317,123.75612334689339,-2.372352598034709
2025-03-11 09:00:00,108.87,110.39736927623736,108.342,113.48041507291758,-1.5273692762373514
2025-03-11 10:00:00,100.35,100.33298787617795,98.857,102.54695676625053,0.017012123822041758
2025-03-11 11:00:00,95.74,95.28308110347355,94.58665,96.32772457875222,0.4569188965264459
2025-03-11 12:00:00,95.09,95.47098380155212,95.00718,96.16668298410491,-0.3809838015521194
2025-03-11 13:00:00,95.06,95.8995202254551,95.12046,97.06810789090827,-0.8395202254551037
2025-03-11 14:00:00,100.86,99.73301109921752,98.50721,101.57170735924987,1.1269889007824787
2025-03-11 15:00:00,113.39,109.29892599906097,107.70094,111.69589669320904,4.091074000939031
2025-03-11 16:00:00,114.15,127.67191422133644,128.42186,126.54699594152468,-13.52191422133643
2025-03-11 17:00:00,136.71,139.15543353270238,139.74265,138.2746121215509,-2.445433532702367
2025-03-11 18:00:00,155.02,143.5996400046484,145.53323,140.6992342889647,11.420359995351617
2025-03-11 19:00:00,133.78,129.4500007100018,130.99934,127.12597833750453,4.329999289998199
2025-03-11 20:00:00,116.51,110.92597437004105,109.9133,112.44497895488776,5.584025629958958
2025-03-11 21:00:00,113.02,108.56080453689856,109.09503,107.7594522907327,4.459195463101437
2025-03-11 22:00:00,105.74,101.45039959054355,100.24119,103.264213087687,4.28960040945644
2025-03-11 23:00:00,105.38,98.70664484395746,97.667786,100.26492792105088,6.673355156042533
2025-03-12 00:00:00,102.98,99.3162536700957,99.240715,99.42955972760743,3.663746329904299
2025-03-12 01:00:00,100.71,97.66661650270558,98.28224,96.74316898808718,3.043383497294414
2025-03-12 02:00:00,96.65,94.00346475911627,93.524155,94.72242608846452,2.646535240883736
2025-03-12 03:00:00,95.63,92.73387974754547,90.58377,95.95903561153943,2.896120252454523
2025-03-12 04:00:00,96.36,97.68254052717634,96.13899,99.9978533168422,-1.3225405271763435
2025-03-12 05:00:00,106.62,110.74439967307637,109.54516,112.54325778864794,-4.124399673076368
2025-03-12 06:00:00,126.34,128.21905662593974,127.394745,129.45551281118728,-1.8790566259397394
2025-03-12 07:00:00,133.83,129.76840301015383,128.83267,131.17199171727913,4.06159698984618
2025-03-12 08:00:00,123.3,120.12398738918083,120.48457,119.58309698247356,3.1760126108191713
2025-03-12 09:00:00,112.96,108.083205466197,106.38994,110.6231004117083,4.876794533802993
2025-03-12 10:00:00,103.86,101.04317356329473,98.49943,104.85878649307568,2.81682643670527
2025-03-12 11:00:00,99.02,96.2400896693756,93.39172,100.5126291874771,2.7799103306243893
2025-03-12 12:00:00,98.37,95.19286966398278,91.64943,100.50802827067469,3.1771303360172283
2025-03-12 13:00:00,96.19,97.42326003107272,95.313644,100.5876739271691,-1.2332600310727173
2025-03-12 14:00:00,98.51,100.7263112984055,98.45429,104.1343321705743,-2.2163112984055005
2025-03-12 15:00:00,111.05,109.26121995822969,106.823715,112.91747326593554,1.788780041770309
2025-03-12 16:00:00,112.83,124.0918265469714,123.72341,124.64444902734061,-11.261826546971406
2025-03-12 17:00:00,143.17,138.14123983533898,138.6381,137.39592719454862,5.0287601646610085
2025-03-12 18:00:00,167.86,148.51721439326747,150.21645,145.9683670988913,19.342785606732548
2025-03-12 19:00:00,141.55,127.39030037869824,124.856415,131.19112875436278,14.159699621301769
2025-03-12 20:00:00,124.14,118.41301871229848,120.33126,115.53564431492589,5.72698128770152
2025-03-12 21:00:00,111.86,112.96886234665412,115.972885,108.46282435418412,-1.1088623466541208
2025-03-12 22:00:00,109.07,107.60788395527774,108.629166,106.0759461552842,1.4621160447222508
2025-03-12 23:00:00,104.49,105.53106413413202,105.55849,105.48992420556931,-1.0410641341320286
2025-03-13 00:00:00,103.81,103.34184362138424,103.964645,102.4076390674987,0.46815637861575965
2025-03-13 01:00:00,103.62,101.73784137031782,101.95455,101.41277015858265,1.8821586296821806
2025-03-13 02:00:00,99.24,99.5031975812802,98.692986,100.71850992915267,-0.26319758128020965
2025-03-13 03:00:00,98.35,99.46973695804189,97.61349,102.25410199288302,-1.1197369580418979
2025-03-13 04:00:00,100.79,103.24866937802994,100.48812,107.38948998865393,-2.4586693780299385
2025-03-13 05:00:00,114.52,114.87438194297124,112.986534,117.70614605005507,-0.35438194297124426
2025-03-13 06:00:00,134.99,133.31902563753334,133.64804,132.82549530721224,1.6709743624666658
2025-03-13 07:00:00,145.35,138.47885685111063,140.42029,135.56670618417309,6.8711431488893595
2025-03-13 08:00:00,137.57,133.3841719385162,136.52818,128.66814011240376,4.1858280614837895
2025-03-13 09:00:00,121.03,121.31910545136586,122.46059,119.60687236254552,-0.28910545136585597
2025-03-13 10:00:00,112.25,112.3102642513739,113.23119,110.92885887062222,-0.06026425137389424
2025-03-13 11:00:00,109.77,108.35777512044322,109.96529,105.94650841878382,1.4122248795567742
2025-03-13 12:00:00,111.74,104.94939793724633,105.996056,103.37940190183164,6.790602062753663
2025-03-13 13:00:00,112.84,103.507975392118,104.33497,102.2674818152559,9.332024607882005
2025-03-13 14:00:00,116.09,106.31877719740388,105.81277,107.07778482090224,9.771222802596128
2025-03-13 15:00:00,118.73,117.82110370630997,116.4269,119.91238985049173,0.9088962936900344
2025-03-13 16:00:00,138.88,139.23170140385997,140.58243,137.2056115418765,-0.35170140385997684
2025-03-13 17:00:00,167.5,164.84851646408674,167.21642,161.29664897882037,2.6514835359132576
2025-03-13 18:00:00,176.88,183.3166617314862,188.62396,175.35569165171356,-6.436661731486197
2025-03-13 19:00:00,156.88,156.74731032584344,157.86868,155.06524007852465,0.13268967415655197
2025-03-13 20:00:00,137.81,130.20854122696525,130.807,129.31083518411236,7.60145877303475
2025-03-13 21:00:00,124.88,116.76339926585372,119.77447,112.24678551814992,8.116600734146274
2025-03-13 22:00:00,119.08,108.43330786218891,111.433655,103.93277221894881,10.646692137811087
2025-03-13 23:00:00,115.92,104.44118763174407,106.217766,101.77631083045881,11.47881236825593
2025-03-14 00:00:00,113.84,102.57587516927967,104.8283,99.1972276723447,11.264124830720334
2025-03-14 01:00:00,113.32,102.39972773155358,105.236984,98.1438372274435,10.92027226844641
2025-03-14 02:00:00,108.97,100.31922873270307,102.13618,97.593802422578,8.650771267296932
2025-03-14 03:00:00,106.29,100.8391806924916,101.9152,99.2251509042026,5.450819307508411
2025-03-14 04:00:00,109.47,104.7641378988718,105.18124,104.13848080980155,4.705862101128204
2025-03-14 05:00:00,125.71,118.62405562005873,120.614845,115.63785969223665,7.085944379941267
2025-03-14 06:00:00,145.85,130.88572170258908,130.10738,132.05322866443166,14.964278297410914
2025-03-14 07:00:00,152.61,146.12247916012922,147.55849,143.96845986321364,6.487520839870797
2025-03-14 08:00:00,142.89,139.5833231908244,140.6774,137.9422061399028,3.306676809175599
2025-03-14 09:00:00,124.88,121.55592695193499,121.04632,122.32033648384136,3.324073048065003
2025-03-14 10:00:00,110.52,112.75933769916759,113.56717,111.54758283434472,-2.239337699167592
2025-03-14 11:00:00,105.53,107.8684235206681,108.91031,106.30558028604527,-2.338423520668101
2025-03-14 12:00:00,103.6,108.55130842923091,109.106544,107.71845051643668,-4.95130842923092
2025-03-14 13:00:00,104.74,110.89354253206375,111.05742,110.6477242805988,-6.153542532063753
2025-03-14 14:00:00,105.04,115.08345774450736,114.559074,115.87001749969612,-10.04345774450735
2025-03-14 15:00:00,112.03,121.96603597592224,121.64433,122.44858298179777,-9.936035975922238
2025-03-14 16:00:00,134.67,145.8244401258932,147.67181,143.05337936746736,-11.154440125893217
2025-03-14 17:00:00,157.01,162.73609773836952,161.7142,164.26892858054293,-5.726097738369532
2025-03-14 18:00:00,160.87,164.35447153219712,162.08987,167.75135598503377,-3.4844715321971194
2025-03-14 19:00:00,145.71,146.73528150345265,144.90091,149.48682436410036,-1.0252815034526463
2025-03-14 20:00:00,126.98,131.3126548063945,133.36768,128.23011952941403,-4.332654806394501
2025-03-14 21:00:00,119.26,119.60366319149139,123.14332,114.29417308492962,-0.34366319149138747
2025-03-14 22:00:00,107.75,112.83655829464067,116.53371,107.29082810964856,-5.0865582946406676
2025-03-14 23:00:00,115.79,108.33967722584018,109.35709,106.81354853335041,7.4503227741598295
2025-03-15 00:00:00,117.41,112.89857721192647,112.19415,113.95519852298023,4.511422788073531
2025-03-15 01:00:00,112.21,110.14864503648951,108.94566,111.95310978360659,2.0613549635104818
2025-03-15 02:00:00,106.24,107.76754047174435,107.037285,108.86291627335503,-1.5275404717443593
2025-03-15 03:00:00,101.22,107.27486776309988,107.93733,106.28115591898016,-6.054867763099878
2025-03-15 04:00:00,100.48,105.60419713236834,106.03068,104.96447232310835,-5.124197132368337
2025-03-15 05:00:00,99.09,109.7827318793466,110.393936,108.86591401843485,-10.692731879346596
2025-03-15 06:00:00,104.95,118.49935459849704,120.19208,115.96026241176995,-13.549354598497032
2025-03-15 07:00:00,108.68,123.2483336303297,126.394936,118.52841540516994,-14.56833363032969
2025-03-15 08:00:00,113.97,121.48445716631426,124.32213,117.22795047193796,-7.5144571663142585
2025-03-15 09:00:00,113.86,111.58533261694818,110.85138,112.6862471917845,2.2746673830518205
2025-03-15 10:00:00,110.39,105.30236151497411,103.74797,107.63394600850461,5.0876384850258916
2025-03-15 11:00:00,106.22,102.08260640606179,101.5451,102.88886808119452,4.137393593938214
2025-03-15 12:00:00,104.55,98.85511518996091,98.365265,99.58988491398918,5.694884810039085
2025-03-15 13:00:00,100.01,97.16272976835143,96.96114,97.46510155100549,2.8472702316485794
2025-03-15 14:00:00,98.25,97.78153326726422,97.56334,98.10881859601702,0.4684667327357772
2025-03-15 15:00:00,102.03,103.4123857849614,102.952484,104.10223445141717,-1.3823857849614
2025-03-15 16:00:00,108.34,120.38906279399552,121.94158,118.06026913708838,-12.049062793995517
2025-03-15 17:00:00,131.08,138.30862457212663,141.21814,133.94434051356853,-7.22862457212662
2025-03-15 18:00:00,149.84,144.83605685291104,147.12927,141.39622962617406,5.003943147088961
2025-03-15 19:00:00,137.99,133.31889286643317,134.51468,131.52520991876847,4.671107133566835
2025-03-15 20:00:00,118.34,120.97791502451079,123.18032,117.67429882226328,-2.6379150245107894
2025-03-15 21:00:00,113.69,115.93701801870681,118.47227,112.13412906165959,-2.247018018706811
2025-03-15 22:00:00,110.07,110.3006601010982,111.28016,108.83140794317517,-0.23066010109820922
2025-03-15 23:00:00,108.32,112.6196594083801,113.56973,111.19453426313773,-4.2996594083801085
2025-03-16 00:00:00,113.37,114.87199587329387,117.474724,110.96788870056865,-1.5019958732938647
2025-03-16 01:00:00,114.64,111.01890696202196,112.24439,109.18066355373655,3.621093037978042
2025-03-16 02:00:00,118.21,107.61241494156113,108.27759,106.61465551796532,10.597585058438867
2025-03-16 03:00:00,102.98,104.8732547414,105.43585,104.02935496263086,-1.8932547413999998
2025-03-16 04:00:00,98.36,104.61627801477846,105.825874,102.80188163667756,-6.256278014778459
2025-03-16 05:00:00,96.17,101.41107103962196,100.55524,102.69481474505099,-5.241071039621957
2025-03-16 06:00:00,95.32,106.12895924459784,105.97114,106.36568920341352,-10.808959244597844
2025-03-16 07:00:00,102.3,107.3297232930348,105.94456,109.40746291093173,-5.029723293034806
2025-03-16 08:00:00,105.84,110.46452694158131,109.2624,112.26771307538883,-4.624526941581308
2025-03-16 09:00:00,114.77,108.38744730086893,106.11729,111.79267869223581,6.382552699131068
2025-03-16 10:00:00,111.03,104.53761769498468,102.112785,108.17486050638256,6.492382305015326
2025-03-16 11:00:00,110.15,102.73127824919558,101.29449,104.88645749432686,7.418721750804423
2025-03-16 12:00:00,114.65,103.14855189985727,102.55421,104.04005994068322,11.501448100142738
2025-03-16 13:00:00,117.76,102.21342626507688,101.735085,102.93093123276054,15.546573734923129
2025-03-16 14:00:00,111.63,102.86492121270638,102.0973,104.01635080703451,8.765078787293618
2025-03-16 15:00:00,111.15,111.7168611727742,111.96571,111.34358268047063,-0.5668611727741961
2025-03-16 16:00:00,120.55,120.57359568950403,121.348045,119.41191357068388,-0.023595689504034567
2025-03-16 17:00:00,136.93,139.94706226088613,143.12297,135.1831883365415,-3.017062260886121
2025-03-16 18:00:00,151.43,147.06601747034557,149.9736,142.7046402334811,4.363982529654436
2025-03-16 19:00:00,136.37,129.70070503750173,130.01846,129.2240678916059,6.66929496249827
2025-03-16 20:00:00,116.15,117.75260325142466,119.01649,115.85676600209679,-1.6026032514246538
2025-03-16 21:00:00,111.92,110.80128820994418,111.1064,110.34361740596393,1.1187117900558263
2025-03-16 22:00:00,99.28,109.48744739297254,108.88855,110.38579377540012,-10.20744739297254
2025-03-16 23:00:00,95.79,109.15026472879227,107.98542,110.89753148140449,-13.36026472879226
2025-03-17 00:00:00,101.52,106.13816688117103,109.34076,101.33426302812288,-4.618166881171035
2025-03-17 01:00:00,105.79,106.0358889614051,109.5325,100.7909591283663,-0.2458889614051003
2025-03-17 02:00:00,98.06,106.93928748630282,109.98978,102.36355379876483,-8.879287486302815
2025-03-17 03:00:00,100.15,102.3988897535682,103.50687,100.73691897925741,-2.248889753568193
2025-03-17 04:00:00,101.93,103.68652095217288,102.67409,105.20516727911385,-1.7565209521728775
2025-03-17 05:00:00,120.06,111.28674456235345,110.27056,112.81101576379379,8.773255437646554
2025-03-17 06:00:00,134.97,124.36165319236792,125.51445,122.6324578710565,10.608346807632074
2025-03-17 07:00:00,135.22,130.27143888855437,132.5204,126.89798427582927,4.948561111445628
2025-03-17 08:00:00,134.97,127.01335997126392,128.69559,124.49001537615784,7.956640028736075
2025-03-17 09:00:00,127.78,122.43916625321991,124.72928,119.00399015697555,5.340833746780092
2025-03-17 10:00:00,115.74,116.74702113924005,118.56897,114.01408299946729,-1.0070211392400523
2025-03-17 11:00:00,107.41,114.76490332818,116.01671,112.88718050062575,-7.354903328180001
2025-03-17 12:00:00,104.8,116.82218955185637,118.44343,114.39031656152568,-12.022189551856371
2025-03-17 13:00:00,98.9,116.28174468298516,118.01478,113.68219068695507,-17.381744682985158
2025-03-17 14:00:00,96.16,114.84630310656465,114.75685,114.980480971978,-18.68630310656465
2025-03-17 15:00:00,104.4,119.80631967902825,117.885155,122.68806329669171,-15.406319679028243
2025-03-17 16:00:00,126.88,135.98520481098018,136.30379,135.5073311802825,-9.105204810980183
2025-03-17 17:00:00,157.0,148.45430667537545,148.62007,148.20565957173937,8.545693324624551
2025-03-17 18:00:00,164.86,148.7823656368027,150.25333,146.57591302389147,16.07763436319732
2025-03-17 19:00:00,143.64,127.86092801187046,128.2951,127.20965492957848,15.77907198812953
2025-03-17 20:00:00,117.02,110.14128154836834,111.185,108.57570753303023,6.878718451631656
2025-03-17 21:00:00,109.21,104.49793987622866,105.85524,102.46198607362825,4.712060123771337
2025-03-17 22:00:00,100.95,99.25865405390545,98.16605,100.89754684741007,1.6913459460945575
2025-03-17 23:00:00,99.62,98.65349174398904,97.690186,100.0984472249628,0.9665082560109681
2025-03-18 00:00:00,104.15,98.5843030759078,99.4233,97.32579751520896,5.565696924092208
2025-03-18 01:00:00,104.93,99.09716652862465,100.8579,96.45605680923254,5.832833471375352
2025-03-18 02:00:00,102.3,96.00029658541334,97.46915,93.79701374136539,6.299703414586659
2025-03-18 03:00:00,99.62,97.07728887530834,98.11853,95.5154210560687,2.542711124691664
2025-03-18 04:00:00,103.12,101.26310680541386,102.225784,99.81908674620067,1.8568931945861493
2025-03-18 05:00:00,119.11,113.99511014726451,115.56133,111.64577631420622,5.114889852735487
2025-03-18 06:00:00,139.15,129.3508834182866,133.00227,123.87378676226925,9.799116581713406
2025-03-18 07:00:00,135.53,129.7861038396271,133.82657,123.72539906439975,5.743896160372913
2025-03-18 08:00:00,118.89,116.16016666212568,118.73877,112.29225854374194,2.729833337874325
2025-03-18 09:00:00,101.24,102.36095751302713,103.58081,100.5311760549067,-1.120957513027136
2025-03-18 10:00:00,97.03,90.68481459969195,90.78808,90.5299095003285,6.345185400308054
2025-03-18 11:00:00,94.53,82.1993408008665,80.453,84.81883997824045,12.330659199133507
2025-03-18 12:00:00,94.64,80.55967457991156,77.56731,85.04822094990095,14.080325420088442
2025-03-18 13:00:00,95.39,82.68880219121112,78.50144,88.96983491528366,12.701197808788876
2025-03-18 14:00:00,94.72,89.22193076073387,82.373314,99.49484650937862,5.49806923926613
2025-03-18 15:00:00,96.07,103.87824400512561,100.4386,109.037708248898,-7.808244005125616
2025-03-18 16:00:00,114.51,119.00922616013148,118.20884,120.20979483148102,-4.499226160131471
2025-03-18 17:00:00,143.07,136.25821772442643,139.38255,131.57171466018718,6.811782275573563
2025-03-18 18:00:00,153.55,146.9708830382609,149.85725,142.64132655317175,6.579116961739118
2025-03-18 19:00:00,137.12,138.19566659272223,141.53403,133.18812201769424,-1.0756665927222286
2025-03-18 20:00:00,117.17,122.81806231933456,126.00281,118.04094437255516,-5.6480623193345565
2025-03-18 21:00:00,111.63,113.52207728340585,115.46075,110.614065431415,-1.892077283405854
2025-03-18 22:00:00,102.34,108.20206738126335,108.936615,107.1002459678068,-5.862067381263344
2025-03-18 23:00:00,96.79,107.26756073125986,108.79573,104.97529449782739,-10.477560731259857
2025-03-19 00:00:00,96.8,106.83602713751492,107.67522,105.5772352021857,-10.036027137514921
2025-03-19 01:00:00,97.76,107.641832222571,109.36403,105.05852190164232,-9.881832222570992
2025-03-19 02:00:00,97.76,107.25518745623222,108.30949,105.67373142744577,-9.495187456232216
2025-03-19 03:00:00,98.96,107.56987890949884,106.94506,108.50710236407913,-8.609878909498846
2025-03-19 04:00:00,105.6,111.29609758506359,108.57356,115.37988858546173,-5.6960975850635975
2025-03-19 05:00:00,124.51,127.05385313450239,126.479904,127.91476512995715,-2.5438531345023847
2025-03-19 06:00:00,145.33,145.64757458396465,147.07298,143.50946227778275,-0.31757458396464244
2025-03-19 07:00:00,140.06,145.83328646696785,146.24318,145.21843955609148,-5.773286466967846
2025-03-19 08:00:00,137.87,132.77458483490187,132.00334,133.9314343162586,5.095415165098132
2025-03-19 09:00:00,117.26,118.43196267467175,115.32445,123.09322760953094,-1.1719626746717466
2025-03-19 10:00:00,102.08,106.3791531828366,100.49646,115.20318729363937,-4.299153182836605
2025-03-19 11:00:00,98.96,101.13216668462097,94.5712,110.97361281750945,-2.1721666846209757
2025-03-19 12:00:00,98.32,98.54439044510852,91.60068,108.95995797007112,-0.22439044510852568
2025-03-19 13:00:00,98.58,98.31337312461682,92.41491,107.1610630453067,0.2666268753831815
2025-03-19 14:00:00,99.56,104.19788894459558,99.81898,110.76625251285611,-4.6378889445955735
2025-03-19 15:00:00,111.09,116.26957974587165,115.58745,117.2927733698061,-5.179579745871649
2025-03-19 16:00:00,124.49,133.6733817298029,134.53008,132.38833408524948,-9.183381729802917
2025-03-19 17:00:00,165.86,160.8374109846023,161.17653,160.32871499202324,5.0225890153977275
2025-03-19 18:00:00,182.41,181.94358961894494,188.09152,172.72167546337795,0.4664103810550557
2025-03-19 19:00:00,154.17,153.65165571404523,153.60423,153.72277865889237,0.518344285954754
2025-03-19 20:00:00,128.57,129.95330374911833,130.26016,129.4930158425224,-1.3833037491183404
2025-03-19 21:00:00,118.57,118.43867839324847,121.24416,114.23045071334575,0.13132160675152704
2025-03-19 22:00:00,112.41,108.85956708356267,109.92891,107.25553849748088,3.5504329164373303
2025-03-19 23:00:00,112.61,105.79518148675685,106.12207,105.30484252609621,6.814818513243154
2025-03-20 00:00:00,109.17,103.10245476478704,104.78496,100.57869817600567,6.067545235212961
2025-03-20 01:00:00,105.74,102.46882480228544,104.584526,99.29526909799873,3.2711751977145553
2025-03-20 02:00:00,101.07,100.43524855459023,101.268906,99.18475911230567,0.634751445409762
2025-03-20 03:00:00,102.25,101.91665377315584,101.963036,101.84707915029685,0.3333462268441565
2025-03-20 04:00:00,104.94,105.39259267332785,103.595856,108.08769048458916,-0.4525926733278567
2025-03-20 05:00:00,125.48,120.31729794841512,119.30048,121.8425155009206,5.162702051584887
2025-03-20 06:00:00,144.51,142.5838547789233,143.57822,141.09230067411485,1.9261452210766947
2025-03-20 07:00:00,140.51,145.27089347464752,145.90323,144.32238673227312,-4.760893474647531
2025-03-20 08:00:00,141.96,132.717007524651,132.60246,132.88882465879544,9.242992475349013
2025-03-20 09:00:00,120.9,114.25725140533149,113.124405,115.95650589369983,6.642748594668518
2025-03-20 10:00:00,111.6,101.84419553796766,98.74822,106.48814959626193,9.75580446203233
2025-03-20 11:00:00,98.28,94.06857972415722,87.06056,104.58060038766352,4.211420275842784
2025-03-20 12:00:00,97.09,95.26592977249948,88.94051,104.7540463855944,1.8240702275005276
2025-03-20 13:00:00,95.86,94.68645707273237,86.70561,106.65772059320786,1.1735429272676328
2025-03-20 14:00:00,95.7,101.01793180961798,96.77073,107.38873211193555,-5.317931809617974
2025-03-20 15:00:00,104.49,111.42050931585334,107.571495,117.19402307601027,-6.930509315853342
2025-03-20 16:00:00,115.81,129.66792968732983,128.84584,130.90104827838314,-13.857929687329829
2025-03-20 17:00:00,152.58,157.69018394404017,164.67383,147.21471385790318,-5.110183944040159
2025-03-20 18:00:00,155.28,171.2210192201764,183.75204,152.42447721914215,-15.9410192201764
2025-03-20 19:00:00,134.38,145.42189266002123,151.99559,135.56133870571713,-11.041892660021233
2025-03-20 20:00:00,116.89,120.45346129141018,121.989204,118.14983517432621,-3.563461291410178
2025-03-20 21:00:00,113.47,113.50436763124635,114.356285,112.22647617650455,-0.034367631246354335
2025-03-20 22:00:00,102.14,108.4937024597944,108.26201,108.84123933430048,-6.353702459794405
2025-03-20 23:00:00,111.86,101.4776317556943,101.06489,102.09674166645743,10.382368244305695
2025-03-21 00:00:00,107.5,98.94091449242552,99.66455,97.85545433714287,8.55908550757448
2025-03-21 01:00:00,100.01,93.72366517694238,94.56659,92.45927318710693,6.286334823057629
2025-03-21 02:00:00,90.98,84.34976368005715,83.12448,86.18768167633914,6.630236319942853
2025-03-21 03:00:00,86.86,74.19219557665382,71.13651,78.77571980711306,12.667804423346183
2025-03-21 04:00:00,84.86,73.50062517519629,71.012764,77.23241697241457,11.359374824803709
2025-03-21 05:00:00,93.81,96.60643311798533,97.94989,94.59124377518793,-2.7964331179853303
2025-03-21 06:00:00,126.86,114.37031089166231,116.13412,111.72459391006396,12.489689108337686
2025-03-21 07:00:00,108.09,122.88413362106763,125.065765,119.61168598138,-14.79413362106763
2025-03-21 08:00:00,116.53,109.54508976531807,109.67976,109.34307109298265,6.984910234681934
2025-03-21 09:00:00,92.46,99.7140454760436,99.76468,99.63808762809728,-7.254045476043601
2025-03-21 10:00:00,61.42,75.81400027095302,70.18946,84.2508057310935,-14.394000270953015
2025-03-21 11:00:00,29.65,61.90425010987468,54.04758,73.6892484741496,-32.25425010987468
2025-03-21 12:00:00,18.48,57.4490666589114,45.950016,74.69763879998845,-38.9690666589114
2025-03-21 13:00:00,12.98,51.0180234920236,36.75473,72.41296053212199,-38.0380234920236
2025-03-21 14:00:00,14.06,47.94652037630276,32.275967,71.45234715962897,-33.886520376302755
2025-03-21 15:00:00,33.5,68.35949815546573,58.590252,83.01336559740457,-34.85949815546573
2025-03-21 16:00:00,75.29,92.86269482134078,88.50318,99.40196295972402,-17.572694821340775
2025-03-21 17:00:00,114.06,120.19528879480592,120.29772,120.04163537812806,-6.135288794805916
2025-03-21 18:00:00,124.97,128.8197072154981,129.81844,127.32159927653821,-3.849707215498114
2025-03-21 19:00:00,125.16,117.43148043397414,117.773964,116.9177437485096,7.728519566025852
2025-03-21 20:00:00,92.76,97.9911637007666,95.846016,101.20888344930418,-5.231163700766601
2025-03-21 21:00:00,55.1,89.46495250109564,88.83421,90.4110575527879,-34.36495250109564
2025-03-21 22:00:00,25.71,66.90767981261672,65.1914,69.4820958785877,-41.19767981261672
2025-03-21 23:00:00,25.12,49.72266618206194,46.469894,54.601822887710995,-24.60266618206194
2025-03-22 00:00:00,23.23,70.8580663832383,69.47499,72.93267206161136,-47.62806638323829
2025-03-22 01:00:00,20.32,61.28466751963474,60.957508,61.77540666834955,-40.96466751963474
2025-03-22 02:00:00,18.13,56.884649790692066,56.22841,57.86901125651531,-38.75464979069207
2025-03-22 03:00:00,16.71,56.350459104136405,56.182953,56.60171271700605,-39.640459104136404
2025-03-22 04:00:00,17.92,65.18714862924142,69.4832,58.74306574119436,-47.26714862924142
2025-03-22 05:00:00,25.71,73.79306833948286,79.06113,65.8909807852306,-48.08306833948286
2025-03-22 06:00:00,47.28,74.45862433464154,75.471504,72.93929689007066,-27.17862433464154
2025-03-22 07:00:00,72.36,86.41760196344492,88.43863,83.38605736832912,-14.057601963444924
2025-03-22 08:00:00,105.32,99.51859459843467,102.41817,95.16923391735133,5.801405401565319
2025-03-22 09:00:00,117.61,98.5803819675223,101.12206,94.767853264753,19.0296180324777
2025-03-22 10:00:00,114.48,98.58152576279312,102.34956,92.92946328698767,15.898474237206884
2025-03-22 11:00:00,112.74,94.90320131410283,98.249275,89.88408856662915,17.836798685897165
2025-03-22 12:00:00,114.34,87.64336264345691,90.55895,83.26997429663055,26.696637356543093
2025-03-22 13:00:00,114.59,90.19850864809027,93.12989,85.80142832798933,24.391491351909735
2025-03-22 14:00:00,112.78,93.07695170416082,96.19958,88.39300563369306,19.70304829583918
2025-03-22 15:00:00,110.75,99.79258276253451,101.7261,96.8923074312386,10.957417237465492
2025-03-22 16:00:00,118.62,112.30286148312325,112.86325,111.46226235038623,6.317138516876753
2025-03-22 17:00:00,134.77,128.99883660958255,126.03533,133.44409012014776,5.771163390417456
2025-03-22 18:00:00,143.75,142.8352150103654,145.12471,139.40096477200723,0.9147849896345974
2025-03-22 19:00:00,139.02,130.10533640516917,130.79497,129.07088572117488,8.914663594830841
2025-03-22 20:00:00,124.69,110.84805348859544,111.66802,109.61809285845149,13.841946511404558
2025-03-22 21:00:00,122.53,104.20777853484233,107.440834,99.35819526899058,18.322221465157668
2025-03-22 22:00:00,119.01,104.58523977904731,109.70096,96.91165062559679,14.424760220952692
2025-03-22 23:00:00,107.66,102.3816262971701,105.93916,97.04531711621627,5.278373702829896
2025-03-23 00:00:00,121.98,106.01551954525965,110.81508,98.81616931602997,15.964480454740354
2025-03-23 01:00:00,115.9,104.582511062207,108.56822,98.60393314257803,11.317488937793001
2025-03-23 02:00:00,109.02,101.60860832713678,105.66875,95.51839848813003,7.411391672863218
2025-03-23 03:00:00,94.22,89.2371480207224,88.035545,91.03954249138121,4.982851979277598
2025-03-23 04:00:00,89.3,89.3782454239699,88.98141,89.97349518223922,-0.07824542396990353
2025-03-23 05:00:00,87.61,84.81720304296022,82.582466,88.16930651181949,2.7927969570397835
2025-03-23 06:00:00,96.21,90.70700170011756,87.29832,95.82001928020111,5.502998299882435
2025-03-23 07:00:00,117.78,101.55166223733079,98.356674,106.34413667242855,16.228337762669213
2025-03-23 08:00:00,111.8,112.18031826597307,109.38551,116.37252189173931,-0.3803182659730737
2025-03-23 09:00:00,116.74,117.36457262702164,115.29493,120.46902205217324,-0.6245726270216494
2025-03-23 10:00:00,128.47,118.84050814336914,117.36907,121.04765097365721,9.629491856630864
2025-03-23 11:00:00,117.54,116.65125657279356,114.79713,119.43243983286281,0.8887434272064496
2025-03-23 12:00:00,111.84,116.57934820560203,114.69245,119.40968185433711,-4.7393482056020275
2025-03-23 13:00:00,111.81,121.19911133085745,121.23306,121.14818421093268,-9.389111330857446
2025-03-23 14:00:00,117.36,120.71531174979935,118.92193,123.40538676585582,-3.3553117497993554
2025-03-23 15:00:00,109.81,126.75489168790378,124.85286,129.60792853006217,-16.944891687903777
2025-03-23 16:00:00,118.46,138.93321112468396,140.5645,136.48627945965913,-20.47321112468397
2025-03-23 17:00:00,141.18,148.68458880983803,150.19281,146.4222416779154,-7.504588809838026
2025-03-23 18:00:00,148.28,151.39463383040874,153.2211,148.65492716635384,-3.114633830408735
2025-03-23 19:00:00,141.38,137.06298495972106,137.05309,137.0778191497909,4.317015040278932
2025-03-23 20:00:00,124.05,125.02180935691001,125.46027,124.36410133416958,-0.9718093569100148
2025-03-23 21:00:00,118.04,117.97157794933972,116.888916,119.59555940581998,0.06842205066028839
2025-03-23 22:00:00,118.0,115.95385980145485,115.68901,116.35113357346135,2.046140198545146
2025-03-23 23:00:00,106.2,111.85644955348309,110.63629,113.68668662784833,-5.656449553483085
2025-03-24 00:00:00,106.6,108.04954438947394,109.415825,106.00011600908525,-1.4495443894739424
2025-03-24 01:00:00,104.33,106.48297234210256,108.680504,103.18666745803958,-2.152972342102558
2025-03-24 02:00:00,99.41,101.40717206682001,101.59415,101.12670625957932,-1.9971720668200135
2025-03-24 03:00:00,99.87,98.56534362132109,97.716515,99.8385852648506,1.3046563786789136
2025-03-24 04:00:00,104.15,102.43099654448163,101.114624,104.40554769665329,1.7190034555183757
2025-03-24 05:00:00,135.51,113.82820088481634,113.04986,114.99570744275371,21.68179911518365
2025-03-24 06:00:00,149.55,127.00315986009312,126.83236,127.25935304989102,22.54684013990689
2025-03-24 07:00:00,151.78,134.66287257813877,135.15085,133.93089360355003,17.117127421861227
2025-03-24 08:00:00,142.95,135.517816575906,139.42738,129.65345867609312,7.432183424093978
2025-03-24 09:00:00,127.48,127.88634948884403,128.98451,126.23910141376047,-0.4063494888440289
2025-03-24 10:00:00,105.08,121.24969017387025,122.68562,119.09579068125763,-16.16969017387025
2025-03-24 11:00:00,92.04,109.9676991950324,113.0401,105.35908258230756,-17.92769919503239
2025-03-24 12:00:00,85.05,98.38576640691493,98.99779,97.46773098921113,-13.335766406914928
2025-03-24 13:00:00,87.1,93.43326766320249,93.6906,93.04727094938804,-6.333267663202491
2025-03-24 14:00:00,92.68,95.71865112021062,95.64471,95.82956389671796,-3.0386511202106163
2025-03-24 15:00:00,110.76,105.86761781162281,105.56546,106.32084659204531,4.892382188377198
2025-03-24 16:00:00,120.89,127.64119054010874,128.92775,125.71134808489096,-6.7511905401087375
2025-03-24 17:00:00,152.1,156.29973968175915,161.09235,149.110822287894,-4.199739681759155
2025-03-24 18:00:00,165.7,163.405387193571,169.03757,154.95710201713058,2.294612806429001
2025-03-24 19:00:00,147.47,143.87800979149208,145.43037,141.54946326046849,3.591990208507923
2025-03-24 20:00:00,122.47,124.43818254901785,126.34499,121.57795835618718,-1.968182549017854
2025-03-24 21:00:00,115.62,114.33572197971048,115.519615,112.5598669304774,1.2842780202895199
2025-03-24 22:00:00,109.02,109.35104479604524,108.34005,110.8675221158455,-0.33104479604524784
2025-03-24 23:00:00,106.15,103.76307154556655,102.83839,105.1500952457523,2.386928454433459
2025-03-25 00:00:00,104.08,101.81766667249026,102.19334,101.25415241425787,2.2623333275097366
2025-03-25 01:00:00,100.51,99.4883485012851,100.19796,98.42392568131334,1.0216514987149026
2025-03-25 02:00:00,95.81,95.68924285774695,95.71961,95.64368133259978,0.1207571422530549
2025-03-25 03:00:00,96.94,96.11173397341834,95.37132,97.22234144904877,0.8282660265816588
2025-03-25 04:00:00,99.03,101.74967748999134,101.520424,102.09354835449494,-2.7196774899913407
2025-03-25 05:00:00,114.14,117.1790251230784,116.25189,118.56972085823311,-3.039025123078403
2025-03-25 06:00:00,135.45,133.10383870032152,132.74176,133.64695255524714,2.346161299678471
2025-03-25 07:00:00,126.72,130.60960391371222,129.67828,132.00656898838213,-3.8896039137122216
2025-03-25 08:00:00,111.97,123.46601676559085,124.38833,122.08253382681892,-11.496016765590852
2025-03-25 09:00:00,106.79,111.74657369936367,111.69528,111.82349983068457,-4.956573699363659
2025-03-25 10:00:00,103.99,102.51488684323519,101.27566,104.37372681267782,1.475113156764806
2025-03-25 11:00:00,104.73,97.97334230978164,97.42495,98.7959274907627,6.756657690218361
2025-03-25 12:00:00,110.13,97.0751553620002,95.10486,100.03059889999562,13.054844637999793
2025-03-25 13:00:00,109.55,99.63730661811299,98.56647,101.24356371019945,9.91269338188701
2025-03-25 14:00:00,107.63,103.32767637430626,102.0296,105.27478595224517,4.302323625693731
2025-03-25 15:00:00,116.43,112.74277879957904,110.21762,116.53050428044173,3.6872212004209644
2025-03-25 16:00:00,113.13,132.22165104038052,131.77623,132.88977136926184,-19.091651040380526
2025-03-25 17:00:00,138.93,157.56955555835032,161.1323,152.22543308532894,-18.63955555835031
2025-03-25 18:00:00,159.7,163.3798408224265,165.78732,159.76860992960138,-3.679840822426513
2025-03-25 19:00:00,144.02,146.57847230231903,147.25865,145.55819552630535,-2.558472302319018
2025-03-25 20:00:00,125.03,125.31476445134706,125.89439,124.44532024701996,-0.2847644513470584
2025-03-25 21:00:00,111.2,118.28137433751041,121.71728,113.12750429470377,-7.081374337510411
2025-03-25 22:00:00,118.31,109.46358049262898,110.60011,107.75877804431659,8.846419507371024
2025-03-25 23:00:00,111.28,107.77395498437133,109.20642,105.62524466918028,3.506045015628672
2025-03-26 00:00:00,106.66,102.89055361865755,104.01326,101.20648658570636,3.7694463813424477
2025-03-26 01:00:00,103.85,101.24182056838215,102.51923,99.32569323614092,2.6081794316178417
2025-03-26 02:00:00,97.73,99.28225695840753,99.83392,98.4547516642073,-1.5522569584075256
2025-03-26 03:00:00,98.47,101.01331717404982,101.255035,100.65073029779543,-2.543317174049818
2025-03-26 04:00:00,96.49,104.42937286639943,103.16919,106.31964226426516,-7.939372866399438
2025-03-26 05:00:00,111.6,120.14780483295438,120.232185,120.02123022203438,-8.547804832954384
2025-03-26 06:00:00,138.26,139.6997787744123,141.3964,137.15485388793505,-1.4397787744123036
2025-03-26 07:00:00,141.14,137.5857189476088,139.78601,134.28526599695167,3.5542810523911896
2025-03-26 08:00:00,136.68,126.65459693715533,127.007355,126.12545642369889,10.025403062844674
2025-03-26 09:00:00,114.63,110.45048964693405,109.09081,112.48999746328239,4.17951035306595
2025-03-26 10:00:00,98.74,98.7323197432533,98.99786,98.33399988913911,0.007680256746695591
2025-03-26 11:00:00,96.75,91.95557626317687,93.10655,90.2291067498611,4.794423736823134
2025-03-26 12:00:00,95.72,87.66225438205562,87.87843,87.33798039178455,8.057745617944377
2025-03-26 13:00:00,94.55,82.7850329971593,81.5912,84.57577409751252,11.764967002840692
2025-03-26 14:00:00,93.77,83.58969883811683,82.33022,85.47890674800203,10.180301161883165
2025-03-26 15:00:00,96.55,99.65562391647724,101.52161,96.85664058648118,-3.105623916477242
2025-03-26 16:00:00,113.04,111.15907984611238,110.303696,112.44214846782,1.8809201538876295
2025-03-26 17:00:00,129.9,136.29031408284976,138.93533,132.32277007040562,-6.3903140828497556
2025-03-26 18:00:00,151.76,143.30780442217582,146.371,138.7130077595411,8.45219557782417
2025-03-26 19:00:00,138.86,132.9811721145465,135.87035,128.64740736766504,5.878827885453518
2025-03-26 20:00:00,115.71,116.76501826926639,117.56885,115.5592627446992,-1.055018269266398
2025-03-26 21:00:00,111.66,107.48304455721657,106.95505,108.27502472311956,4.176955442783424
2025-03-26 22:00:00,100.51,106.80179635776804,107.01661,106.47956947718374,-6.291796357768035
2025-03-26 23:00:00,106.17,99.56095739167532,99.24158,100.04002203448616,6.609042608324685
2025-03-27 00:00:00,102.99,99.20236692969218,100.97859,96.53802181641791,3.7876330703078196
2025-03-27 01:00:00,101.96,96.72374016748455,98.26908,94.4057192083842,5.236259832515444
2025-03-27 02:00:00,101.34,93.6151678788618,94.257774,92.6512486308703,7.724832121138206
2025-03-27 03:00:00,100.71,96.72772804056383,97.13704,96.11375369515957,3.9822719594361615
2025-03-27 04:00:00,99.55,102.76404392690405,101.77841,104.2424824826654,-3.214043926904054
2025-03-27 05:00:00,112.06,118.34296182537064,117.7524,119.2287958598133,-6.282961825370634
2025-03-27 06:00:00,137.58,138.0642059683541,139.1697,136.40597543113915,-0.48420596835407537
2025-03-27 07:00:00,131.48,136.93776676621198,136.8426,137.0804970852077,-5.457766766211989
2025-03-27 08:00:00,126.76,130.32151171927802,132.51903,127.02522628916181,-3.561511719278016
2025-03-27 09:00:00,107.42,110.51877838247333,110.647095,110.32629623694505,-3.098778382473327
2025-03-27 10:00:00,105.21,98.72452899663418,100.730125,95.71613244336768,6.4854710033658165
2025-03-27 11:00:00,101.06,86.13597693051896,88.82501,82.10241829370463,14.924023069481038
2025-03-27 12:00:00,85.42,83.46687407633334,88.49881,75.91896283975913,1.9531259236666614
2025-03-27 13:00:00,70.2,82.32589402277556,86.66148,75.82250750261761,-12.125894022775555
2025-03-27 14:00:00,66.84,83.56254998982027,87.29281,77.96715836078116,-16.722549989820266
2025-03-27 15:00:00,82.37,92.38681921274623,94.28071,89.54597793298862,-10.016819212746228
2025-03-27 16:00:00,106.05,107.81933424976843,107.04295,108.98389394351287,-1.7693342497684341
2025-03-27 17:00:00,128.29,124.45205150709072,125.04842,123.55747785830297,3.837948492909277
2025-03-27 18:00:00,147.67,129.28864813349756,128.24185,130.85883499438842,18.381351866502428
2025-03-27 19:00:00,135.11,122.38914424095748,121.94713,123.05215671445424,12.720855759042536
2025-03-27 20:00:00,108.14,105.52356567114359,103.80647,108.09919928833261,2.616434328856414
2025-03-27 21:00:00,101.92,92.45383591165513,91.041435,94.57243310189173,9.466164088344868
2025-03-27 22:00:00,93.1,73.22585556609943,72.74644,73.94497567672317,19.874144433900568
2025-03-27 23:00:00,83.34,54.54598621577688,54.536808,54.55974588917363,28.794013784223125
2025-03-28 00:00:00,77.49,58.79674550546261,61.18598,55.212889230575456,18.693254494537385
2025-03-28 01:00:00,72.72,57.06370280357389,58.521896,54.8764067434318,15.65629719642611
2025-03-28 02:00:00,66.72,44.56523659828959,40.711185,50.34631140539193,22.15476340171041
2025-03-28 03:00:00,63.76,41.75720783099797,34.436783,52.737841507426566,22.002792169002028
2025-03-28 04:00:00,68.84,50.2151472095433,44.23256,59.18902444933431,18.624852790456707
2025-03-28 05:00:00,89.0,76.76371384611727,77.24374,76.04367258526386,12.23628615388273
2025-03-28 06:00:00,108.13,109.72363377190305,112.25212,105.93090297223812,-1.5936337719030575
2025-03-28 07:00:00,94.63,113.88029469780399,112.26513,116.30304311047676,-19.250294697803994
2025-03-28 08:00:00,91.2,103.22743162617671,99.95987,108.12876545155017,-12.027431626176707
2025-03-28 09:00:00,73.39,67.54061960734988,61.981316,75.87957559918524,5.849380392650119
2025-03-28 10:00:00,49.14,62.580364518779746,66.25009,57.075768245801896,-13.440364518779745
2025-03-28 11:00:00,32.48,55.34518785372656,60.7649,47.21561360099119,-22.86518785372656
2025-03-28 12:00:00,28.99,51.0691955016757,52.620102,48.742834907448525,-22.079195501675702
2025-03-28 13:00:00,28.78,52.055522072295915,54.07364,49.02834680671634,-23.275522072295914
2025-03-28 14:00:00,50.43,48.02492299198242,50.799896,43.86246121225585,2.405077008017578
2025-03-28 15:00:00,93.02,72.12268739117381,77.19832,64.5092369410693,20.897312608826184
2025-03-28 16:00:00,114.8,94.09400836418638,90.91755,98.85868767377161,20.705991635813618
2025-03-28 17:00:00,127.51,126.39561456671012,124.91841,128.61141190505657,1.1143854332898826
2025-03-28 18:00:00,142.43,139.04006099768623,136.67766,142.58365392854176,3.389939002313781
2025-03-28 19:00:00,134.83,132.75553340980065,131.16562,135.1404051797751,2.074466590199364
2025-03-28 20:00:00,113.77,109.55241896400116,104.91114,116.51433293246386,4.217581035998833
2025-03-28 21:00:00,110.18,95.05722223959413,90.515205,101.87024561668551,15.122777760405882
2025-03-28 22:00:00,102.88,80.80523994678853,75.47837,88.79553623782093,22.074760053211463
2025-03-28 23:00:00,97.89,68.53051514800616,63.48992,76.09139788588453,29.35948485199384
2025-03-29 00:00:00,99.93,74.831356942565,71.96528,79.13047060348279,25.098643057435012
2025-03-29 01:00:00,100.96,76.58748509627713,70.84492,85.20133679464789,24.37251490372286
2025-03-29 02:00:00,100.48,80.49179144690135,77.83331,84.47950532013422,19.98820855309866
2025-03-29 03:00:00,99.28,80.86010300198328,77.00921,86.63643685676482,18.419896998016725
2025-03-29 04:00:00,100.28,86.00762692923257,82.98438,90.542491471641,14.27237307076743
2025-03-29 05:00:00,105.69,89.4661071577603,85.81532,94.94227595104138,16.223892842239692
2025-03-29 06:00:00,114.76,101.73247008220878,99.95262,104.40223347883736,13.027529917791227
2025-03-29 07:00:00,120.64,97.6760811269287,91.72206,106.60710917413324,22.963918873071307
2025-03-29 08:00:00,121.0,105.22353125760347,100.45136,112.3817765998192,15.776468742396531
2025-03-29 09:00:00,113.87,91.87483022175081,87.18885,98.90379422808309,21.995169778249192
2025-03-29 10:00:00,96.28,73.05695305956606,69.09258,79.0035047802628,23.223046940433946
2025-03-29 11:00:00,77.55,58.00065221812352,57.3586,58.963727713277535,19.549347781876477
2025-03-29 12:00:00,26.46,37.60819806427262,36.34758,39.49912522659952,-11.14819806427262
2025-03-29 13:00:00,10.39,39.063475837538135,39.52072,38.377607440525026,-28.673475837538135
2025-03-29 14:00:00,12.99,38.23601338402934,37.718655,39.0120505575465,-25.24601338402934
2025-03-29 15:00:00,41.22,72.76179514854654,81.08087,60.28317477627357,-31.54179514854654
2025-03-29 16:00:00,74.77,92.56374011086305,95.018524,88.88156020757756,-17.793740110863055
2025-03-29 17:00:00,104.72,106.12976026231584,105.06183,107.73165582851908,-1.4097602623158423
2025-03-29 18:00:00,113.98,107.1847892501062,104.81851,110.73419945888368,6.795210749893798
2025-03-29 19:00:00,100.52,93.83152662492103,88.1047,102.42176738322541,6.688473375078971
2025-03-29 20:00:00,78.55,70.04835745483209,63.131485,80.42366615905289,8.501642545167911
2025-03-29 21:00:00,68.2,53.43768784904964,46.36914,64.04050582410113,14.762312150950365
2025-03-29 22:00:00,47.51,25.063656817584185,13.510573,42.393281486404305,22.446343182415813
2025-03-29 23:00:00,18.14,16.492237220641517,9.694771,26.68843659370279,1.6477627793584837
2025-03-30 00:00:00,14.49,14.165966601688593,9.777879,20.748098123865645,0.324033398311407
2025-03-30 01:00:00,6.5,14.216672560703728,11.873382,17.731608502894574,-7.716672560703728
2025-03-30 02:00:00,3.48,12.739575217846436,13.652211,11.370620307036745,-9.259575217846436
2025-03-30 03:00:00,2.03,8.077315269537428,9.251569,6.315934505630679,-6.047315269537428
2025-03-30 04:00:00,0.23,6.7256990287411895,8.200967,4.5127966040642775,-6.495699028741189
2025-03-30 05:00:00,-1.54,14.9150248175951,19.886593,7.457671315990922,-16.4550248175951
2025-03-30 06:00:00,-0.18,22.866639719961505,24.12429,20.980161693092242,-23.046639719961505
2025-03-30 07:00:00,-2.69,29.639684182673523,40.684673,13.072198585345916,-32.329684182673525
2025-03-30 08:00:00,-4.1,5.690603619446267,13.743826,-6.389230773772027,-9.790603619446266
2025-03-30 09:00:00,-4.4,16.06393843229664,39.82121,-19.571971164741797,-20.463938432296644
2025-03-30 10:00:00,-5.84,18.780501741876606,45.486794,-21.278940690779677,-24.620501741876605
2025-03-30 11:00:00,-6.5,13.555435749220191,37.197266,-21.90730906444952,-20.05543574922019
2025-03-30 12:00:00,-3.95,4.8109155548423015,13.430373,-8.118272807993122,-8.760915554842303
2025-03-30 13:00:00,-2.63,17.25194208547258,21.90294,10.275443611661188,-19.88194208547258
2025-03-30 14:00:00,4.65,39.414662890968074,54.3377,17.030099762820583,-34.764662890968076
2025-03-30 15:00:00,55.1,46.79368477618314,40.211437,56.667053241422195,8.30631522381686
2025-03-30 16:00:00,106.3,99.75092453066532,98.025604,102.33889923254705,6.5490754693346815
2025-03-30 17:00:00,122.0,127.38816871936754,122.58079,134.59922886628993,-5.388168719367542
2025-03-30 18:00:00,129.79,139.43342993210803,134.71513,146.51085907099275,-9.643429932108035
2025-03-30 19:00:00,150.48,132.9818575397784,128.76872,139.30154860408462,17.4981424602216
2025-03-30 20:00:00,132.92,119.9535861636792,115.91683,126.00870982448123,12.966413836320783
2025-03-30 21:00:00,111.61,114.40959976201708,110.33336,120.52394981397823,-2.799599762017081
2025-03-30 22:00:00,107.51,112.36304832755249,109.358444,116.86995449808042,-4.853048327552486
2025-04-02 00:00:00,65.99,92.8612150281771,93.20825,92.34065391870936,-26.871215028177105
2025-04-02 01:00:00,71.95,91.09596252545569,91.07373,91.12930298111971,-19.145962525455687
2025-04-02 02:00:00,72.32,91.12766843811681,89.84942,93.04503932038966,-18.80766843811682
2025-04-02 03:00:00,78.48,89.44862633665983,86.16283,94.37732412717202,-10.968626336659824
2025-04-02 04:00:00,99.21,102.65326770681446,103.19352,101.84288224921389,-3.443267706814467
2025-04-02 05:00:00,128.09,125.37939263104971,129.70682,118.88823987840553,2.710607368950292
2025-04-02 06:00:00,138.74,140.87136808733746,144.24977,135.80375591170304,-2.1313680873374494
2025-04-02 07:00:00,134.86,132.3332371657441,132.64427,131.86668513848133,2.526762834255919
2025-04-02 08:00:00,111.16,119.80293972600646,120.25766,119.12084418806299,-8.64293972600646
2025-04-02 09:00:00,88.63,100.01380370521377,101.42699,97.89402540683324,-11.38380370521378
2025-04-02 10:00:00,74.91,73.10289316034255,68.83099,79.51073479294621,1.8071068396574503
2025-04-02 11:00:00,56.93,67.59630928042068,62.823494,74.75552463537787,-10.666309280420684
2025-04-02 12:00:00,42.55,64.2749520837619,56.57743,75.82122839971237,-21.724952083761906
2025-04-02 13:00:00,37.71,60.0836632421195,55.344837,67.19189469282315,-22.3736632421195
2025-04-02 14:00:00,37.54,57.25475045052589,52.240093,64.77673341849001,-19.71475045052589
2025-04-02 15:00:00,72.66,71.35493243698323,72.84129,69.12538918266804,1.3050675630167632
2025-04-02 16:00:00,109.02,98.44686854741911,99.18654,97.33735950941693,10.573131452580881
2025-04-02 17:00:00,127.41,129.92376414450368,127.36003,133.76935222527288,-2.513764144503682
2025-04-02 18:00:00,135.58,137.90209890678233,133.07678,145.1400739271121,-2.3220989067823155
2025-04-02 19:00:00,133.15,130.28680386491857,125.03059,138.17111885419098,2.863196135081438
2025-04-02 20:00:00,108.66,117.06743509667481,109.49102,128.43204217894288,-8.407435096674817
2025-04-02 21:00:00,92.75,106.7749717582482,98.08251,119.81365391344275,-14.0249717582482
2025-04-02 22:00:00,65.34,98.22242804981157,89.830734,110.80996683778575,-32.882428049811566
2025-04-02 23:00:00,58.27,90.56919529796934,82.66801,102.42097027006983,-32.29919529796934
2025-04-03 00:00:00,62.42,91.65502182302077,88.38764,96.55608216070135,-29.235021823020773
2025-04-03 01:00:00,66.93,89.92842026426709,85.95303,95.89149286037474,-22.998420264267082
2025-04-03 02:00:00,66.9,89.77690289407025,84.53248,97.64353210700176,-22.87690289407024
2025-04-03 03:00:00,76.08,90.50033502255073,85.447845,98.07905983115711,-14.42033502255073
2025-04-03 04:00:00,105.64,99.87985311919103,98.815636,101.47617546155178,5.760146880808975
2025-04-03 05:00:00,140.81,121.91964963458517,126.567,114.94862207230274,18.890350365414832
2025-04-03 06:00:00,136.89,135.25126512569713,139.34088,129.1168369780612,1.6387348743028554
2025-04-03 07:00:00,135.98,130.8189234875524,133.75433,126.41580466004316,5.161076512447579
2025-04-03 08:00:00,111.39,115.01968352125098,113.45356,117.368868989895,-3.629683521250982
2025-04-03 09:00:00,70.18,94.7780723339427,88.70879,103.88198846730305,-24.598072333942696
2025-04-03 10:00:00,37.54,81.19087583239595,76.05111,88.90051798064806,-43.65087583239595
2025-04-03 11:00:00,25.97,62.78497447145769,55.80874,73.24932430120282,-36.81497447145769
2025-04-03 12:00:00,5.87,56.75781118279764,49.79271,67.20545916274361,-50.88781118279764
2025-04-03 13:00:00,4.37,50.402626105897795,42.397495,62.41032140640709,-46.0326261058978
2025-04-03 14:00:00,8.5,51.849812118012025,47.90081,57.77331016410966,-43.349812118012025
2025-04-03 15:00:00,63.59,74.47757591081877,78.91133,67.82693538251567,-10.887575910818768
2025-04-03 16:00:00,116.47,101.67838760584198,102.487526,100.46467056794967,14.791612394158022
2025-04-03 17:00:00,132.51,121.65017957092816,120.54462,123.30851243440047,10.859820429071831
2025-04-03 18:00:00,143.29,131.89734235146932,130.92026,133.36296952613424,11.392657648530673
2025-04-03 19:00:00,129.83,130.48741097032632,130.65639,130.2339349880717,-0.6574109703263105
2025-04-03 20:00:00,112.73,112.69726914196897,109.21571,117.91958734466854,0.03273085803103015
2025-04-03 21:00:00,100.38,105.73572169457195,102.78085,110.1680186071574,-5.355721694571955
2025-04-03 22:00:00,96.06,100.5874354978175,98.59657,103.57371989383574,-4.527435497817493
2025-04-03 23:00:00,92.01,95.7786989868778,94.39148,97.8595186921701,-3.7686989868777943
2025-04-04 00:00:00,93.15,89.57691523834956,87.76644,92.29262226335436,3.573084761650449
2025-04-04 01:00:00,97.74,86.63015932342793,83.44629,91.40595899277395,11.109840676572063
2025-04-04 02:00:00,95.18,87.29466722620931,83.50694,92.97624821994222,7.885332773790694
2025-04-04 03:00:00,99.27,89.07889123344575,84.28341,96.27210486889265,10.191108766554251
2025-04-04 04:00:00,100.39,97.01995344187947,94.069,101.4463775164418,3.370046558120535
2025-04-04 05:00:00,136.88,119.31061411864792,123.8304,112.53093364256705,17.569385881352076
2025-04-04 06:00:00,133.53,126.894912613744,130.8827,120.91321918694786,6.635087386256004
2025-04-04 07:00:00,129.18,126.59051105443609,133.03952,116.9169896111879,2.5894889455639145
2025-04-04 08:00:00,107.65,107.00552062357116,105.62043,109.0831489405197,0.6444793764288477
2025-04-04 09:00:00,85.61,92.77890613799224,88.98074,98.47614832532727,-7.168906137992238
2025-04-04 10:00:00,53.66,78.78301179728687,77.42208,80.82440228069277,-25.12301179728688
2025-04-04 11:00:00,32.79,61.95388220647402,59.44325,65.71982857831884,-29.16388220647402
2025-04-04 12:00:00,12.11,55.65472891524278,50.28653,63.707025115560555,-43.54472891524278
2025-04-04 13:00:00,9.53,46.8622566135857,37.862244,60.36227605544863,-37.3322566135857
2025-04-04 14:00:00,15.29,45.749203974336794,44.881298,47.05106093071504,-30.459203974336795
2025-04-04 15:00:00,64.17,57.28081492903901,59.3908,54.115828979091674,6.889185070960991
2025-04-04 16:00:00,110.79,93.4858377357327,100.42427,83.07817885776439,17.304162264267305
2025-04-04 17:00:00,132.04,115.84913756146375,123.26152,104.7305518809543,16.190862438536243
2025-04-04 18:00:00,136.92,119.82264859620639,119.43886,120.39833444217614,17.097351403793596
2025-04-04 19:00:00,124.15,119.24116525004025,119.18269,119.32886145884086,4.908834749959752
2025-04-04 20:00:00,101.73,106.35446904602733,103.32008,110.90603765107909,-4.624469046027329
2025-04-04 21:00:00,88.39,94.07868964675914,88.45385,102.51594561347989,-5.688689646759144
2025-04-04 22:00:00,93.28,86.21208667351792,81.93968,92.62068985884363,7.067913326482085
2025-04-04 23:00:00,85.83,75.58305271463655,70.703476,82.90241022897416,10.246947285363447
2025-04-05 00:00:00,81.71,69.80769506982122,66.06373,75.42364517577377,11.902304930178772
2025-04-05 01:00:00,80.65,70.3899588623674,65.81879,77.24671722427786,10.260041137632612
2025-04-05 02:00:00,77.17,77.26565622191258,75.61988,79.73431763302852,-0.09565622191257717
2025-04-05 03:00:00,73.24,75.39246175184195,72.644905,79.51379292940956,-2.1524617518419547
2025-04-05 04:00:00,75.8,81.57602851872994,82.88331,79.61510105146351,-5.7760285187299445
2025-04-05 05:00:00,83.19,106.4268446723641,118.74193,87.95420427124225,-23.2368446723641
2025-04-05 06:00:00,76.21,107.67261677080185,115.76625,95.53215456738548,-31.46261677080186
2025-04-05 07:00:00,82.64,104.6405123495953,111.37658,94.53640431759175,-22.000512349595297
2025-04-05 08:00:00,73.97,80.42363074619044,79.35142,82.03194864587161,-6.453630746190441
2025-04-05 09:00:00,38.52,61.77485410820887,61.08943,62.80298571913056,-23.254854108208868
2025-04-05 10:00:00,5.97,45.26101240311205,41.1733,51.39257750893978,-39.29101240311205
2025-04-05 11:00:00,-2.42,43.67928901097686,37.552326,52.869730362830325,-46.09928901097686
2025-04-05 12:00:00,-6.78,46.75858312853711,33.124058,67.21036925933106,-53.53858312853711
2025-04-05 13:00:00,-8.88,46.5136634888784,33.302826,66.32991601589717,-55.3936634888784
2025-04-05 14:00:00,-3.44,50.09188140031851,40.51221,64.46138532452676,-53.53188140031851
2025-04-05 15:00:00,16.57,55.19401056787804,54.58233,56.11153322511501,-38.62401056787804
2025-04-05 16:00:00,85.39,81.61541026988712,83.27164,79.13106069363872,3.7745897301128792
2025-04-05 17:00:00,117.27,119.63656846519464,126.675125,109.07871822109205,-2.3665684651946464
2025-04-05 18:00:00,125.65,122.20984092619301,126.072014,116.41657390361728,3.4401590738069956
2025-04-05 19:00:00,128.63,115.15512888867904,117.88451,111.06105906862143,13.474871111320951
2025-04-05 20:00:00,109.16,104.15119468565544,104.46513,103.68028430630167,5.008805314344556
2025-04-05 21:00:00,95.43,96.3425579633032,96.132324,96.65790095073845,-0.9125579633031862
2025-04-05 22:00:00,83.49,91.62912840795971,92.80678,89.86264455200376,-8.139128407959717
2025-04-05 23:00:00,68.8,83.24874377171977,83.45323,82.94200598996835,-14.448743771719776
2025-04-06 00:00:00,71.54,73.27536950615057,68.93073,79.79232276745162,-1.7353695061505618
2025-04-06 01:00:00,72.59,67.89951526135127,61.502228,77.49544647857348,4.690484738648735
2025-04-06 02:00:00,66.92,67.89442990960933,62.10487,76.57876428818349,-0.9744299096093272
2025-04-06 03:00:00,69.15,66.44751134602588,60.97192,74.66089643757445,2.702488653974129
2025-04-06 04:00:00,72.15,64.91865858429705,57.953262,75.36675296709029,7.231341415702957
2025-04-06 05:00:00,76.97,66.86691428693713,58.226032,79.8282373317227,10.103085713062868
2025-04-06 06:00:00,95.77,71.30638311294663,63.26263,83.37200636635097,24.463616887053362
2025-04-06 07:00:00,99.89,68.34912662657004,58.829304,82.6288552321966,31.54087337342996
2025-04-06 08:00:00,86.59,69.2684545098671,59.747684,83.54960192713355,17.321545490132905
2025-04-06 09:00:00,61.19,62.447340050354605,49.243713,82.25277910385282,-1.2573400503546068
2025-04-06 10:00:00,36.97,59.08032841517005,38.240993,90.33932792726839,-22.110328415170052
2025-04-06 11:00:00,32.68,62.58956088492737,38.833317,98.22392319315338,-29.909560884927373
2025-04-06 12:00:00,29.09,65.10175132656033,41.641052,100.29279708623724,-36.01175132656033
2025-04-06 13:00:00,34.79,66.44847722658666,46.21391,96.80032838903745,-31.658477226586662
2025-04-06 14:00:00,40.72,65.47549619459592,48.99226,90.20034765659477,-24.75549619459592
2025-04-06 15:00:00,85.63,78.02424763744548,73.1368,85.35540936155806,7.605752362554512
2025-04-06 16:00:00,101.75,104.71553660528855,104.54403,104.97278812271841,-2.9655366052885483
2025-04-06 17:00:00,129.15,123.84105522130147,121.86854,126.79982738430839,5.308944778698532
2025-04-06 18:00:00,124.93,131.62852370409652,131.07733,132.45530813109093,-6.698523704096516
2025-04-06 19:00:00,125.73,135.5458353417353,136.40996,134.24964389633047,-9.815835341735308
2025-04-06 20:00:00,112.14,119.24039836991574,117.47312,121.89129820140064,-7.100398369915737
2025-04-06 21:00:00,106.92,107.44870790597061,105.41078,110.50559125235327,-0.5287079059706059
2025-04-06 22:00:00,81.54,103.3143266748568,102.48542,104.55768443921718,-21.774326674856795
2025-04-06 23:00:00,81.61,97.68184626665466,96.39204,99.61655528760832,-16.07184626665466
2025-04-07 00:00:00,83.85,95.45286320978667,93.83224,97.88380025163954,-11.602863209786676
2025-04-07 01:00:00,88.07,95.54985081649342,94.14628,97.65520183981752,-7.479850816493425
2025-04-07 02:00:00,88.03,96.66804767884156,94.15406,100.43902102205507,-8.63804767884156
2025-04-07 03:00:00,90.9,96.7579964179634,93.05239,102.31640065184209,-5.857996417963392
2025-04-07 04:00:00,111.77,106.75497558475828,104.53896,110.07898635569455,5.015024415241712
2025-04-07 05:00:00,149.96,122.92797401804202,122.42942,123.67579289422613,27.032025981957986
2025-04-07 06:00:00,144.03,138.44765299341788,139.4052,137.0113329535154,5.5823470065821255
2025-04-07 07:00:00,122.79,137.43154755105815,136.0546,139.4969711420497,-14.641547551058139
2025-04-07 08:00:00,102.07,132.52945340343217,127.11436,140.6520942019398,-30.459453403432178
2025-04-07 09:00:00,95.7,114.67218832883039,96.686386,141.65088784478104,-18.972188328830384
2025-04-07 10:00:00,84.58,107.83138330079096,87.96203,137.6354135895018,-23.251383300790962
2025-04-07 11:00:00,88.22,97.66060734671666,74.69579,132.10782291696256,-9.44060734671666
2025-04-07 12:00:00,78.61,91.66842102965578,69.58373,124.79545175932007,-13.058421029655776
2025-04-07 13:00:00,75.06,85.29957401153084,65.7042,114.69262628248921,-10.239574011530834
2025-04-07 14:00:00,78.6,83.68794532527656,68.20846,106.90717448567673,-5.087945325276564
2025-04-07 15:00:00,101.68,100.26098527685838,96.78976,105.4678223077465,1.419014723141629
2025-04-07 16:00:00,109.49,113.09339919995622,112.26516,114.33574714539836,-3.603399199956229
2025-04-07 17:00:00,152.1,138.6308794931182,139.60237,137.17362665027593,13.469120506881808
2025-04-07 18:00:00,154.77,140.30815846133862,139.40158,141.66801349343444,14.461841538661389
2025-04-07 19:00:00,127.16,135.22947497058004,136.79175,132.8860615414403,-8.069474970580046
2025-04-07 20:00:00,112.33,118.12883975275804,119.00372,116.8165070357037,-5.798839752758042
2025-04-07 21:00:00,107.1,107.68933268733619,108.041626,107.16087749470768,-0.5893326873361957
2025-04-07 22:00:00,87.56,99.91285458044419,99.6148,100.35992957244838,-12.352854580444188
2025-04-07 23:00:00,84.44,97.69999833612667,97.85643,97.46534694505297,-13.259998336126671
2025-04-08 00:00:00,82.66,96.70404629035654,97.80501,95.05260000933862,-14.044046290356548
2025-04-08 01:00:00,83.5,96.80143027654643,97.87527,95.19066942610726,-13.301430276546427
2025-04-08 02:00:00,84.6,95.74562934293732,95.69329,95.82412966227491,-11.145629342937326
2025-04-08 03:00:00,85.07,97.29840500678944,96.07771,99.12943918323333,-12.228405006789444
2025-04-08 04:00:00,96.82,107.34716397255221,106.832855,108.11861946507193,-10.527163972552216
2025-04-08 05:00:00,143.06,138.24267436560294,145.15761,127.87027005097023,4.817325634397065
2025-04-08 06:00:00,137.59,146.12614598104727,153.76564,134.6669045644346,-8.53614598104727
2025-04-08 07:00:00,109.09,126.27216149255861,126.84274,125.41627409272465,-17.182161492558606
2025-04-08 08:00:00,89.8,113.67991800520065,112.75663,115.06483483844109,-23.87991800520065
2025-04-08 09:00:00,85.09,104.32785056191386,97.94325,113.90474374487256,-19.23785056191386
2025-04-08 10:00:00,81.37,95.0359917778203,84.76649,110.44024494748044,-13.665991777820295
2025-04-08 11:00:00,80.61,90.74703713829945,79.84741,107.09647468168612,-10.137037138299448
2025-04-08 12:00:00,79.46,86.69922496671629,73.36336,106.70302037882686,-7.239224966716293
2025-04-08 13:00:00,78.66,84.9586745294604,73.06738,102.79560829020372,-6.298674529460399
2025-04-08 14:00:00,80.93,84.66248976340842,74.54341,99.84110561884819,-3.7324897634084095
2025-04-08 15:00:00,90.87,97.39417885432815,95.12739,100.79435941304203,-6.524178854328142
2025-04-08 16:00:00,101.68,105.28687856681188,102.36396,109.67125411051114,-3.606878566811872
2025-04-08 17:00:00,133.9,139.612983678063,141.51527,136.75954812338014,-5.712983678062983
2025-04-08 18:00:00,146.2,144.13517746607428,146.0957,141.19438134829116,2.0648225339257067
2025-04-08 19:00:00,131.79,123.66920779010448,122.94482,124.7557907765307,8.120792209895512
2025-04-08 20:00:00,106.92,108.8045650979877,108.277756,109.59476388022314,-1.8845650979877036
2025-04-08 21:00:00,96.45,100.98367007602606,101.93646,99.55447395715498,-4.5336700760260555
2025-04-08 22:00:00,94.21,91.49134640747843,90.41007,93.11325562135721,2.7186535925215622
2025-04-08 23:00:00,89.04,92.46784651473843,92.91429,91.79817349204623,-3.4278465147384196
2025-04-09 00:00:00,88.2,88.72342590670605,88.86306,88.5139728630786,-0.523425906706052
2025-04-09 01:00:00,88.05,87.4899809455375,87.54035,87.41442265498142,0.5600190544625008
2025-04-09 02:00:00,86.22,85.61355149719122,84.41641,87.40925639800736,0.6064485028087745
2025-04-09 03:00:00,87.64,86.73429370600331,84.9791,89.36707200304537,0.9057062939966869
2025-04-09 04:00:00,98.06,94.21507903679793,92.61695,96.61226920149187,3.844920963202071
2025-04-09 05:00:00,140.94,117.24232590791748,117.338684,117.09778101735228,23.697674092082522
2025-04-09 06:00:00,134.84,128.2239475972466,131.0033,124.05491370136843,6.616052402753411
2025-04-09 07:00:00,106.42,116.2314118778612,118.20113,113.2768176585202,-9.811411877861204
2025-04-09 08:00:00,92.51,102.9498225015067,104.42177,100.74189443430876,-10.439822501506697
2025-04-09 09:00:00,96.45,87.97804067193053,83.6258,94.5063924207931,8.471959328069474
2025-04-09 10:00:00,92.06,84.63101338473169,78.53212,93.77934811331846,7.428986615268315
2025-04-09 11:00:00,84.98,80.9614429093005,70.86309,96.10896577850028,4.0185570906995025
2025-04-09 12:00:00,81.38,82.04236461589275,72.883,95.78139905804241,-0.6623646158927556
2025-04-09 13:00:00,80.51,82.89011842435691,73.93981,96.31557659372919,-2.3801184243569082
2025-04-09 14:00:00,80.59,85.48957044828923,76.95017,98.29866366955119,-4.899570448289225
2025-04-09 15:00:00,85.12,91.68687908691761,87.43619,98.06290847168856,-6.566879086917609
2025-04-09 16:00:00,95.92,104.67036921078702,102.99729,107.17997805016088,-8.750369210787014
2025-04-09 17:00:00,122.37,124.45227937013769,124.77915,123.96196673589108,-2.082279370137684
2025-04-09 18:00:00,129.87,131.87658495870406,132.53348,130.89124190725818,-2.006584958704053
2025-04-09 19:00:00,123.79,123.82821402728084,125.04756,121.99918115584855,-0.03821402728083001
2025-04-09 20:00:00,101.95,103.55650080446875,102.69085,104.8549685181299,-1.6065008044687517
2025-04-09 21:00:00,94.48,96.21974745835308,96.311935,96.08146169397841,-1.7397474583530794
2025-04-09 22:00:00,91.87,92.20210430796385,92.39238,91.91668922144768,-0.3321043079638457
2025-04-09 23:00:00,84.65,91.30758017732127,91.76634,90.619433383977,-6.657580177321265
2025-04-10 00:00:00,83.91,89.19629944072706,90.07215,87.8825161036487,-5.286299440727063
2025-04-10 01:00:00,84.91,87.94999395708606,88.86624,86.57561508070341,-3.039993957086068
2025-04-10 02:00:00,84.75,86.07691896583506,85.72059,86.61141248111599,-1.3269189658350626
2025-04-10 03:00:00,88.98,87.72172030979695,86.859764,89.01465081111346,1.2582796902030537
2025-04-10 04:00:00,95.44,98.04992176682454,98.65025,97.14941684381915,-2.6099217668245416
2025-04-10 05:00:00,126.21,122.82021640191775,125.75865,118.41255958999943,3.3897835980822464
2025-04-10 06:00:00,122.39,128.89322082665652,132.75476,123.10089569457097,-6.503220826656516
2025-04-10 07:00:00,109.61,118.13362732369178,121.214935,113.51165391103609,-8.523627323691784
2025-04-10 08:00:00,97.6,104.21141304762722,106.18774,101.24692594487371,-6.611413047627224
2025-04-10 09:00:00,95.88,91.55059162534528,89.8584,94.08887187037001,4.329408374654719
2025-04-10 10:00:00,96.3,89.16678714082693,87.266785,92.01678512806828,7.133212859173071
2025-04-10 11:00:00,89.54,83.85127449902299,79.708565,90.06533148071176,5.688725500977014
2025-04-10 12:00:00,80.09,80.58720612271841,70.952286,95.03958284219644,-0.4972061227184099
2025-04-10 13:00:00,75.15,81.15372634396215,69.341446,98.87214125358213,-6.003726343962143
2025-04-10 14:00:00,73.65,82.44863287854875,72.96982,96.66685502352033,-8.798632878548744
2025-04-10 15:00:00,84.88,89.10004992476217,86.87984,92.43036735035759,-4.220049924762179
2025-04-10 16:00:00,98.55,102.94954013011332,103.905716,101.51526687496593,-4.399540130113323
2025-04-10 17:00:00,118.03,117.4124970121022,117.47172,117.32366196384922,0.617502987897808
2025-04-10 18:00:00,124.06,130.2029625654777,133.6359,125.0535528065165,-6.1429625654776885
2025-04-10 19:00:00,115.82,121.86110076691642,123.4989,119.40439605181253,-6.041100766916429
2025-04-10 20:00:00,98.32,105.00574446808392,105.09452,104.87257840958968,-6.685744468083925
2025-04-10 21:00:00,88.54,95.57769167249594,94.74322,96.82939916415,-7.037691672495939
2025-04-10 22:00:00,92.06,92.77305617153985,92.35039,93.40704953224318,-0.7130561715398471
2025-04-10 23:00:00,85.58,91.54602425548336,92.77267,89.70605833463125,-5.966024255483362
2025-04-11 00:00:00,83.6,86.7588429161346,87.1106,86.23119466216264,-3.1588429161346028
2025-04-11 01:00:00,81.27,85.91302286018791,86.868195,84.4802614656553,-4.643022860187912
2025-04-11 02:00:00,80.4,85.89740973016586,86.2952,85.30072761826133,-5.497409730165856
2025-04-11 03:00:00,78.95,88.41686532520637,88.242676,88.67814773379231,-9.46686532520637
2025-04-11 04:00:00,86.53,95.73122091070073,96.14519,95.1102654878114,-9.201220910700727
2025-04-11 05:00:00,108.24,116.9283330710958,119.07627,113.70642609204614,-8.688333071095812
2025-04-11 06:00:00,114.21,122.33798011950981,123.71968,120.26542149018076,-8.127980119509814
2025-04-11 07:00:00,113.77,114.41036494638219,114.70638,113.9663382387582,-0.6403649463821921
2025-04-11 08:00:00,102.03,102.02054027209803,101.490875,102.81503209198826,0.009459727901969472
2025-04-11 09:00:00,92.06,91.38562237399327,89.90681,93.60383597953881,0.6743776260067307
2025-04-11 10:00:00,86.4,84.56268319441956,83.23343,86.55655883138581,1.8373168055804427
2025-04-11 11:00:00,79.04,79.61091425563632,72.13643,90.82263476018454,-0.5709142556363105
2025-04-11 12:00:00,73.5,77.98444257278013,68.04841,92.88848604010462,-4.484442572780125
2025-04-11 13:00:00,74.74,77.13881391321327,65.56527,94.49912294831637,-2.3988139132132744
2025-04-11 14:00:00,78.21,76.44836922067539,63.459465,95.93172360405663,1.761630779324605
2025-04-11 15:00:00,91.52,87.721218145303,83.6607,93.81198892099673,3.7987818546969976
2025-04-11 16:00:00,98.04,101.32616275860747,98.10398,106.15942583267588,-3.2861627586074604
2025-04-11 17:00:00,111.12,120.15608592464253,117.802795,123.68601788167467,-9.03608592464252
2025-04-11 18:00:00,126.06,131.87349375923634,132.83607,130.4296221544385,-5.813493759236337
2025-04-11 19:00:00,126.29,122.58291116801237,122.05378,123.37660470225748,3.707088831987633
2025-04-11 20:00:00,108.61,106.57868320052677,104.30451,109.9899323360337,2.031316799473231
2025-04-11 21:00:00,95.88,97.84365596658446,95.94878,100.68597173408813,-1.9636559665844686
2025-04-11 22:00:00,102.96,95.53670160653533,94.386955,97.26131540244674,7.423298393464663
2025-04-11 23:00:00,97.6,92.0304347386751,91.693245,92.53621372351881,5.569565261324897
2025-04-12 00:00:00,96.63,93.3202276335061,94.345276,91.78265335805722,3.3097723664939025
2025-04-12 01:00:00,95.76,90.86211068341359,91.63892,89.69688551895877,4.897889316586415
2025-04-12 02:00:00,90.54,89.37800267679889,90.51975,87.66536840159193,1.1619973232011205
2025-04-12 03:00:00,88.13,86.97119890743888,87.34029,86.41756025687843,1.15880109256112
2025-04-12 04:00:00,94.12,88.73342063192584,89.45933,87.64455621848646,5.386579368074166
2025-04-12 05:00:00,99.24,93.18901972406815,93.31558,92.99916636034123,6.050980275931849
2025-04-12 06:00:00,100.24,98.89424286856632,99.89357,97.39524271523902,1.3457571314336718
2025-04-12 07:00:00,96.81,101.02805437127623,100.93182,101.17239270309292,-4.218054371276224
2025-04-12 08:00:00,94.87,97.91208168100225,96.71569,99.70666637596753,-3.0420816810022444
2025-04-12 09:00:00,102.54,88.35933823920818,85.515144,92.62562144640913,14.180661760791821
2025-04-12 10:00:00,87.73,78.54062341079444,74.54917,84.52779944800659,9.189376589205565
2025-04-12 11:00:00,66.28,50.960062356622565,35.679443,73.88098799147096,15.319937643377436
2025-04-12 12:00:00,43.59,45.19762163938513,30.148378,67.77148558649995,-1.6076216393851297
2025-04-12 13:00:00,33.66,43.74162870529693,29.00848,65.84135070153579,-10.081628705296936
2025-04-12 14:00:00,39.29,51.66429899365429,37.9196,72.28134150879393,-12.374298993654293
2025-04-12 15:00:00,75.26,80.8278403450897,79.265915,83.17072276519008,-5.567840345089692
2025-04-12 16:00:00,92.73,95.55513804693084,95.53187,95.59003933119428,-2.8251380469308316
2025-04-12 17:00:00,114.94,112.38139894151186,114.68706,108.92289585231478,2.5586010584881365
2025-04-12 18:00:00,114.62,118.3037396041083,120.87836,114.44180979518288,-3.683739604108297
2025-04-12 19:00:00,110.94,118.01594234129948,121.35032,113.01436604611976,-7.075942341299481
2025-04-12 20:00:00,97.68,104.17833069966174,104.52588,103.65700076038482,-6.498330699661736
2025-04-12 21:00:00,90.18,96.67922913655805,95.919044,97.81949847005723,-6.499229136558043
2025-04-12 22:00:00,96.3,94.71184101533527,95.21458,93.9577279198079,1.5881589846647302
2025-04-12 23:00:00,92.94,89.03712325165739,89.307236,88.63195073778607,3.9028767483426066
2025-04-13 00:00:00,89.34,86.11283435367636,86.7735,85.121830452062,3.227165646323641
2025-04-13 01:00:00,87.46,77.55813476181004,75.44826,80.72294882774287,9.901865238189956
2025-04-13 02:00:00,68.6,71.57079057821724,68.56216,76.08373952232535,-2.9707905782172475
2025-04-13 03:00:00,55.71,68.44832656544943,65.70441,72.56420249150443,-12.738326565449434
2025-04-13 04:00:00,46.3,74.74409310522637,75.1995,74.06097929932082,-28.444093105226372
2025-04-13 05:00:00,43.11,75.41388030922164,73.18432,78.75822295933341,-32.30388030922164
2025-04-13 06:00:00,54.92,82.54604532527682,82.83528,82.11218362569207,-27.62604532527682
2025-04-13 07:00:00,74.41,84.65286690415675,86.51457,81.86030523036257,-10.242866904156756
2025-04-13 08:00:00,81.27,76.15593856327294,73.51105,80.12327536326046,5.114061436727056
2025-04-13 09:00:00,75.68,76.3030414122135,72.255165,82.37485397303863,-0.623041412213496
2025-04-13 10:00:00,66.12,78.089504177903,77.99183,78.23601706707194,-11.96950417790299
2025-04-13 11:00:00,71.26,71.285407722613,72.520256,69.4331352428118,-0.02540772261299651
2025-04-13 12:00:00,73.21,65.37901498842658,64.44478,66.78036217809768,7.830985011573418
2025-04-13 13:00:00,80.42,57.83572578331007,55.886665,60.75931071987185,22.584274216689934
2025-04-13 14:00:00,80.85,67.32898435023924,70.2466,62.952559218493604,13.521015649760756
2025-04-13 15:00:00,89.98,88.34085307010419,89.32182,86.86938845834152,1.6391469298958157
2025-04-13 16:00:00,96.62,103.61408114074479,104.13583,102.83144651946452,-6.9940811407447825
2025-04-13 17:00:00,114.69,122.04940644118201,123.05274,120.54439165227146,-7.359406441182017
2025-04-13 18:00:00,116.48,120.6425268820986,121.69295,119.06689230900622,-4.1625268820985895
2025-04-13 19:00:00,113.51,115.30584562929805,116.44381,113.59889599463183,-1.795845629298043
2025-04-13 20:00:00,99.46,105.7403544819176,106.197,105.05538449580963,-6.2803544819176125
2025-04-13 21:00:00,87.88,97.57194990996285,97.47969,97.71033513257314,-9.691949909962858
2025-04-13 22:00:00,89.99,92.05304949932813,91.90753,92.27132423354979,-2.0630494993281303
2025-04-13 23:00:00,80.95,85.31285425153698,84.5471,86.46148552813443,-4.362854251536973
2025-04-14 00:00:00,82.82,81.18537906091868,80.45477,82.28128441377129,1.6346209390813158
2025-04-14 01:00:00,79.79,77.09362029637074,75.16174,79.9914359948331,2.696379703629262
2025-04-14 02:00:00,76.84,75.75445257282982,73.9671,78.43547072650816,1.0855474271701837
2025-04-14 03:00:00,78.69,74.03352933282407,71.27277,78.1746627180465,4.656470667175924
2025-04-14 04:00:00,99.52,84.05727933074992,83.30519,85.18540795211894,15.462720669250075
2025-04-14 05:00:00,123.26,100.69240020497244,99.05379,103.15031585056586,22.56759979502756
2025-04-14 06:00:00,132.31,111.95509993534016,110.94758,113.46637456369218,20.354900064659844
2025-04-14 07:00:00,108.38,106.57654088900944,105.228874,108.59803900536048,1.8034591109905591
2025-04-14 08:00:00,85.94,94.56913696338697,93.89885,95.57455864076721,-8.62913696338697
2025-04-14 09:00:00,75.61,86.4382586352656,87.015366,85.57259437258782,-10.828258635265598
2025-04-14 10:00:00,77.09,78.95679791208434,81.22885,75.54871398797451,-1.866797912084337
2025-04-14 11:00:00,77.4,75.07662812660564,76.681946,72.66864398594768,2.3233718733943647
2025-04-14 12:00:00,74.98,75.03238701069928,76.669716,72.57638989002945,-0.052387010699277425
2025-04-14 13:00:00,76.87,78.49548435716744,80.35517,75.7059502728014,-1.625484357167437
2025-04-14 14:00:00,92.23,83.73341650828141,85.08494,81.70613038203166,8.496583491718596
2025-04-14 15:00:00,92.6,93.54681735595722,93.45714,93.68133439025922,-0.9468173559572222
2025-04-14 16:00:00,100.93,104.22559723660333,105.11255,102.89516412727494,-3.295597236603328
2025-04-14 17:00:00,123.47,124.74261160723985,125.78429,123.1800954548672,-1.2726116072398526
2025-04-14 18:00:00,132.73,127.59483918986456,128.90216,125.63384556377272,5.135160810135432
2025-04-14 19:00:00,114.3,117.83302551929421,118.65013,116.60736695985662,-3.5330255192942133
2025-04-14 20:00:00,92.39,103.54749911880114,103.24061,104.00783165930754,-11.157499118801141
2025-04-14 21:00:00,85.65,95.64591103282847,96.18292,94.84039022245202,-9.99591103282846
2025-04-14 22:00:00,79.78,90.05334888630263,89.5626,90.78947153521457,-10.273348886302628
2025-04-14 23:00:00,79.02,84.64691686744978,84.621376,84.68522429753068,-5.626916867449779
2025-04-15 00:00:00,86.46,84.18665164153387,85.045296,82.89867980879075,2.273348358466123
2025-04-15 01:00:00,88.94,86.16052259716537,86.48744,85.67013774596515,2.7794774028346296
2025-04-15 02:00:00,89.44,87.26052890750549,86.92903,87.75776948861235,2.1794710924945093
2025-04-15 03:00:00,87.47,89.06198196565465,87.25509,91.77231979755948,-1.5919819656546537
2025-04-15 04:00:00,88.55,100.4735532091947,98.68423,103.157540631019,-11.923553209194708
2025-04-15 05:00:00,97.81,122.42170773092748,122.04627,122.98484946647885,-24.611707730927478
2025-04-15 06:00:00,101.79,132.44158175186612,131.71802,133.526916568386,-30.651581751866118
2025-04-15 07:00:00,115.52,116.79756970406521,114.53098,120.19744980337589,-1.2775697040652148
2025-04-15 08:00:00,115.46,105.88413545494538,104.646706,107.74027638150405,9.575864545054614
2025-04-15 09:00:00,109.85,98.40497601206923,96.39155,101.4251139803684,11.445023987930767
2025-04-15 10:00:00,104.68,96.72084270629406,94.890396,99.46651068114042,7.9591572937059425
2025-04-15 11:00:00,99.23,91.05069779930156,89.62621,93.18741916561231,8.179302200698444
2025-04-15 12:00:00,91.64,90.46591891429159,89.7722,91.50648925655415,1.1740810857084085
2025-04-15 13:00:00,84.66,92.6455768109428,94.22006,90.28384292152202,-7.985576810942803
2025-04-15 14:00:00,81.58,99.46631948173925,100.84662,97.39586691113524,-17.88631948173925
2025-04-15 15:00:00,91.68,101.15116585285053,100.36693,102.32752057389877,-9.471165852850518
2025-04-15 16:00:00,108.24,111.46819965344318,111.468094,111.46835069610792,-3.228199653443184
2025-04-15 17:00:00,121.13,129.9534868066386,132.8596,125.59429974975083,-8.823486806638613
2025-04-15 18:00:00,120.04,135.32423642018128,138.35988,130.77076561100006,-15.284236420181273
2025-04-15 19:00:00,100.88,121.00232821523036,123.89522,116.66298225072238,-20.122328215230368
2025-04-15 20:00:00,94.37,98.79056959512704,99.42914,97.83270908303243,-4.420569595127034
2025-04-15 21:00:00,76.28,90.70212842786982,91.17922,89.9864840945769,-14.422128427869822
2025-04-15 22:00:00,103.56,88.95643243099222,89.8529,87.61173270406746,14.60356756900778
2025-04-15 23:00:00,89.31,85.30675309183553,85.65255,84.78805048471577,4.003246908164471
2025-04-16 00:00:00,76.99,81.03557134157293,81.84376,79.82328237309736,-4.045571341572938
2025-04-16 01:00:00,62.81,75.41940014165483,76.149864,74.32370405897106,-12.609400141654831
2025-04-16 02:00:00,56.19,64.82393134899816,66.67635,62.04529437591336,-8.63393134899816
2025-04-16 03:00:00,47.56,58.61933270362508,58.438873,58.89002182253927,-11.059332703625081
2025-04-16 04:00:00,48.14,55.80634631965063,54.81262,57.29693269365782,-7.6663463196506285
2025-04-16 05:00:00,90.13,67.9486714392433,69.51251,65.60290838021274,22.181328560756697
2025-04-16 06:00:00,106.49,83.41363330509067,85.74874,79.91096963052453,23.076366694909325
2025-04-16 07:00:00,100.12,84.56381786147273,85.802,82.70653218725116,15.556182138527276
2025-04-16 08:00:00,81.17,80.32003397478076,80.2176,80.47368036541869,0.8499660252192456
2025-04-16 09:00:00,53.7,73.94256973750021,72.97747,75.39021493212942,-20.242569737500204
2025-04-16 10:00:00,42.15,58.117490561078924,56.93118,59.89695020335648,-15.967490561078925
2025-04-16 11:00:00,34.53,47.63864734066608,42.24397,55.730662998881996,-13.108647340666082
2025-04-16 12:00:00,33.12,46.11445891300289,43.385094,50.208503888037,-12.994458913002894
2025-04-16 13:00:00,47.08,35.959660866652975,31.78861,42.21623266437413,11.120339133347024
2025-04-16 14:00:00,61.01,48.399385791459125,48.234024,48.64742363849888,12.610614208540873
2025-04-16 15:00:00,86.36,62.165157992838466,63.154766,60.68074395060202,24.194842007161533
2025-04-16 16:00:00,95.09,84.41614656899988,83.258156,86.15312887367156,10.673853431000126
2025-04-16 17:00:00,119.28,104.21275322735838,105.10219,102.87859899551998,15.067246772641624
2025-04-16 18:00:00,127.72,112.96617009339042,114.23713,111.05971997224557,14.753829906609582
2025-04-16 19:00:00,109.28,109.72513770410782,109.59491,109.92046831422462,-0.4451377041078217
2025-04-16 20:00:00,96.93,99.90093712045218,97.72473,103.16523800376717,-2.9709371204521773
2025-04-16 21:00:00,94.24,91.78100877693629,89.92464,94.56556095906436,2.4589912230637054
2025-04-16 22:00:00,89.93,88.66143794559744,86.92458,91.2667178040571,1.2685620544025653
2025-04-16 23:00:00,84.26,80.32569625354412,78.7048,82.75702780427048,3.934303746455882
2025-04-17 00:00:00,82.86,81.15032845020733,80.60495,81.96839047671457,1.7096715497926738
2025-04-17 01:00:00,84.23,82.68976944635541,82.700745,82.67330095048325,1.5402305536445908
2025-04-17 02:00:00,83.51,84.99196985666038,83.35529,87.4469751940191,-1.4819698566603705
2025-04-17 03:00:00,86.26,87.23655705453541,84.60593,91.18249905113342,-0.9765570545354052
2025-04-17 04:00:00,100.56,96.84113353323448,96.20694,97.79241665779321,3.718866466765519
2025-04-17 05:00:00,111.13,114.30229189616684,113.95712,114.82004172161825,-3.17229189616684
2025-04-17 06:00:00,124.52,120.04440134247042,117.67296,123.6015657951409,4.475598657529574
2025-04-17 07:00:00,115.51,111.5658137757776,109.73473,114.31242643773503,3.944186224222406
2025-04-17 08:00:00,102.42,98.8238869749917,97.00867,101.54670741245482,3.5961130250083073
2025-04-17 09:00:00,91.73,89.2956103370582,88.284676,90.8120105380801,2.434389662941797
2025-04-17 10:00:00,83.97,82.02250975365487,82.61105,81.13968655454735,1.9474902463451258
2025-04-17 11:00:00,80.46,77.04519781346045,77.23153,76.76569305049682,3.4148021865395464
2025-04-17 12:00:00,79.46,74.65093644021508,73.604294,76.22089464362853,4.809063559784917
2025-04-17 13:00:00,80.37,78.40375885174606,77.747055,79.38880882675286,1.9662411482539426
2025-04-17 14:00:00,89.72,86.38871625520343,87.22862,85.12884744648028,3.331283744796565
2025-04-17 15:00:00,97.76,96.85851295219933,96.864555,96.84944171277371,0.9014870478006713
2025-04-17 16:00:00,104.39,112.2192865235881,111.54148,113.23599478187063,-7.829286523588095
2025-04-17 17:00:00,125.77,133.8982190374064,132.58507,135.86794596998084,-8.128219037406396
2025-04-17 18:00:00,126.6,138.64045630216367,136.91443,141.2294938743057,-12.040456302163676
2025-04-17 19:00:00,121.8,122.21917701943957,118.3631,128.00329151710477,-0.419177019439573
2025-04-17 20:00:00,105.98,109.1129774530326,105.993996,113.79144059608247,-3.132977453032595
2025-04-17 21:00:00,97.61,102.22916400734229,101.310936,103.6065003351282,-4.619164007342292
2025-04-17 22:00:00,106.24,99.18119951513944,99.350235,98.92764440247262,7.058800484860555
2025-04-17 23:00:00,97.28,94.71491774893497,94.76136,94.64524649025734,2.5650822510650357
2025-04-18 00:00:00,99.64,95.77926709244589,89.83725,104.6922892826284,3.860732907554109
2025-04-18 01:00:00,96.78,93.96996022675285,88.04324,102.86003354722877,2.810039773247155
2025-04-18 02:00:00,92.72,92.9448825866609,85.70351,103.80693722531923,-0.22488258666089678
2025-04-18 03:00:00,93.82,94.3987708367045,86.929924,105.60203916756693,-0.578770836704507
2025-04-18 04:00:00,94.3,101.03379541046323,96.37691,108.01912559586022,-6.73379541046323
2025-04-18 05:00:00,100.97,108.57645494219103,106.329254,111.94725231519438,-7.606454942191036
2025-04-18 06:00:00,111.4,114.9628467863429,114.80774,115.19550807913848,-3.562846786342888
2025-04-18 07:00:00,106.58,111.08877429298445,111.63922,110.26309631595723,-4.508774292984455
2025-04-18 08:00:00,101.38,100.4614222523991,98.30293,103.69915080006515,0.9185777476008923
2025-04-18 09:00:00,96.12,94.64142806455999,91.28763,99.67212217861189,1.4785719354400157
2025-04-18 10:00:00,91.11,84.5126029549061,79.86598,91.48253239642054,6.597397045093899
2025-04-18 11:00:00,80.97,70.46571681951298,62.57468,82.30226392683417,10.504283180487022
2025-04-18 12:00:00,64.84,67.59919103312963,59.219048,80.16940435589535,-2.7591910331296248
2025-04-18 13:00:00,59.18,69.70826963642328,61.83486,81.51837955065292,-10.528269636423282
2025-04-18 14:00:00,67.02,74.78035148143229,68.59229,84.06243761776528,-7.760351481432295
2025-04-18 15:00:00,84.52,86.54938669111215,85.51498,88.10100006823444,-2.029386691112151
2025-04-18 16:00:00,103.13,99.11707972670459,100.02751,97.7514242923474,4.012920273295407
2025-04-18 17:00:00,115.65,107.07827416306179,104.40726,111.08479597284,8.571725836938214
2025-04-18 18:00:00,111.7,107.88530322410466,104.77136,112.5562088811845,3.8146967758953423
2025-04-18 19:00:00,106.87,104.28150317328192,102.957115,106.26807563645187,2.5884968267180852
2025-04-18 20:00:00,94.6,87.8694506961858,85.01438,92.1520450906842,6.7305493038142
2025-04-18 21:00:00,82.12,72.37564340939433,71.90345,73.08393159782665,9.744356590605676
2025-04-18 22:00:00,79.72,64.25540310747087,65.76339,61.99342148022501,15.46459689252913
2025-04-18 23:00:00,71.86,48.50872497048633,47.404564,50.16496370947996,23.351275029513673
2025-04-19 00:00:00,71.87,36.632665131027736,30.748867,45.458358460503916,35.23733486897227
2025-04-19 01:00:00,69.29,36.03369421347766,31.539648,42.77476058862578,33.25630578652235
2025-04-19 02:00:00,65.77,34.385079591490424,29.515959,41.68875984603562,31.384920408509572
2025-04-19 03:00:00,61.13,33.08364002371123,28.684654,39.68211870551832,28.04635997628877
2025-04-19 04:00:00,63.31,45.345054390138756,46.417564,43.736285572514845,17.964945609861246
2025-04-19 05:00:00,72.09,52.502842413407805,55.856907,47.47174378986716,19.5871575865922
2025-04-19 06:00:00,82.95,61.213413801341915,62.72966,58.93903873003936,21.736586198658088
2025-04-19 07:00:00,77.49,67.81910011511124,66.306885,70.08741550994608,9.670899884888755
2025-04-19 08:00:00,88.86,76.13851069714545,76.12354,76.16096256439681,12.72148930285455
2025-04-19 09:00:00,87.69,80.60272502902885,82.06025,78.41643095025768,7.087274970971151
2025-04-19 10:00:00,80.76,68.8389860701169,64.62361,75.16204037060476,11.921013929883102
2025-04-19 11:00:00,76.24,65.54712779749306,64.72908,66.7741991934397,10.692872202506933
2025-04-19 12:00:00,64.92,55.28137841076496,51.59686,60.80815469848221,9.638621589235044
2025-04-19 13:00:00,59.01,45.94939264959286,41.084442,53.24681364760275,13.060607350407139
2025-04-19 14:00:00,46.92,50.25281051229797,44.889065,58.29842814384307,-3.332810512297968
2025-04-19 15:00:00,82.84,69.761296212748,69.211464,70.586044639536,13.07870378725201
2025-04-19 16:00:00,105.36,91.90147838741788,92.25629,91.36925840750953,13.458521612582118
2025-04-19 17:00:00,114.84,116.0623838300138,116.03733,116.09996363387236,-1.222383830013797
2025-04-19 18:00:00,118.72,119.85905011176652,118.942726,121.2335284471409,-1.1390501117665224
2025-04-19 19:00:00,115.47,118.4393141827876,120.15088,115.87195946819945,-2.969314182787599
2025-04-19 20:00:00,106.86,105.93334989219275,105.38815,106.75113748682953,0.926650107807248
2025-04-19 21:00:00,94.64,97.5180688645369,96.51849,99.01742596078074,-2.8780688645368997
2025-04-19 22:00:00,92.89,94.27554240145494,93.57159,95.33146655356413,-1.3855424014549413
2025-04-19 23:00:00,88.21,89.75815866989008,88.842186,91.13211389884628,-1.5481586698900855
2025-04-20 00:00:00,91.32,88.43354953644696,87.69412,89.54268846208907,2.8864504635530324
2025-04-20 01:00:00,90.62,86.04006549232258,83.9953,89.10720756930743,4.579934507677422
2025-04-20 02:00:00,88.47,86.31390220134702,85.47046,87.57906511945643,2.1560977986529792
2025-04-20 03:00:00,86.98,88.25078641531918,89.69286,86.08766702706748,-1.2707864153191792
2025-04-20 04:00:00,88.47,87.00513660592387,87.62007,86.08273058341317,1.4648633940761329
2025-04-20 05:00:00,91.32,91.40404273353808,92.59046,89.62440851536374,-0.08404273353808378
2025-04-20 06:00:00,94.9,93.3592804833279,93.27097,93.49173758527286,1.5407195166721124
2025-04-20 07:00:00,103.34,94.0799765960028,91.00769,98.68839630873256,9.26002340399721
2025-04-20 08:00:00,104.46,97.41818664624319,94.636406,101.59085388367438,7.041813353756808
2025-04-20 09:00:00,99.81,94.08784622284506,89.39941,101.12050400010583,5.7221537771549436
2025-04-20 10:00:00,89.76,90.0205959987987,86.12757,95.86012952336392,-0.2605959987986921
2025-04-20 11:00:00,91.25,84.4757359882923,80.0379,91.1324819079866,6.7742640117077
2025-04-20 12:00:00,87.47,79.82885606252748,74.37464,88.01017421393587,7.6411439374725205
2025-04-20 13:00:00,89.67,76.50364669405917,70.47715,85.54338416068504,13.16635330594083
2025-04-20 14:00:00,92.5,78.54147425300306,73.70282,85.79944826678496,13.95852574699694
2025-04-20 15:00:00,96.95,95.49633158428449,96.51811,93.96365496473953,1.4536684157155122
2025-04-20 16:00:00,98.91,106.01375957335591,106.89774,104.68777646634874,-7.103759573355916
2025-04-20 17:00:00,116.33,120.9831360957622,121.05186,120.88004330337036,-4.653136095762207
2025-04-20 18:00:00,125.16,127.34969364818602,127.90848,126.51151744566037,-2.1896936481860223
2025-04-20 19:00:00,121.31,123.44509369356885,124.75162,121.48529664236936,-2.135093693568848
2025-04-20 20:00:00,110.87,111.27864253927322,110.10114,113.04487676444279,-0.4086425392732167
2025-04-20 21:00:00,95.72,102.99075119163194,101.88412,104.65069275263943,-7.270751191631945
2025-04-20 22:00:00,100.21,99.40924705669667,98.17583,101.25937138014501,0.8007529433033227
2025-04-20 23:00:00,94.62,94.91900292082894,93.89142,96.46037198713097,-0.29900292082894
2025-04-21 00:00:00,96.81,90.92196607430948,89.53999,92.99491762717994,5.888033925690522
2025-04-21 01:00:00,93.45,91.97582067249328,91.239105,93.08088812227325,1.474179327506718
2025-04-21 02:00:00,91.75,92.82348026698773,92.25882,93.67046748265489,-1.0734802669877297
2025-04-21 03:00:00,91.52,94.61583099605534,93.768364,95.88702583913735,-3.0958309960553407
2025-04-21 04:00:00,91.4,102.19781677126356,101.02453,103.95774345098604,-10.797816771263555
2025-04-21 05:00:00,94.51,120.23116077138941,122.64918,116.60413178687196,-25.721160771389407
2025-04-21 06:00:00,102.79,123.9996362367171,121.09138,128.36201326024977,-21.20963623671709
2025-04-21 07:00:00,97.88,123.30959078807601,118.217865,130.94716422604938,-25.429590788076013
2025-04-21 08:00:00,108.68,114.81087246002772,109.278755,123.10904836808689,-6.130872460027717
2025-04-21 09:00:00,110.98,107.9330978819936,101.72463,117.2457886808141,3.0469021180064004
2025-04-21 10:00:00,107.3,103.06408371470407,98.06057,110.56934510524161,4.235916285295929
2025-04-21 11:00:00,104.0,100.85826774473117,98.7463,104.02621020960625,3.1417322552688347
2025-04-21 12:00:00,96.29,96.568365057321,93.78356,100.74556817613941,-0.2783650573209968
2025-04-21 13:00:00,88.95,92.05330321517904,90.49852,94.3854724697103,-3.1033032151790394
2025-04-21 14:00:00,86.1,94.06341301019324,93.53313,94.85884037155245,-7.96341301019325
2025-04-21 15:00:00,93.59,96.19608438061275,95.47331,97.28023856994005,-2.6060843806127423
2025-04-21 16:00:00,101.88,107.51897431229492,107.46325,107.60255815622554,-5.63897431229492
2025-04-21 17:00:00,119.55,127.38827244036901,129.27133,124.5636681614694,-7.8382724403690105
2025-04-21 18:00:00,128.55,132.2691869167293,132.57533,131.8099568853291,-3.719186916729285
2025-04-21 19:00:00,122.72,122.96329152368841,122.230255,124.06283467469956,-0.24329152368841278
2025-04-21 20:00:00,111.91,109.68156426151302,109.542274,109.89049894113604,2.2284357384869793
2025-04-21 21:00:00,100.15,98.52512806710783,98.19406,99.02172252677838,1.6248719328921766
2025-04-21 22:00:00,98.05,96.51359397518686,95.58528,97.90606097251305,1.5364060248131324
2025-04-21 23:00:00,91.72,93.61041248154996,92.591034,95.13947457850867,-1.8904124815499586
2025-04-22 00:00:00,93.23,91.13024496342373,90.4803,92.10515914623022,2.099755036576269
2025-04-22 01:00:00,91.66,88.70610469015601,87.64942,90.29111965080506,2.953895309843986
2025-04-22 02:00:00,90.53,87.96926471038557,86.29389,90.48232010115922,2.5607352896144278
2025-04-22 03:00:00,92.01,89.57026133380816,87.825066,92.18804919328502,2.439738666191843
2025-04-22 04:00:00,110.47,94.58687723266758,93.1604,96.72658295898825,15.883122767332424
2025-04-22 05:00:00,133.24,104.14623187073734,102.824066,106.12947280428475,29.09376812926267
2025-04-22 06:00:00,140.95,112.80646909820311,111.34266,115.0021842506347,28.14353090179688
2025-04-22 07:00:00,122.6,114.17391912404216,112.15459,117.20290999272257,8.426080875957837
2025-04-22 08:00:00,100.51,110.77532871183325,107.24035,116.07778329691712,-10.265328711833249
2025-04-22 09:00:00,97.22,101.567778908567,97.83795,107.1625121517886,-4.347778908567008
2025-04-22 10:00:00,88.01,93.27991061561569,90.16396,97.95382393283805,-5.269910615615686
2025-04-22 11:00:00,85.79,87.85330147166067,85.978455,90.66556797968877,-2.0633014716606652
2025-04-22 12:00:00,83.05,83.11637909119699,81.80794,85.07903175814386,-0.06637909119699259
2025-04-22 13:00:00,79.43,80.39050077645159,79.65899,81.48776469747662,-0.9605007764515818
2025-04-22 14:00:00,84.05,83.24399333293326,83.23105,83.26340091961342,0.8060066670667396
2025-04-22 15:00:00,98.24,93.19095889321281,94.81246,90.75870254614236,5.049041106787186
2025-04-22 16:00:00,114.69,107.19917708601946,108.87442,104.68630865132795,7.490822913980537
2025-04-22 17:00:00,139.74,125.18600158437407,126.383,123.39049529394298,14.55399841562594
2025-04-22 18:00:00,130.82,130.58795336630112,131.57668,129.10486647849694,0.23204663369887157
2025-04-22 19:00:00,123.32,117.96195323330933,117.53842,118.59724300758973,5.358046766690663
2025-04-22 20:00:00,108.78,104.83566332282352,103.79141,106.40203596208809,3.94433667717648
2025-04-22 21:00:00,97.92,94.54173829954075,92.98822,96.87200970454035,3.378261700459248
2025-04-22 22:00:00,90.16,95.4381542586849,95.62084,95.16411313999839,-5.278154258684907
2025-04-22 23:00:00,84.09,91.4922137767351,92.57197,89.87257850922055,-7.4022137767350955
2025-04-23 00:00:00,86.21,89.0205990308832,90.50106,86.79989731170508,-2.8105990308832105
2025-04-23 01:00:00,88.05,87.13622066920053,87.999596,85.84115439516927,0.9137793307994713
2025-04-23 02:00:00,88.96,87.22603351053135,87.698006,86.51807144722679,1.7339664894686422
2025-04-23 03:00:00,90.38,88.59734889694701,88.29954,89.0440600322845,1.7826511030529844
2025-04-23 04:00:00,94.71,102.7763947609334,104.93044,99.54531887254834,-8.066394760933406
2025-04-23 05:00:00,116.12,120.67940122594274,123.78452,116.02171854947598,-4.559401225942736
2025-04-23 06:00:00,130.19,127.2392930304465,127.859116,126.30955917523733,2.9507069695534938
2025-04-23 07:00:00,113.77,117.71361658119136,117.63129,117.83710770664048,-3.943616581191364
2025-04-23 08:00:00,103.02,104.15602771555578,103.67981,104.87034539667754,-1.1360277155557839
2025-04-23 09:00:00,96.46,97.44757722387229,97.83896,96.8605011346319,-0.9875772238722931
2025-04-23 10:00:00,92.55,92.49534455762547,93.11633,91.56385997499629,0.05465544237452491
2025-04-23 11:00:00,88.31,88.38294716209693,88.37511,88.39470196591125,-0.07294716209692353
2025-04-23 12:00:00,85.59,85.79583322357158,85.25239,86.61099342880198,-0.20583322357157385
2025-04-23 13:00:00,87.91,84.83938502422541,84.568474,85.2457499293379,3.070614975774589
2025-04-23 14:00:00,94.39,88.67495643685561,89.369484,87.63315944846224,5.715043563144391
2025-04-23 15:00:00,103.38,96.88951056408288,96.4342,97.572477887258,6.490489435917112
2025-04-23 16:00:00,114.35,115.4295264023497,118.19866,111.27582329957542,-1.0795264023496998
2025-04-23 17:00:00,137.21,132.28199493105154,133.01088,131.18865279393742,4.928005068948465
2025-04-23 18:00:00,138.68,128.85757988723557,128.00514,130.13623640021785,9.822420112764433
2025-04-23 19:00:00,128.33,123.15014423870966,123.79912,122.1766797190886,5.179855761290355
2025-04-23 20:00:00,108.28,107.51955136231476,107.82361,107.0634581787361,0.7604486376852435
2025-04-23 21:00:00,98.99,97.97659085789428,99.15096,96.21502336360777,1.013409142105715
2025-04-23 22:00:00,92.16,92.09044755569279,92.21515,91.90339359321146,0.06955244430720597
2025-04-23 23:00:00,86.49,89.50459882791532,89.40153,89.65920024056464,-3.0145988279153215
2025-04-24 00:00:00,85.22,86.7814358517065,87.23046,86.10789031896351,-1.5614358517065057
2025-04-24 01:00:00,84.65,85.6858578582394,86.40025,84.61426279440221,-1.035857858239396
2025-04-24 02:00:00,83.49,84.95383949834735,85.17893,84.61619664625897,-1.4638394983473546
2025-04-24 03:00:00,83.42,86.36424278912162,85.80277,87.20644056045055,-2.944242789121617
2025-04-24 04:00:00,93.28,94.79500265829785,95.04865,94.41452195031005,-1.5150026582978455
2025-04-24 05:00:00,116.48,110.93380938710456,112.22105,109.00293853734146,5.546190612895444
2025-04-24 06:00:00,121.53,122.30051966697934,123.04681,121.18108203487996,-0.7705196669793395
2025-04-24 07:00:00,120.85,116.60211946453214,118.11229,114.33685307417213,4.247880535467857
2025-04-24 08:00:00,108.0,108.17581791263353,108.81974,107.20992670907407,-0.17581791263353352
2025-04-24 09:00:00,98.53,97.10766616264587,95.84292,99.00478399792325,1.422333837354131
2025-04-24 10:00:00,91.41,89.89610062549323,88.79968,91.54072191590592,1.5138993745067637
2025-04-24 11:00:00,85.29,85.36938133896231,85.50171,85.1708803341001,-0.07938133896230681
2025-04-24 12:00:00,82.55,81.9749165555018,81.55854,82.59947324300256,0.5750834444981905
2025-04-24 13:00:00,82.03,80.84164803271278,80.47989,81.38427717101536,1.1883519672872183
2025-04-24 14:00:00,83.42,87.06573435694021,87.99363,85.67388407960638,-3.64573435694021
2025-04-24 15:00:00,94.31,96.64115643372783,97.73076,95.00674545443675,-2.331156433727827
2025-04-24 16:00:00,100.35,112.26940845245569,114.56466,108.82652100906891,-11.919408452455698
2025-04-24 17:00:00,120.55,128.02240081331314,129.2039,126.25013579182777,-7.472400813313143
2025-04-24 18:00:00,125.3,131.70285265130886,132.7408,130.14591794419013,-6.402852651308862
2025-04-24 19:00:00,118.18,124.89974956090933,126.87248,121.94065045256627,-6.719749560909321
2025-04-24 20:00:00,101.83,105.36243231536487,105.7033,104.85112625960357,-3.532432315364872
2025-04-24 21:00:00,93.4,96.68847836053024,98.205055,94.41360923140374,-3.2884783605302346
2025-04-24 22:00:00,91.15,95.02396106691663,97.627975,91.11793756414215,-3.873961066916621
2025-04-24 23:00:00,84.26,88.86288108426125,89.96478,87.21002673103885,-4.6028810842612415
2025-04-25 00:00:00,84.01,87.05317637616105,89.52917,83.33918445541724,-3.0431763761610426
2025-04-25 01:00:00,82.23,85.78126038853392,88.07991,82.33327601711116,-3.551260388533919
2025-04-25 02:00:00,81.66,84.24909250756878,85.9033,81.76777941040143,-2.589092507568779
2025-04-25 03:00:00,83.35,85.7345329592143,86.76925,84.1824570470836,-2.3845329592143116
2025-04-25 04:00:00,93.73,93.46264970323695,94.39268,92.0676025753531,0.26735029676305544
2025-04-25 05:00:00,114.49,110.22258658467668,112.663536,106.56116235402567,4.267413415323318
2025-04-25 06:00:00,121.46,114.98828156825019,116.452095,112.79254992892626,6.471718431749807
2025-04-25 07:00:00,113.2,110.99782428626196,111.56469,110.1475110025201,2.2021757137380433
2025-04-25 08:00:00,100.7,101.50819235878518,101.892456,100.93179300023442,-0.8081923587851776
2025-04-25 09:00:00,90.68,94.55796853476929,94.94149,93.98267844751891,-3.8779685347692805
2025-04-25 10:00:00,89.33,88.2012220678222,88.646736,87.53294141528303,1.1287779321777975
2025-04-25 11:00:00,86.19,83.33323430035736,84.1555,82.09982273514635,2.8567656996426365
2025-04-25 12:00:00,81.27,80.8669855464574,80.99467,80.67545947161224,0.40301445354259613
2025-04-25 13:00:00,80.27,78.84208912751919,79.42557,77.966867563671,1.4279108724808083
2025-04-25 14:00:00,79.45,82.29032751094992,84.134995,79.523321295075,-2.840327510949919
2025-04-25 15:00:00,87.12,91.08912822429807,92.623795,88.78712109785454,-3.9691282242980606
2025-04-25 16:00:00,96.8,102.89717971084727,104.17681,100.97772863502831,-6.097179710847271
2025-04-25 17:00:00,114.32,117.94368214147428,118.42388,117.22338305754312,-3.6236821414742906
2025-04-25 18:00:00,119.94,120.60839091540821,121.17359,119.76058986786622,-0.6683909154082102
2025-04-25 19:00:00,112.43,115.29446478589468,116.28985,113.80138565858434,-2.8644647858946684
2025-04-25 20:00:00,100.94,100.61320535819694,100.33865,101.02502923411538,0.32679464180306184
2025-04-25 21:00:00,93.99,92.63890729776091,93.03981,92.03755106605755,1.351092702239086
2025-04-25 22:00:00,95.71,90.31922318444225,91.23023,88.95270769560267,5.390776815557743
2025-04-25 23:00:00,89.63,86.08355800039806,86.65029,85.2334521146426,3.5464419996019387
2025-04-26 00:00:00,87.35,87.52998874866194,88.80639,85.6153809597896,-0.17998874866194114
2025-04-26 01:00:00,84.56,84.73523931754751,85.1753,84.07514167460607,-0.17523931754750777
2025-04-26 02:00:00,82.49,83.18346616271971,83.85164,82.1812014938354,-0.6934661627197158
2025-04-26 03:00:00,82.17,83.1139191745248,85.01925,80.25592067801122,-0.9439191745247939
2025-04-26 04:00:00,84.06,85.6511059509308,88.14796,81.90582769776157,-1.591105950930796
2025-04-26 05:00:00,87.89,94.19784320762683,98.22901,88.15108690090301,-6.307843207626831
2025-04-26 06:00:00,92.18,98.16222283501483,101.01674,93.88044112074019,-5.982222835014824
2025-04-26 07:00:00,106.4,98.63892258364962,100.3902,96.01200792091603,7.761077416350389
2025-04-26 08:00:00,111.56,101.0849060432613,101.81719,99.9864731770009,10.475093956738704
2025-04-26 09:00:00,104.06,96.4371910881598,94.57645,99.2283060132462,7.622808911840195
2025-04-26 10:00:00,94.28,92.59625967844053,90.38583,95.91189286370388,1.683740321559469
2025-04-26 11:00:00,87.63,88.04394800893085,86.62987,90.16505915501756,-0.41394800893085915
2025-04-26 12:00:00,84.29,80.84990451037999,79.687744,82.59313934296654,3.4400954896200204
2025-04-26 13:00:00,82.08,76.97540918671379,76.64337,77.47346559373761,5.104590813286208
2025-04-26 14:00:00,81.08,77.94502778046345,78.93364,76.46211016160782,3.13497221953655
2025-04-26 15:00:00,88.44,86.68291251254817,88.424446,84.07061021508625,1.7570874874518267
2025-04-26 16:00:00,96.06,100.12868281185584,103.42799,95.17971446066989,-4.068682811855837
2025-04-26 17:00:00,109.47,114.34488103763074,117.24615,109.99296660164521,-4.874881037630743
2025-04-26 18:00:00,114.41,118.15680826720039,120.866,114.09302088162401,-3.746808267200393
2025-04-26 19:00:00,110.87,112.41648768774675,115.409,107.92772053162275,-1.5464876877467475
2025-04-26 20:00:00,100.34,100.24767465600462,101.233635,98.76872468017268,0.09232534399538395
2025-04-26 21:00:00,89.72,93.44671253195199,94.124886,92.42944726921101,-3.726712531951989
2025-04-26 22:00:00,92.09,94.35865694140088,96.893364,90.55659070250121,-2.2686569414008773
2025-04-26 23:00:00,91.89,89.04443866733898,90.24738,87.2400124550906,2.8455613326610205
2025-04-27 00:00:00,87.25,87.98865019281513,90.40905,84.35804096360522,-0.738650192815129
2025-04-27 01:00:00,81.87,82.73879120679959,84.054474,80.765263386872,-0.8687912067995853
2025-04-27 02:00:00,75.08,80.51527926613915,81.918564,78.41034286444454,-5.435279266139148
2025-04-27 03:00:00,72.58,78.48669154113888,80.321655,75.7342364059478,-5.906691541138883
2025-04-27 04:00:00,70.09,80.7989854648956,84.34316,75.48271413526146,-10.70898546489559
2025-04-27 05:00:00,66.31,82.0029376268783,84.57248,78.14862328777681,-15.692937626878305
2025-04-27 06:00:00,54.59,82.84092051944447,84.58417,80.22604244851351,-28.250920519444463
2025-04-27 07:00:00,44.3,90.91752937836816,95.2762,84.37951871264403,-46.61752937836816
2025-04-27 08:00:00,38.14,89.28436144285536,93.664734,82.71380086971163,-51.144361442855356
2025-04-27 09:00:00,22.01,70.25635894384091,68.20326,73.33600005125265,-48.2463589438409
2025-04-27 10:00:00,4.62,61.73835894752782,61.43831,62.18842857304318,-57.118358947527824
2025-04-27 11:00:00,3.35,44.327901135016035,40.809807,49.60503878724711,-40.97790113501603
2025-04-27 12:00:00,2.61,39.29413682292964,33.665672,47.73683265028063,-36.68413682292964
2025-04-27 13:00:00,3.65,39.24939814291802,34.84096,45.86205221917248,-35.59939814291802
2025-04-27 14:00:00,17.76,31.55591957152428,22.76415,44.74357109220182,-13.79591957152428
2025-04-27 15:00:00,40.56,43.830137324855286,36.69266,54.536347569340364,-3.270137324855284
2025-04-27 16:00:00,88.06,73.02847311761772,71.23395,75.72025353379041,15.03152688238228
2025-04-27 17:00:00,103.96,95.62624566542104,96.51207,94.29750007358678,8.333754334578956
2025-04-27 18:00:00,116.67,107.636709382845,110.80525,102.88388771492498,9.033290617155004
2025-04-27 19:00:00,113.83,107.74956114466164,111.45345,102.19370800691777,6.0804388553383575
2025-04-27 20:00:00,101.61,99.62487757293081,102.507225,95.3013506553495,1.9851224270691858
2025-04-27 21:00:00,85.9,90.13179840500607,90.87632,89.01500855523975,-4.23179840500606
2025-04-27 22:00:00,81.44,84.64921406577709,85.79074,82.93692180689877,-3.20921406577709
2025-04-27 23:00:00,73.91,74.06150082758793,73.39949,75.05451271960459,-0.15150082758793815
2025-04-28 00:00:00,77.65,70.45563777475414,70.00439,71.13251408410213,7.194362225245868
2025-04-28 01:00:00,79.06,69.88719677288847,69.27415,70.80676375228953,9.17280322711153
2025-04-28 02:00:00,76.43,69.81910858787266,67.89222,72.70944024714748,6.610891412127344
2025-04-28 03:00:00,76.67,75.42767630861367,73.365944,78.52026727910254,1.242323691386332
2025-04-28 04:00:00,90.2,85.21306169385576,83.412926,87.91326374696851,4.986938306144239
2025-04-28 05:00:00,122.27,99.23771649477689,98.87517,99.78153183752818,23.032283505223106
2025-04-28 06:00:00,121.99,107.81640914382216,109.001274,106.0391116962253,14.173590856177839
2025-04-28 07:00:00,110.64,105.05739115447514,106.12167,103.4609579734681,5.5826088455248595
2025-04-28 08:00:00,91.81,98.59663675083917,98.951805,98.06387657558426,-6.786636750839165
2025-04-28 09:00:00,84.82,88.62359042745786,87.852684,89.77994431510459,-3.8035904274578627
2025-04-28 10:00:00,74.27,86.12405969816501,87.989815,83.32541947856683,-11.854059698165017
2025-04-28 11:00:00,72.42,78.38732740103121,77.485954,79.73938516822744,-5.967327401031213
2025-04-28 12:00:00,70.84,71.86683165560262,68.03704,77.61151044393819,-1.0268316556026207
2025-04-28 13:00:00,69.48,71.99442520724944,68.415695,77.36251451043316,-2.514425207249431
2025-04-28 14:00:00,77.59,77.34749291275901,74.29096,81.93228895304009,0.24250708724099468
2025-04-28 15:00:00,78.6,87.81259484452033,87.92142,87.64935362741409,-9.21259484452034
2025-04-28 16:00:00,94.63,101.74344453042588,100.03495,104.30617831214865,-7.11344453042588
2025-04-28 17:00:00,118.86,120.36722228626923,118.9028,122.56384963046798,-1.5072222862692257
2025-04-28 18:00:00,130.5,130.60734997662183,129.32013,132.53817703506047,-0.10734997662183332
2025-04-28 19:00:00,125.5,124.67976537195506,123.05893,127.1110192648486,0.8202346280449433
2025-04-28 20:00:00,109.21,111.39887644016005,110.24144,113.13502374200168,-2.1888764401600582
2025-04-28 21:00:00,95.45,99.4033540479576,98.576866,100.64308017299459,-3.9533540479576033
2025-04-28 22:00:00,96.3,94.75144938835014,94.09242,95.7399840208021,1.5485506116498584
2025-04-28 23:00:00,87.33,90.72691867091754,90.69018,90.78202598637588,-3.396918670917543
2025-04-29 00:00:00,84.47,86.99691063738547,86.81519,87.26947919966486,-2.5269106373854697
2025-04-29 01:00:00,82.95,86.1984522782466,86.47812,85.77894281414677,-3.248452278246603
2025-04-29 02:00:00,83.93,83.67652083513016,81.922386,86.30771520428047,0.25347916486984445
2025-04-29 03:00:00,87.0,85.91826362405735,83.998024,88.79862117257014,1.0817363759426541
2025-04-29 04:00:00,97.64,98.45539980545159,99.16359,97.39310576057721,-0.815399805451591
2025-04-29 05:00:00,120.01,116.40635120975523,118.8217,112.78332263498378,3.603648790244776
2025-04-29 06:00:00,117.05,125.22675771471017,128.48438,120.34032034268361,-8.176757714710178
2025-04-29 07:00:00,106.11,114.46571132439044,114.78209,113.99114064618115,-8.355711324390441
2025-04-29 08:00:00,93.14,98.88299697275036,96.24127,102.84557684349701,-5.742996972750362
2025-04-29 09:00:00,88.08,89.58853832070349,85.16415,96.22511663000577,-1.5085383207034937
2025-04-29 10:00:00,80.57,83.39439435779536,77.93222,91.58764948396592,-2.82439435779537
2025-04-29 11:00:00,74.63,79.82914513025682,70.226715,94.23278256441156,-5.199145130256824
2025-04-29 12:00:00,73.16,78.9423316382894,68.03917,95.29707512843837,-5.782331638289406
2025-04-29 13:00:00,71.35,76.76967661828002,64.366776,95.37402255461114,-5.419676618280022
2025-04-29 14:00:00,72.49,78.27332347692149,66.969734,95.22870168241604,-5.783323476921495
2025-04-29 15:00:00,79.14,87.33469545203468,82.49081,94.60051922395877,-8.19469545203468
2025-04-29 16:00:00,95.53,97.59780594302833,92.58936,105.11046639565679,-2.0678059430283326
2025-04-29 17:00:00,114.59,115.95670455002117,112.98957,120.40739400444745,-1.3667045500211685
2025-04-29 18:00:00,125.22,121.73642258092472,120.18607,124.06193505338602,3.4835774190752744
2025-04-29 19:00:00,119.45,118.92452270850964,118.54244,119.49764328860806,0.5254772914903612
2025-04-29 20:00:00,102.83,104.24000263182822,102.465195,106.9022107116506,-1.4100026318282204
2025-04-29 21:00:00,93.22,97.73241131083866,97.95161,97.40361433666695,-4.512411310838658
2025-04-29 22:00:00,91.57,92.25032617402562,91.9384,92.71820549548886,-0.6803261740256232
2025-04-29 23:00:00,85.14,88.26062817834827,88.26896,88.24812997040678,-3.1206281783482694
2025-04-30 00:00:00,83.94,86.75250873356686,87.62196,85.44831895305774,-2.812508733566858
2025-04-30 01:00:00,81.87,86.69069009540607,88.467354,84.02569069261673,-4.820690095406064
2025-04-30 02:00:00,81.94,86.54026837960738,87.680176,84.83039964774892,-4.600268379607385
2025-04-30 03:00:00,87.83,88.14079591296561,88.29993,87.90209583099801,-0.3107959129656166
2025-04-30 04:00:00,100.81,98.54705117871745,100.72482,95.2803915423747,2.2629488212825493
2025-04-30 05:00:00,117.45,114.63305987578849,118.3037,109.12709091261576,2.816940124211513
2025-04-30 06:00:00,112.47,123.82033958082695,128.57541,116.68772791935251,-11.350339580826954
2025-04-30 07:00:00,104.51,112.64046037981714,113.302246,111.64776655012881,-8.130460379817137
2025-04-30 08:00:00,93.67,100.5357416574181,98.731865,103.24155293504913,-6.8657416574180985
2025-04-30 09:00:00,86.43,91.91808867718973,87.57179,98.43752325242258,-5.488088677189722
2025-04-30 10:00:00,81.44,87.53139176967775,80.55079,98.00229229040534,-6.091391769677756
2025-04-30 11:00:00,79.64,84.28490029468111,73.3767,100.64719107483751,-4.644900294681108
2025-04-30 12:00:00,77.07,84.04766938220556,72.6971,101.07352488068477,-6.977669382205562
2025-04-30 13:00:00,71.63,82.95226676998061,71.92734,99.48966045522494,-11.322266769980615
2025-04-30 14:00:00,74.43,81.62017841883416,71.32189,97.06760455538617,-7.190178418834151
2025-04-30 15:00:00,78.71,90.85166951760093,88.76421,93.98284963628745,-12.141669517600931
2025-04-30 16:00:00,92.63,100.87721708701102,98.391,104.60653492028634,-8.247217087011023
2025-04-30 17:00:00,116.12,119.60012957724223,119.50594,119.74140518089851,-3.4801295772422236
2025-04-30 18:00:00,123.59,126.96423873331864,127.68371,125.88502310282782,-3.3742387333186343
2025-04-30 19:00:00,118.53,121.73764712686128,122.75462,120.21217125343247,-3.207647126861275
2025-04-30 20:00:00,102.52,106.12368590961654,105.45192,107.13133353319661,-3.6036859096165443
2025-04-30 21:00:00,91.46,98.36927460257148,98.52584,98.13442346016404,-6.909274602571486
2025-04-30 22:00:00,96.6,93.76460564884492,94.14027,93.20111067972948,2.835394351155074
2025-04-30 23:00:00,89.46,88.63134568435504,88.60898,88.66488917426648,0.828654315644954
2025-05-01 00:00:00,86.14,84.87345016551384,85.35076,84.15747375668013,1.266549834486156
2025-05-01 01:00:00,84.91,83.35647298695903,83.975975,82.42721800511728,1.5535270130409629
2025-05-01 02:00:00,83.87,82.70426411246775,82.77607,82.5965462827563,1.16573588753225
2025-05-01 03:00:00,87.03,86.11899584044593,86.37391,85.73661847684724,0.9110041595540679
2025-05-01 04:00:00,91.74,96.94475789076577,98.78669,94.18185818211461,-5.2047578907657766
2025-05-01 05:00:00,96.41,111.84206549670674,114.37058,108.0492822415227,-15.432065496706741
2025-05-01 06:00:00,109.56,117.26122926354608,120.69871,112.10500415862104,-7.701229263546082
2025-05-01 07:00:00,106.25,107.92684991592402,108.97042,106.361485904312,-1.6768499159240235
2025-05-01 08:00:00,92.52,96.9662173801805,96.518394,97.63794983778033,-4.446217380180499
2025-05-01 09:00:00,87.91,87.56869514606043,86.31072,89.45565243119114,0.3413048539395618
2025-05-01 10:00:00,81.86,83.21740154098508,82.440285,84.38307294425957,-1.3574015409850801
2025-05-01 11:00:00,78.36,79.11140353603668,77.0756,82.16510551977919,-0.7514035360366762
2025-05-01 12:00:00,68.28,73.90453741948522,72.68031,75.74087197583708,-5.624537419485222
2025-05-01 13:00:00,67.62,72.45967487088618,68.640366,78.18863877633655,-4.839674870886171
2025-05-01 14:00:00,71.13,75.62595483827806,73.985916,78.08600716710629,-4.495954838278067
2025-05-01 15:00:00,79.92,86.44888162994582,89.13721,82.41638780594366,-6.528881629945815
2025-05-01 16:00:00,92.47,96.95966744241235,96.499115,97.6504903986334,-4.489667442412355
2025-05-01 17:00:00,109.3,111.66667959217003,111.48514,111.9389920712454,-2.36667959217003
2025-05-01 18:00:00,118.91,116.51063439456466,116.89498,115.93410246590383,2.399365605435335
2025-05-01 19:00:00,116.06,114.04700021446251,115.602005,111.71448539943752,2.012999785537488
2025-05-01 20:00:00,97.25,101.70517862371247,101.629944,101.81802125105364,-4.45517862371247
2025-05-01 21:00:00,89.6,93.74875515084221,93.34625,94.352499678253,-4.14875515084222
2025-05-01 22:00:00,94.41,91.88135965071584,92.24864,91.33043426778079,2.52864034928416
2025-05-01 23:00:00,85.83,84.75605713074185,83.8745,86.07839432221593,1.073942869258147
2025-05-02 00:00:00,81.58,81.32946678939288,80.745735,82.20505468405347,0.25053321060711653
2025-05-02 01:00:00,74.94,76.10106688943185,73.77372,79.59208563483452,-1.1610668894318508
2025-05-02 02:00:00,68.67,76.07323117265749,73.30809,80.22093880200504,-7.403231172657485
2025-05-02 03:00:00,72.49,76.32843155096936,72.54613,82.00188026902495,-3.8384315509693607
2025-05-02 04:00:00,82.9,86.44518565894461,84.293945,89.672038549217,-3.545185658944604
2025-05-02 05:00:00,93.6,103.31329849105738,103.97708,102.31762237205263,-9.713298491057387
2025-05-02 06:00:00,105.33,109.38882198039406,108.92958,110.07768010357302,-4.0588219803940575
2025-05-02 07:00:00,114.92,104.38421892399403,104.99814,103.46333203898897,10.535781076005975
2025-05-02 08:00:00,102.27,94.53038846231877,94.932594,93.92707017007913,7.739611537681228
2025-05-02 09:00:00,94.24,85.55006409082984,86.06146,84.7829628088617,8.68993590917016
2025-05-02 10:00:00,88.61,83.09759072421875,84.12107,81.56236479577638,5.512409275781252
2025-05-02 11:00:00,85.96,77.41943377723541,77.91905,76.66999862765886,8.540566222764582
2025-05-02 12:00:00,77.03,73.76555935356468,71.616646,76.9889239423834,3.264440646435318
2025-05-02 13:00:00,71.18,68.86017681783333,66.570145,72.29521934255698,2.3198231821666724
2025-05-02 14:00:00,70.58,73.48623481142943,74.76335,71.57055414588314,-2.906234811429428
2025-05-02 15:00:00,75.7,79.29123752148527,80.310814,77.76187104065167,-3.5912375214852688
2025-05-02 16:00:00,91.59,93.05979207474601,91.49177,95.41182645456522,-1.4697920747460103
2025-05-02 17:00:00,103.31,110.24003499026588,107.0176,115.07367832649479,-6.930034990265881
2025-05-02 18:00:00,116.78,121.30033001021167,119.84412,123.48464689442564,-4.520330010211666
2025-05-02 19:00:00,109.47,115.29236623678891,113.06671,118.63084845330039,-5.822366236788909
2025-05-02 20:00:00,97.55,101.18447147183116,97.3396,106.95177163612084,-3.634471471831162
2025-05-02 21:00:00,90.42,95.07219649543896,92.347084,99.15985944843624,-4.652196495438957
2025-05-02 22:00:00,93.6,94.21302751455744,93.60427,95.12616047645704,-0.6130275145574444
2025-05-02 23:00:00,90.82,86.18809509257865,84.48537,88.74217987011849,4.631904907421344
2025-05-03 00:00:00,89.68,84.91297063375808,83.16118,87.54065297904853,4.767029366241928
2025-05-03 01:00:00,89.46,81.08052969202049,78.26186,85.30852675995845,8.379470307979503
2025-05-03 02:00:00,87.44,78.60808099590582,76.36463,81.97325501051651,8.831919004094175
2025-05-03 03:00:00,89.86,75.87629639244084,73.654434,79.20908776760112,13.983703607559164
2025-05-03 04:00:00,89.99,82.85707691077172,84.87103,79.83613557526914,7.132923089228271
2025-05-03 05:00:00,89.17,83.17269503591038,83.603264,82.52683608525933,5.997304964089622
2025-05-03 06:00:00,87.27,85.68490236035038,86.96807,83.76014751769722,1.585097639649618
2025-05-03 07:00:00,74.59,86.99454603544594,88.64726,84.51546932140292,-12.404546035445932
2025-05-03 08:00:00,44.08,74.23345763610833,72.87474,76.27152937469464,-30.153457636108328
2025-05-03 09:00:00,18.08,61.791879707089926,62.091675,61.34218706069356,-43.71187970708993
2025-05-03 10:00:00,11.88,41.22782694917285,38.19046,45.783877065314925,-29.34782694917285
2025-05-03 11:00:00,7.38,30.76778609043081,30.960644,30.478496712588253,-23.38778609043081
2025-05-03 12:00:00,4.61,28.872335646757733,28.742447,29.06716876777324,-24.262335646757734
2025-05-03 13:00:00,2.74,28.92005260936121,29.473623,28.089692795070505,-26.180052609361212
2025-05-03 14:00:00,5.58,30.089214678681152,30.615162,29.300290038377682,-24.509214678681154
2025-05-03 15:00:00,23.1,37.28847956302379,37.264656,37.32421099252042,-14.18847956302379
2025-05-03 16:00:00,59.59,58.503130018861654,57.57821,59.890504032749845,1.0868699811383493
2025-05-03 17:00:00,85.08,78.5721738044808,78.65247,78.45171861459553,6.5078261955192005
2025-05-03 18:00:00,92.44,95.35243914256927,96.952126,92.9529076250999,-2.9124391425692693
2025-05-03 19:00:00,92.36,100.32248059414708,103.63629,95.35175660011379,-7.962480594147081
2025-05-03 20:00:00,91.27,93.39640817072842,95.86,89.70101378924781,-2.126408170728425
2025-05-03 21:00:00,70.9,83.43283921900641,82.73359,84.48170856692522,-12.532839219006405
2025-05-03 22:00:00,58.15,77.94667273514855,78.5483,77.04422547800809,-19.796672735148555
2025-05-03 23:00:00,47.63,64.16872875777788,62.167725,67.17023116568495,-16.538728757777882
2025-05-04 00:00:00,44.65,62.27230074604957,62.924854,61.2934685399286,-17.622300746049568
2025-05-04 01:00:00,36.55,57.07736347920695,57.378475,56.62569400685527,-20.527363479206954
2025-05-04 02:00:00,31.35,49.3070459357102,47.85118,51.49083852549376,-17.957045935710198
2025-05-04 03:00:00,26.24,42.27203493979573,38.964664,47.23308875329792,-16.032034939795732
2025-05-04 04:00:00,23.45,49.36741014448741,50.01147,48.40131630817896,-25.91741014448741
2025-05-04 05:00:00,13.44,45.118959425675556,43.617077,47.371778485148354,-31.678959425675558
2025-05-04 06:00:00,8.45,32.825732934140646,28.10925,39.900454848169005,-24.375732934140647
2025-05-04 07:00:00,8.13,21.77225573391752,19.397081,25.335015841599215,-13.642255733917517
2025-05-04 08:00:00,8.73,13.889055759005908,8.766396,21.573045328987547,-5.159055759005907
2025-05-04 09:00:00,7.35,21.45459280435781,18.716986,25.56100154977392,-14.104592804357809
2025-05-04 10:00:00,7.07,20.317149441051654,17.964071,23.846765261412088,-13.247149441051654
2025-05-04 11:00:00,9.93,21.757774187165957,18.897757,26.047799172596285,-11.827774187165957
2025-05-04 12:00:00,9.05,19.15082117944478,15.385104,24.799395725864144,-10.100821179444779
2025-05-04 13:00:00,9.27,19.756569631674143,15.552614,26.062502284294,-10.486569631674143
2025-05-04 14:00:00,13.97,23.294876214501688,18.49799,30.490205577605536,-9.324876214501687
2025-05-04 15:00:00,55.83,35.25356901385857,31.947788,40.212236362161065,20.576430986141432
2025-05-04 16:00:00,90.71,79.06138332208766,87.79058,65.96758145890567,11.64861667791233
2025-05-04 17:00:00,105.86,90.66527082807266,95.52693,83.37277179674413,15.194729171927335
2025-05-04 18:00:00,112.55,97.50313332589974,102.03988,90.69800741753255,15.046866674100258
2025-05-04 19:00:00,111.33,94.2847076070565,99.651375,86.23469725555631,17.045292392943495
2025-05-04 20:00:00,108.52,83.9443511832019,87.218475,79.03315540856627,24.575648816798093
2025-05-04 21:00:00,92.12,76.70840599906806,78.840836,73.50975401134204,15.411594000931942
2025-05-04 22:00:00,82.27,68.57947118497347,70.64429,65.48224348367393,13.690528815026525
2025-05-04 23:00:00,78.87,56.636490587274125,57.52868,55.298206219772226,22.23350941272588
2025-05-05 00:00:00,79.35,59.44583929547157,60.100037,58.4645375849924,19.904160704528422
2025-05-05 01:00:00,78.14,54.32745241557524,53.4921,55.580479488645125,23.812547584424763
2025-05-05 02:00:00,79.2,54.86384076382312,54.86723,54.858757717052924,24.336159236176883
2025-05-05 03:00:00,82.59,53.784511561557146,56.464256,49.764890659263955,28.805488438442858
2025-05-05 04:00:00,94.97,62.15504835185144,69.41217,51.269359542348326,32.81495164814856
2025-05-05 05:00:00,102.67,73.95899176304155,86.827095,54.65682923060194,28.71100823695845
2025-05-05 06:00:00,96.36,70.93342651465004,81.90925,54.46969185120028,25.426573485349962
2025-05-05 07:00:00,87.98,83.17942888073938,93.415985,67.82458500397249,4.800571119260624
2025-05-05 08:00:00,84.74,77.14445278970948,81.50375,70.60549194436646,7.595547210290519
2025-05-05 09:00:00,91.0,78.55980951315007,82.20798,73.08755593314373,12.440190486849929
2025-05-05 10:00:00,86.53,73.0726376994536,75.85434,68.90008484921992,13.457362300546407
2025-05-05 11:00:00,89.29,75.39571925586071,79.88789,68.65744999512054,13.894280744139294
2025-05-05 12:00:00,88.03,72.6592118341315,75.22454,68.81121089026038,15.370788165868504
2025-05-05 13:00:00,85.06,71.62284713522915,72.28262,70.63317908685218,13.437152864770852
2025-05-05 14:00:00,75.95,80.01660928373492,83.078804,75.42330764842421,-4.06660928373492
2025-05-05 15:00:00,92.03,87.81812785902453,87.73432,87.94383344150663,4.211872140975473
2025-05-05 16:00:00,98.52,99.12914733860134,95.93537,103.91980361872012,-0.6091473386013462
2025-05-05 17:00:00,108.66,114.22271796298072,113.55197,115.2288263100397,-5.562717962980727
2025-05-05 18:00:00,116.31,121.23868673586988,122.28687,119.66640754402039,-4.928686735869874
2025-05-05 19:00:00,117.17,117.10221427986127,118.20762,115.44409618549301,0.06778572013872974
2025-05-05 20:00:00,103.4,107.15771782592748,106.41953,108.26498777160579,-3.7577178259274717
2025-05-05 21:00:00,97.64,96.55271739451618,94.35681,99.84656857173965,1.0872826054838214
2025-05-05 22:00:00,89.7,92.07894529528733,91.15752,93.46108470428277,-2.3789452952873233
2025-05-05 23:00:00,84.82,84.44434029782838,81.46543,88.91269820245665,0.3756597021716175
2025-05-06 00:00:00,84.72,86.92573979924096,85.51761,89.03793462688657,-2.205739799240959
2025-05-06 01:00:00,83.12,86.30996775848328,85.03292,88.22552860336151,-3.1899677584832773
2025-05-06 02:00:00,83.39,86.24751729726546,83.98065,89.6478097379146,-2.85751729726546
2025-05-06 03:00:00,88.04,89.08045012298831,85.80639,93.99153248825692,-1.0404501229883039
2025-05-06 04:00:00,95.62,100.91719947652075,99.66289,102.79866542408996,-5.2971994765207455
2025-05-06 05:00:00,116.21,114.40305737243146,114.44717,114.33688232268021,1.8069426275685316
2025-05-06 06:00:00,116.69,115.43073406322847,114.471405,116.86971998473135,1.259265936771527
2025-05-06 07:00:00,115.57,109.94105168853851,110.92899,108.45913938369978,5.628948311461485
2025-05-06 08:00:00,109.61,99.57583774907715,99.16312,100.1949158753784,10.034162250922847
2025-05-06 09:00:00,96.75,94.15759788872995,92.58573,96.51539174025751,2.5924021112700473
2025-05-06 10:00:00,95.81,89.92937856822189,90.12287,89.63912978542291,5.88062143177811
2025-05-06 11:00:00,88.48,87.73717363582432,89.46668,85.14290471639185,0.7428263641756843
2025-05-06 12:00:00,79.08,83.86332021168563,85.65153,81.18100369999044,-4.783320211685634
2025-05-06 13:00:00,75.41,80.39290764556469,82.150406,77.75665647353088,-4.982907645564694
2025-05-06 14:00:00,72.44,80.35455882842857,82.68823,76.85404271621303,-7.914558828428568
2025-05-06 15:00:00,84.12,88.17792540125612,89.77736,85.77877117525941,-4.057925401256114
2025-05-06 16:00:00,97.76,101.16244831176542,101.77059,100.2502236389106,-3.4024483117654114
2025-05-06 17:00:00,118.53,116.5504392398286,116.02055,117.3452600868762,1.9795607601713954
2025-05-06 18:00:00,129.89,123.84305669977658,124.004074,123.60151534563285,6.046943300223404
2025-05-06 19:00:00,121.59,118.55693477628648,117.838425,119.63469610209317,3.033065223713521
2025-05-06 20:00:00,110.51,105.26293741459293,104.37519,106.59454789744423,5.247062585407079
2025-05-06 21:00:00,95.89,98.15920993941253,98.57397,97.53706865651475,-2.2692099394125336
2025-05-06 22:00:00,90.66,93.60890039262011,94.08445,92.89557060740478,-2.948900392620118
2025-05-06 23:00:00,86.83,89.518667343487,88.97415,90.33543140498213,-2.6886673434869977
2025-05-07 00:00:00,87.34,87.37080108904833,87.34535,87.4089649266003,-0.03080108904832457
2025-05-07 01:00:00,87.09,85.45382444887,85.70125,85.08268696140837,1.636175551130009
2025-05-07 02:00:00,86.43,85.3338995551281,85.40886,85.22145047168254,1.096100444871908
2025-05-07 03:00:00,94.3,87.23912943256249,86.05841,89.01020379991206,7.0608705674375045
2025-05-07 04:00:00,107.82,96.94556726815159,96.72143,97.28176866476372,10.874432731848401
2025-05-07 05:00:00,128.83,112.76151862241741,113.72456,111.31694352869975,16.0684813775826
2025-05-07 06:00:00,124.3,117.39289306520564,118.80013,115.28202590642228,6.907106934794356
2025-05-07 07:00:00,111.56,113.32606430523424,114.95853,110.87735940200159,-1.766064305234238
2025-05-07 08:00:00,100.9,103.38180585510742,105.17335,100.69448579865718,-2.4818058551074103
2025-05-07 09:00:00,91.81,90.88340275236371,91.225624,90.3700612174571,0.9265972476362947
2025-05-07 10:00:00,88.42,84.11470511356603,85.040184,82.72648103037503,4.30529488643397
2025-05-07 11:00:00,85.23,77.7686883834333,77.3664,78.3721165426897,7.461311616566704
2025-05-07 12:00:00,82.99,74.85526470674412,74.27076,75.7320166710351,8.134735293255872
2025-05-07 13:00:00,83.95,77.21494883972854,77.81394,76.3164572586231,6.7350511602714676
2025-05-07 14:00:00,86.0,83.88654053251472,85.60265,81.31236344676532,2.113459467485285
2025-05-07 15:00:00,93.6,90.59833878867641,89.33308,92.49622271937167,3.0016612113235794
2025-05-07 16:00:00,98.15,104.74876768524996,103.46868,106.66889148790514,-6.598767685249953
2025-05-07 17:00:00,125.09,123.22083344332971,123.32715,123.06135332267974,1.8691665566702937
2025-05-07 18:00:00,134.23,129.65001777768643,129.42944,129.98087177575903,4.579982222313561
2025-05-07 19:00:00,121.76,120.88517770445736,120.19546,121.91974662930744,0.8748222955426428
2025-05-07 20:00:00,106.07,106.89449043095297,105.32735,109.24519824535118,-0.8244904309529772
2025-05-07 21:00:00,94.98,97.64964211685395,96.95442,98.69246275978622,-2.66964211685395
2025-05-07 22:00:00,93.97,94.82794227844775,94.7642,94.92355442658811,-0.8579422784477515
2025-05-07 23:00:00,88.16,89.8203843333263,88.49379,91.81027250934113,-1.6603843333263058
2025-05-08 00:00:00,86.86,95.6831990373772,97.412224,93.08965233282288,-8.823199037377194
2025-05-08 01:00:00,87.87,94.55622426424097,96.58141,91.51843884968935,-6.686224264240963
2025-05-08 02:00:00,89.58,93.56261085710756,94.43935,92.2475057652054,-3.9826108571075594
2025-05-08 03:00:00,98.72,95.60837486332055,94.81541,96.79781742258359,3.11162513667945
2025-05-08 04:00:00,107.97,104.97432709035323,104.1542,106.20451927922778,2.995672909646771
2025-05-08 05:00:00,124.64,121.03334803905037,122.592064,118.69525898312395,3.606651960949634
2025-05-08 06:00:00,123.97,125.38796515632724,125.67929,124.950969104197,-1.4179651563272415
2025-05-08 07:00:00,112.29,117.74903160668131,118.11334,117.20255033017985,-5.459031606681307
2025-05-08 08:00:00,103.69,108.75479249158712,109.460625,107.69604037203419,-5.064792491587127
2025-05-08 09:00:00,91.23,103.7636075532514,103.86065,103.61804140510118,-12.5336075532514
2025-05-08 10:00:00,90.51,100.30823627374085,101.751396,98.14349450820464,-9.79823627374084
2025-05-08 11:00:00,89.54,96.42320749800719,98.57969,93.1884794841537,-6.883207498007181
2025-05-08 12:00:00,80.61,92.2547694068902,94.36211,89.09375449561907,-11.644769406890205
2025-05-08 13:00:00,79.24,88.38271191641422,89.488785,86.7236006986283,-9.142711916414228
2025-05-08 14:00:00,79.8,91.30175355098517,93.40629,88.1449497496553,-11.501753550985171
2025-05-08 15:00:00,89.57,98.53335143683802,100.45454,95.65156821306672,-8.963351436838025
2025-05-08 16:00:00,101.09,108.29630220396932,108.916435,107.36610264737446,-7.206302203969315
2025-05-08 17:00:00,122.27,126.42485319810186,126.468124,126.35994641078196,-4.154853198101861
2025-05-08 18:00:00,133.79,135.43477456151027,136.24397,134.2209772362952,-1.6447745615102747
2025-05-08 19:00:00,129.71,128.55259589326752,130.33157,125.88412950367662,1.1574041067324856
2025-05-08 20:00:00,112.02,110.42477574958434,111.09573,109.41833891009364,1.5952242504156544
2025-05-08 21:00:00,96.5,101.04953070039849,102.4317,98.9762704460646,-4.549530700398492
2025-05-08 22:00:00,98.1,98.88584586130504,100.70879,96.15142037836026,-0.7858458613050487
2025-05-08 23:00:00,91.35,96.24892943100248,97.773155,93.96258694420541,-4.898929431002486
2025-05-09 00:00:00,91.38,87.31700602796855,87.59712,86.89682224460395,4.06299397203145
2025-05-09 01:00:00,91.73,85.54353660286503,85.89765,85.01235827657175,6.186463397134972
2025-05-09 02:00:00,90.8,85.91245648971122,86.41183,85.16339296378001,4.887543510288779
2025-05-09 03:00:00,97.5,89.59133565690468,89.56496,89.63090033000583,7.9086643430953245
2025-05-09 04:00:00,112.58,98.7277093700946,99.269295,97.91532178033904,13.852290629905397
2025-05-09 05:00:00,132.65,112.99339320463224,114.39772,110.88689869151222,19.656606795367765
2025-05-09 06:00:00,121.44,117.68178867972165,118.82939,115.9603768506713,3.758211320278349
2025-05-09 07:00:00,102.83,113.98375926511302,114.72584,112.87064160150325,-11.153759265113024
2025-05-09 08:00:00,92.79,102.3700190296598,102.207054,102.61446255217686,-9.580019029659795
2025-05-09 09:00:00,84.62,90.52609122589175,89.3006,92.36432703323524,-5.906091225891743
2025-05-09 10:00:00,94.43,79.94537702554227,75.78401,86.1874190805793,14.484622974457736
2025-05-09 11:00:00,88.2,71.69652659742026,65.71393,80.67041653017174,16.503473402579743
2025-05-09 12:00:00,83.66,68.24239809217262,63.516026,75.33195691561221,15.417601907827375
2025-05-09 13:00:00,79.59,67.99401952572528,63.39691,74.88968138267256,11.595980474274725
2025-05-09 14:00:00,81.5,71.29660632294045,67.21062,77.4255902092066,10.203393677059552
2025-05-09 15:00:00,85.32,84.49936178511237,82.167534,87.9970998363161,0.820638214887623
2025-05-09 16:00:00,93.59,100.12319113664087,99.59868,100.90995614360412,-6.533191136640866
2025-05-09 17:00:00,106.26,114.74741210094146,111.82279,119.13432691373062,-8.487412100941455
2025-05-09 18:00:00,127.37,126.06830525041012,125.4625,126.9770032078124,1.3016947495898847
2025-05-09 19:00:00,124.99,123.35574896179729,122.93866,123.98137527314556,1.6342510382027058
2025-05-09 20:00:00,113.34,112.72538916856769,112.30969,113.34892671780594,0.6146108314323158
2025-05-09 21:00:00,96.81,100.41365640886059,98.419624,103.40469880718562,-3.603656408860587
2025-05-09 22:00:00,106.06,99.58887612029577,99.552376,99.6436247032052,6.471123879704237
2025-05-09 23:00:00,97.71,92.14076180705405,90.68136,94.32986128948568,5.569238192945946
2025-05-10 00:00:00,96.65,89.92946585208679,88.15833,92.58616348580782,6.720534147913213
2025-05-10 01:00:00,94.26,88.18329091348865,86.68513,90.43053258157317,6.076709086511357
2025-05-10 02:00:00,94.31,85.02826269182589,83.22575,87.73201842390066,9.281737308174115
2025-05-10 03:00:00,97.37,87.84836072923156,88.21048,87.30518031123808,9.521639270768446
2025-05-10 04:00:00,100.27,94.81547096772995,98.43618,89.38440152515983,5.454529032270045
2025-05-10 05:00:00,98.56,98.99292975880846,102.82683,93.24207857792933,-0.43292975880845574
2025-05-10 06:00:00,100.72,96.44874212587749,97.71446,94.55015235754038,4.271257874122512
2025-05-10 07:00:00,100.83,94.13780633584959,93.257675,95.45799354653315,6.692193664150409
2025-05-10 08:00:00,95.85,85.03273765260596,79.08883,93.94859294132937,10.817262347394035
2025-05-10 09:00:00,75.01,77.33890153886503,68.761314,90.20527844433053,-2.3289015388650256
2025-05-10 10:00:00,38.21,67.43821223958281,53.088837,88.96227082570263,-29.22821223958281
2025-05-10 11:00:00,24.58,63.50503923579083,47.15534,88.02958970477249,-38.925039235790834
2025-05-10 12:00:00,14.83,54.54884565300014,39.61691,76.94675059185093,-39.718845653000145
2025-05-10 13:00:00,12.36,52.07438566929369,37.377865,74.11916500941587,-39.71438566929369
2025-05-10 14:00:00,13.25,53.21557516939012,40.525288,72.25100266651728,-39.96557516939012
2025-05-10 15:00:00,44.84,61.839332505149216,52.968422,75.145697405146,-16.999332505149212
2025-05-10 16:00:00,89.81,73.89859946799966,65.488335,86.51399096431066,15.911400532000343
2025-05-10 17:00:00,106.83,92.28877800032866,86.34027,101.21153278463512,14.541221999671336
2025-05-10 18:00:00,124.35,106.61319490668862,105.88068,107.71196714037875,17.736805093311375
2025-05-10 19:00:00,119.43,108.84189951555314,110.513535,106.33444697003519,10.58810048444687
2025-05-10 20:00:00,108.08,103.25211176103016,103.73777,102.52361855967987,4.827888238969834
2025-05-10 21:00:00,87.42,93.3407543062342,91.279854,96.43210121968707,-5.920754306234201
2025-05-10 22:00:00,92.79,93.2529306048645,93.56314,92.78761139375302,-0.46293060486449633
2025-05-10 23:00:00,87.9,87.95527034804073,88.66487,86.89086332432544,-0.05527034804072173
2025-05-11 00:00:00,84.56,80.19875901795464,78.60182,82.59416088106823,4.361240982045359
2025-05-11 01:00:00,76.86,78.70567686053528,77.267654,80.86270289352566,-1.8456768605352778
2025-05-11 02:00:00,73.69,79.88458870159572,79.59627,80.31706448165042,-6.19458870159572
2025-05-11 03:00:00,71.32,82.43245800865003,84.04417,80.01488945216707,-11.112458008650037
2025-05-11 04:00:00,65.4,85.05856449731391,87.823784,80.91073352416856,-19.658564497313904
2025-05-11 05:00:00,54.96,81.61256141364352,82.23064,80.68544673174063,-26.652561413643518
2025-05-11 06:00:00,39.06,73.09890673497188,69.91116,77.88051421291797,-34.038906734971874
2025-05-11 07:00:00,45.66,66.41724367706182,60.735588,74.93972708205885,-20.757243677061822
2025-05-11 08:00:00,37.28,63.22356077633047,57.581177,71.68713680410744,-25.94356077633047
2025-05-11 09:00:00,28.58,55.64982018425711,45.39435,71.03302442914864,-27.06982018425711
2025-05-11 10:00:00,15.06,50.90059236567564,37.50768,70.98996052844691,-35.84059236567564
2025-05-11 11:00:00,10.62,51.79325234208975,41.51676,67.20798341717506,-41.173252342089754
2025-05-11 12:00:00,5.04,46.4765858856915,37.212578,60.3725970308181,-41.4365858856915
2025-05-11 13:00:00,4.09,38.561581599334545,26.38979,56.81926724220233,-34.47158159933454
2025-05-11 14:00:00,12.2,41.633743457774656,31.273853,57.17357678408507,-29.433743457774657
2025-05-11 15:00:00,59.33,56.382224117762036,52.62597,62.01660403372392,2.9477758822379627
2025-05-11 16:00:00,94.35,81.23023009975766,78.90127,84.72366751929161,13.119769900242332
2025-05-11 17:00:00,106.96,105.19416079927612,104.365326,106.43740738454284,1.7658392007238746
2025-05-11 18:00:00,115.91,114.33985312425241,115.0426,113.2857175579455,1.5701468757475823
2025-05-11 19:00:00,114.77,113.91540585484157,116.27648,110.37378456508242,0.8545941451584298
2025-05-11 20:00:00,105.25,106.14833650287551,107.8837,103.54527973375126,-0.8983365028755088
2025-05-11 21:00:00,86.33,92.60977494621733,91.67951,94.00516360760872,-6.27977494621733
2025-05-11 22:00:00,80.52,87.08087123261403,86.40203,88.09912594225284,-6.5608712326140335
2025-05-11 23:00:00,73.56,80.10812857049996,79.32681,81.2801004026903,-6.548128570499955
2025-05-12 00:00:00,72.9,77.76235332401876,78.42061,76.77496289989065,-4.8623533240187555
2025-05-12 01:00:00,72.43,77.50996350300684,78.12609,76.5857684376929,-5.079963503006837
2025-05-12 02:00:00,74.67,77.9798213948826,78.36431,77.40308093776804,-3.3098213948826043
2025-05-12 03:00:00,80.95,81.32314999225248,81.52083,81.02662879532846,-0.373149992252479
2025-05-12 04:00:00,92.39,89.68302485774848,89.057396,90.62146061238877,2.7069751422515225
2025-05-12 05:00:00,99.53,101.21205748983786,102.63315,99.0804157125097,-1.6820574898378595
2025-05-12 06:00:00,113.21,108.81635312392876,113.27475,102.12875436133555,4.39364687607123
2025-05-12 07:00:00,114.9,103.62195301281238,106.030334,100.0093770083493,11.278046987187622
2025-05-12 08:00:00,110.72,95.41099879753273,95.58481,95.15027874737186,15.309001202467272
2025-05-12 09:00:00,110.89,87.71294203685503,86.74254,89.16854359921763,23.177057963144975
2025-05-12 10:00:00,98.91,75.88765202489235,74.668144,77.71690990842228,23.02234797510765
2025-05-12 11:00:00,93.11,62.90983630095187,59.925816,67.38586547161796,30.200163699048126
2025-05-12 12:00:00,80.88,63.23588339927227,60.585564,67.21135537928419,17.644116600727727
2025-05-12 13:00:00,73.13,61.99594244714983,62.635864,61.036055916458565,11.134057552850166
2025-05-12 14:00:00,70.2,59.699659106511206,56.567112,64.3984740907409,10.500340893488797
2025-05-12 15:00:00,84.39,78.04799806050322,78.866325,76.8205013615852,6.342001939496782
2025-05-12 16:00:00,91.28,93.99452279373753,92.65186,96.00850280038384,-2.7145227937375296
2025-05-12 17:00:00,113.75,104.9129398293073,101.75831,109.64487742055832,8.837060170692695
2025-05-12 18:00:00,118.19,113.96820275408655,110.69038,118.88493101851712,4.22179724591345
2025-05-12 19:00:00,116.8,114.96327380714581,113.10362,117.75274704838208,1.8367261928541865
2025-05-12 20:00:00,104.62,106.69921047063173,105.0745,109.13626508343964,-2.079210470631722
2025-05-12 21:00:00,88.97,92.2265813205255,87.43108,99.41982206046902,-3.2565813205254983
2025-05-12 22:00:00,88.64,88.9900975317454,85.49602,94.23121573793284,-0.3500975317454049
2025-05-12 23:00:00,84.75,83.93047615122211,81.53129,87.52925625024764,0.8195238487778909
2025-05-13 00:00:00,82.8,84.18830443993076,83.14249,85.75702551938258,-1.3883044399307636
2025-05-13 01:00:00,83.28,82.18543466374628,80.69674,84.41847404950241,1.0945653362537229
2025-05-13 02:00:00,85.27,83.25961154545803,80.766945,86.99860199902105,2.0103884545419675
2025-05-13 03:00:00,87.85,87.1715044292384,83.71734,92.35275132272977,0.6784955707615978
2025-05-13 04:00:00,95.24,97.929274391722,95.69141,101.28607469695638,-2.6892743917220088
2025-05-13 05:00:00,117.87,113.42858713871814,113.26741,113.67034479992033,4.4414128612818615
2025-05-13 06:00:00,120.9,120.35647187305824,119.76666,121.2411781567667,0.5435281269417658
2025-05-13 07:00:00,117.51,116.18609929254342,115.68167,116.9427377027941,1.3239007074565876
2025-05-13 08:00:00,108.78,101.97107961900898,101.54552,102.60942168851366,6.808920380991026
2025-05-13 09:00:00,99.72,93.19114723003105,94.93969,90.56832408398873,6.52885276996895
2025-05-13 10:00:00,87.23,81.38012147993948,82.10118,80.298524525044,5.849878520060528
2025-05-13 11:00:00,81.62,76.86567004799298,74.58112,80.29248436986035,4.754329952007026
2025-05-13 12:00:00,80.18,67.89544959838278,60.923187,78.35384120481928,12.284550401617224
2025-05-13 13:00:00,79.27,69.07072600814351,67.84792,70.9049262874486,10.199273991856487
2025-05-13 14:00:00,81.12,71.96024454992421,71.75257,72.27175090117771,9.159755450075792
2025-05-13 15:00:00,83.24,84.01144593784176,85.26198,82.135643805786,-0.7714459378417615
2025-05-13 16:00:00,91.94,97.88544127151178,96.56042,99.87297169379411,-5.945441271511783
2025-05-13 17:00:00,111.85,118.52776286956346,115.86307,122.52479428938716,-6.677762869563466
2025-05-13 18:00:00,125.26,128.34801274551563,126.72035,130.7895036045117,-3.088012745515627
2025-05-13 19:00:00,128.66,125.08132546139026,124.083015,126.57877904654208,3.5786745386097323
2025-05-13 20:00:00,108.57,112.74048020941152,110.62327,115.91629451766939,-4.170480209411522
2025-05-13 21:00:00,92.99,98.74877819456813,94.28836,105.439402685517,-5.758778194568137
2025-05-13 22:00:00,94.47,95.28546573452158,91.77501,100.55114869604515,-0.815465734521581
2025-05-13 23:00:00,90.98,90.08117336693175,86.93906,94.79434119320825,0.8988266330682535
2025-05-14 00:00:00,88.87,84.44560665940567,81.137726,89.40742599604835,4.424393340594335
2025-05-14 01:00:00,86.7,83.7002344263075,80.852684,87.97155621957737,2.9997655736924997
2025-05-14 02:00:00,85.78,83.98432853345724,80.63042,89.01518649172417,1.7956714665427569
2025-05-14 03:00:00,86.41,89.20192194713803,86.662224,93.01146151457357,-2.791921947138036
2025-05-14 04:00:00,92.2,99.41353009880665,98.38937,100.9497588560254,-7.213530098806643
2025-05-14 05:00:00,116.95,114.48264828468524,115.620155,112.77638771000409,2.467351715314763
2025-05-14 06:00:00,114.55,118.20899194377269,120.30021,115.07215484722468,-3.6589919437726905
2025-05-14 07:00:00,111.42,111.97522292842729,113.86137,109.14599265432014,-0.555222928427284
2025-05-14 08:00:00,94.62,96.5871535181328,96.40034,96.86736842973141,-1.9671535181327897
2025-05-14 09:00:00,90.98,82.52249384546207,80.68799,85.2742445623856,8.457506154537938
2025-05-14 10:00:00,86.52,71.3375102958363,67.69266,76.80478381149015,15.1824897041637
2025-05-14 11:00:00,79.43,58.99437765611012,48.55093,74.65954433711366,20.43562234388989
2025-05-14 12:00:00,74.64,57.83569240056816,46.730316,74.4937538972334,16.804307599431837
2025-05-14 13:00:00,71.29,58.09271442512147,45.899635,76.38233213671725,13.197285574878535
2025-05-14 14:00:00,71.95,61.99230041188858,53.81735,74.25472830938452,9.957699588111424
2025-05-14 15:00:00,79.38,80.1370537066222,79.592354,80.9541016280057,-0.7570537066222016
2025-05-14 16:00:00,89.27,95.19801951640534,92.15768,99.7585261164528,-5.928019516405342
2025-05-14 17:00:00,105.62,113.25868331098056,108.32738,120.65563466905293,-7.638683310980554
2025-05-14 18:00:00,119.06,124.37538969080634,121.62489,128.50113062960372,-5.315389690806342
2025-05-14 19:00:00,119.85,124.64966763367438,124.13305,125.42458030855119,-4.799667633674389
2025-05-14 20:00:00,106.98,111.70555170789264,109.75337,114.63380953706557,-4.725551707892635
2025-05-14 21:00:00,85.56,99.42873009131662,94.907486,106.21059437807185,-13.868730091316621
2025-05-14 22:00:00,88.62,96.15876096831501,92.82607,101.15779147413224,-7.538760968315003
2025-05-14 23:00:00,80.82,86.34717158711477,81.86776,93.06628178150763,-5.527171587114779
2025-05-15 00:00:00,77.72,86.49304013407246,85.346,88.21359169870652,-8.77304013407246
2025-05-15 01:00:00,74.25,82.79932811881676,81.979866,84.02851171855067,-8.54932811881676
2025-05-15 02:00:00,75.04,79.73387926305176,76.89197,83.99674459012454,-4.693879263051755
2025-05-15 03:00:00,76.63,78.8276110470749,72.514404,88.29741735767746,-2.1976110470749006
2025-05-15 04:00:00,85.13,90.0251069613163,85.23366,97.21227301852511,-4.895106961316301
2025-05-15 05:00:00,95.58,109.25309293230927,108.38939,110.54863732955248,-13.673092932309274
2025-05-15 06:00:00,108.76,116.97110401602535,116.25914,118.03904620339347,-8.211104016025345
2025-05-15 07:00:00,110.36,113.4834080727305,111.3133,116.73855329339852,-3.1234080727304985
2025-05-15 08:00:00,107.62,106.47265418417831,103.94117,110.26987513024558,1.1473458158216943
2025-05-15 09:00:00,103.03,95.16507852984316,91.829025,100.16915651442721,7.864921470156844
2025-05-15 10:00:00,102.69,89.3603123586087,89.524536,89.11396716055981,13.329687641391303
2025-05-15 11:00:00,100.7,81.82442276986333,82.586525,80.68126185019545,18.87557723013667
2025-05-15 12:00:00,87.21,80.16433141741571,82.31164,76.9433640965178,7.045668582584284
2025-05-15 13:00:00,77.65,80.05864521096748,82.68206,76.12351885017262,-2.408645210967478
2025-05-15 14:00:00,82.34,80.32311795089598,82.37181,77.25007469291378,2.0168820491040265
2025-05-15 15:00:00,91.3,87.07037299601953,88.328674,85.18291338604493,4.229627003980468
2025-05-15 16:00:00,96.17,100.00935936495742,99.0184,101.49578572623633,-3.839359364957417
2025-05-15 17:00:00,101.52,119.09342668398386,119.34122,118.72172588964716,-17.573426683983868
2025-05-15 18:00:00,120.57,128.2143502859054,127.982796,128.56167451237093,-7.6443502859054036
2025-05-15 19:00:00,120.9,126.97241606474935,127.54659,126.1111358344808,-6.072416064749348
2025-05-15 20:00:00,117.46,112.75796733385724,112.02398,113.85893429533647,4.702032666142756
2025-05-15 21:00:00,95.31,97.90738426703169,95.73381,101.16773930832628,-2.5973842670316856
2025-05-15 22:00:00,97.02,97.43476039418285,97.70267,97.03289822361629,-0.41476039418284927
2025-05-15 23:00:00,89.45,91.70333564781936,91.38829,92.17589588224371,-2.2533356478193554
2025-05-16 00:00:00,88.0,86.12215180417351,85.784065,86.62927973321209,1.8778481958264877
2025-05-16 01:00:00,85.11,83.88317892203892,83.414406,84.5863347562692,1.2268210779610769
2025-05-16 02:00:00,83.9,81.8629458163227,79.79532,84.96438091348742,2.0370541836772986
2025-05-16 03:00:00,79.87,85.02065678728385,82.79202,88.36360028119793,-5.15065678728385
2025-05-16 04:00:00,81.05,96.5348364750147,95.54754,98.01577732950452,-15.484836475014703
2025-05-16 05:00:00,106.59,110.00836029429543,111.83168,107.27336503017216,-3.418360294295425
2025-05-16 06:00:00,111.24,111.16614497318642,111.43599,110.76137454844458,0.07385502681357536
2025-05-16 07:00:00,107.61,104.58105184622605,104.45064,104.77667098214224,3.0289481537739533
2025-05-16 08:00:00,90.15,94.32912864574548,94.32657,94.33296298704437,-4.179128645745479
2025-05-16 09:00:00,91.04,73.9515594523678,70.45714,79.19318772393709,17.088440547632203
2025-05-16 10:00:00,91.0,66.10668971076538,64.62096,68.33528583086851,24.89331028923462
2025-05-16 11:00:00,78.53,52.33740821689109,43.315414,65.87039508446406,26.19259178310891
2025-05-16 12:00:00,58.9,46.99997460419278,38.059917,60.41005938188087,11.90002539580722
2025-05-16 13:00:00,52.94,43.3231288919755,31.941912,60.394952776508575,9.616871108024498
2025-05-16 14:00:00,51.96,51.022240479405504,42.399433,63.956448633511314,0.9377595205944971
2025-05-16 15:00:00,68.04,68.31101886283804,66.042435,71.71389321117223,-0.27101886283803367
2025-05-16 16:00:00,87.87,85.91276999024362,82.87994,90.46201874086785,1.9572300097563868
2025-05-16 17:00:00,91.82,104.71377365743598,102.322556,108.30059510855578,-12.893773657435986
2025-05-16 18:00:00,107.31,118.6001999771091,116.53664,121.69554541396414,-11.290199977109097
2025-05-16 19:00:00,110.07,120.73287587277503,120.00879,121.8189908293985,-10.662875872775032
2025-05-16 20:00:00,114.21,115.87124181173597,116.21124,115.36124051566804,-1.6612418117359766
2025-05-16 21:00:00,99.82,99.4364618003801,95.99823,104.59379999350396,0.3835381996198919
2025-05-16 22:00:00,95.37,98.1704689942745,96.74122,100.31433509860128,-2.800468994274496
2025-05-16 23:00:00,94.93,87.32942429340508,83.33919,93.31477739305859,7.600575706594924
2025-05-17 00:00:00,91.91,87.17252733083559,83.70935,92.36728672613683,4.737472669164404
2025-05-17 01:00:00,89.98,84.67878706513142,81.02373,90.16137081529436,5.3012129348685875
2025-05-17 02:00:00,87.08,84.51677172299199,81.58026,88.92153364707957,2.563228277008008
2025-05-17 03:00:00,88.76,83.63580366107138,80.21962,88.76007189681908,5.124196338928627
2025-05-17 04:00:00,89.88,87.55830131703637,84.93236,91.49721470311337,2.3216986829636284
2025-05-17 05:00:00,87.52,93.91800574878927,93.59373,94.40441798220266,-6.398005748789274
2025-05-17 06:00:00,89.66,98.1644096011129,97.29569,99.46747770761621,-8.504409601112897
2025-05-17 07:00:00,101.59,101.68946878243167,101.13562,102.52023796560067,-0.09946878243167134
2025-05-17 08:00:00,101.97,100.3815722401261,97.256294,105.06948350253691,1.5884277598738947
2025-05-17 09:00:00,96.33,90.38151097032872,84.0235,99.91852580839014,5.948489029671279
2025-05-17 10:00:00,80.48,81.56978034809629,76.85507,88.64183902331686,-1.0897803480962835
2025-05-17 11:00:00,65.75,68.5137808854738,61.15473,79.55235077325483,-2.763780885473807
2025-05-17 12:00:00,42.55,55.07300920088851,41.248554,75.80968784291952,-12.52300920088851
2025-05-17 13:00:00,34.4,51.81399883406111,39.04137,70.97293768268696,-17.41399883406111
2025-05-17 14:00:00,39.04,53.06803938446566,42.912277,68.30167881394735,-14.028039384465664
2025-05-17 15:00:00,57.35,64.2484538931581,61.892044,67.7830667244724,-6.8984538931580985
2025-05-17 16:00:00,88.05,77.68097344585057,76.924515,78.8156614588647,10.369026554149428
2025-05-17 17:00:00,95.48,101.40283378316596,101.156784,101.77190264944323,-5.922833783165956
2025-05-17 18:00:00,113.02,112.91948901210128,111.89727,114.45280578220634,0.1005109878987156
2025-05-17 19:00:00,115.53,114.0006774758381,113.89831,114.15422054506398,1.5293225241618984
2025-05-17 20:00:00,114.89,112.60209783190327,113.58368,111.12972578093003,2.2879021680967355
2025-05-17 21:00:00,99.67,99.10733666458421,96.31816,103.2910982379986,0.5626633354157917
2025-05-17 22:00:00,100.15,97.4618028413521,95.67246,100.14580577891735,2.6881971586479096
2025-05-17 23:00:00,96.62,92.4004952986941,90.7785,94.83347358303894,4.219504701305908
2025-05-18 00:00:00,97.52,88.39558744116107,86.62585,91.05019449401593,9.124412558838927
2025-05-18 01:00:00,97.31,85.67545553381416,83.52704,88.89807334381271,11.634544466185844
2025-05-18 02:00:00,95.73,84.27875555366865,82.415825,87.07314582692064,11.451244446331359
2025-05-18 03:00:00,93.94,83.16430694958302,81.493454,85.67057686797611,10.775693050416976
2025-05-18 04:00:00,92.62,81.8238244446775,78.454796,86.87736163354433,10.796175555322506
2025-05-18 05:00:00,95.12,82.13077822123438,78.052246,88.24857450511232,12.989221778765625
2025-05-18 06:00:00,88.39,85.35284888924576,82.53119,89.58533496115152,3.0371511107542375
2025-05-18 07:00:00,89.18,89.07325924387483,87.34655,91.66331740595172,0.10674075612517697
2025-05-18 08:00:00,92.61,91.75020137201892,90.673515,93.36522854296234,0.8597986279810783
2025-05-18 09:00:00,98.49,86.6607163572782,83.37137,91.5947325588449,11.82928364272179
2025-05-18 10:00:00,79.93,81.70082404993124,77.885086,87.42442912812402,-1.7708240499312353
2025-05-18 11:00:00,67.76,70.3522959337026,62.707016,81.82021394009149,-2.5922959337026015
2025-05-18 12:00:00,53.77,57.1367908465859,39.930737,82.94587039649406,-3.3667908465859
2025-05-18 13:00:00,52.25,61.91054124665451,55.209175,71.96258472979545,-9.66054124665451
2025-05-18 14:00:00,62.05,59.66813339290616,51.782196,71.49703655385963,2.3818666070938406
2025-05-18 15:00:00,92.54,83.08196324155134,84.61912,80.77622577660782,9.45803675844867
2025-05-18 16:00:00,96.81,99.51044461828747,99.59634,99.38159936920496,-2.700444618287463
2025-05-18 17:00:00,100.49,109.6996333751934,107.24059,113.38818255907725,-9.209633375193405
2025-05-18 18:00:00,114.32,120.56697344492451,119.114784,122.74525343653004,-6.246973444924521
2025-05-18 19:00:00,119.09,121.34059319382871,120.960976,121.91000425532374,-2.2505931938287063
2025-05-18 20:00:00,118.82,117.11120985742873,117.866554,115.97819325319097,1.7087901425712602
2025-05-18 21:00:00,99.82,102.81580882398157,100.87723,105.72367084840606,-2.9958088239815766
2025-05-18 22:00:00,98.39,97.44483096058448,95.26854,100.70926444369755,0.9451690394155179
2025-05-18 23:00:00,92.5,92.74939843529405,91.065155,95.27575782224392,-0.24939843529405437
2025-05-19 00:00:00,92.58,86.70795519602298,84.67161,89.76247031122443,5.872044803977019
2025-05-19 01:00:00,89.56,85.83657857685142,84.247284,88.22051100206505,3.7234214231485794
2025-05-19 02:00:00,89.06,86.3996760649336,84.476715,89.28411180845217,2.660323935066401
2025-05-19 03:00:00,97.16,89.79653504500757,87.13868,93.78331072653259,7.363464954992423
2025-05-19 04:00:00,104.77,99.29960533389897,97.61149,101.83177700662242,5.470394666101029
2025-05-19 05:00:00,124.3,110.69312782267548,110.79954,110.53349780986252,13.606872177324519
2025-05-19 06:00:00,118.58,118.39081372013018,117.659035,119.48848220681958,0.18918627986981562
2025-05-19 07:00:00,116.81,115.90015513131883,113.31929,119.77144495720333,0.9098448686811764
2025-05-19 08:00:00,99.19,111.41734436635764,109.48468,114.3163330228277,-12.227344366357642
2025-05-19 09:00:00,96.71,105.18295847803932,104.084564,106.83054415957584,-8.472958478039331
2025-05-19 10:00:00,90.34,95.56902165950285,94.822205,96.68923963459696,-5.229021659502848
2025-05-19 11:00:00,85.9,89.17075037869807,88.87644,89.61220919869831,-3.270750378698068
2025-05-19 12:00:00,81.93,81.60008776695622,81.64411,81.53404624539345,0.32991223304378536
2025-05-19 13:00:00,81.71,77.17662768344465,76.49754,78.1952465767757,4.533372316555344
2025-05-19 14:00:00,83.62,84.53094608725928,86.96222,80.8840306386804,-0.9109460872592763
2025-05-19 15:00:00,90.44,91.15207828067878,91.840195,90.11989983377703,-0.7120782806787815
2025-05-19 16:00:00,100.33,103.79233153819803,104.246,103.1118198275507,-3.462331538198029
2025-05-19 17:00:00,115.72,117.12405912225377,116.362305,118.26669077438441,-1.40405912225377
2025-05-19 18:00:00,133.42,126.31702966640557,125.24238,127.92899536962723,7.102970333594413
2025-05-19 19:00:00,135.34,122.64984703915243,120.98701,125.14409544211935,12.69015296084757
2025-05-19 20:00:00,119.89,117.45449484599347,117.87203,116.82818505199538,2.4355051540065347
2025-05-19 21:00:00,97.1,101.29823003617754,99.44136,104.08353056529737,-4.198230036177549
2025-05-19 22:00:00,101.15,99.57842718156058,99.87937,99.12700858195319,1.5715728184394209
2025-05-19 23:00:00,93.76,93.57243854222105,92.87088,94.62477044307701,0.18756145777895483
2025-05-20 00:00:00,92.99,92.55816668298833,93.129616,91.70098349519054,0.43183331701166594
2025-05-20 01:00:00,90.9,90.58296271692421,91.50958,89.193031105665,0.31703728307579127
2025-05-20 02:00:00,90.3,90.71569704050006,91.30161,89.8368137835011,-0.4156970405000635
2025-05-20 03:00:00,91.07,94.04224964747453,93.58917,94.72185603702127,-2.9722496474745412
2025-05-20 04:00:00,96.38,103.69599132609247,103.71142,103.6728472727507,-7.3159913260924725
2025-05-20 05:00:00,120.06,121.71830894722908,124.203674,117.9902494493715,-1.6583089472290737
2025-05-20 06:00:00,112.95,127.12951517185621,129.95822,122.8864443322284,-14.17951517185621
2025-05-20 07:00:00,98.91,122.46023354554843,123.97532,120.1876016861367,-23.550233545548437
2025-05-20 08:00:00,86.09,107.23017553574289,107.35626,107.04104552881034,-21.140175535742884
2025-05-20 09:00:00,90.17,94.81153566869756,95.429535,93.88452726683667,-4.641535668697557
2025-05-20 10:00:00,87.26,81.21802217751954,79.15025,84.31966977790529,6.041977822480462
2025-05-20 11:00:00,84.87,71.28639078912767,65.36072,80.17490031266288,13.58360921087234
2025-05-20 12:00:00,86.33,66.6626219007713,60.023167,76.6218028598384,19.6673780992287
2025-05-20 13:00:00,88.35,67.2488543204742,60.64018,77.16186205850971,21.1011456795258
2025-05-20 14:00:00,91.4,72.43813229923973,66.81621,80.87101701213737,18.96186770076028
2025-05-20 15:00:00,96.34,91.45450265783569,90.16666,93.38626999602963,4.885497342164314
2025-05-20 16:00:00,103.61,107.27934244119123,105.17531,110.4353899469722,-3.669342441191233
2025-05-20 17:00:00,120.82,127.11147820810481,125.25199,129.90069716821125,-6.29147820810482
2025-05-20 18:00:00,137.43,137.1352205783034,134.17087,141.5817381217839,0.2947794216966031
2025-05-20 19:00:00,135.49,136.23927895087354,134.96501,138.15066853807252,-0.7492789508735314
2025-05-20 20:00:00,122.48,122.114130694426,122.386375,121.70574833640677,0.36586930557400876
2025-05-20 21:00:00,99.77,104.46997803686861,102.181046,107.90337488648305,-4.699978036868615
2025-05-20 22:00:00,119.88,104.07112002920698,104.34339,103.66270722328602,15.808879970793015
2025-05-20 23:00:00,105.89,99.62787862223138,100.76107,97.92808164163799,6.262121377768622
2025-05-21 00:00:00,98.34,95.19662322705179,96.722565,92.90770148498785,3.1433767729482156
2025-05-21 01:00:00,92.24,91.99044023793144,93.33103,89.9795433591108,0.24955976206855723
2025-05-21 02:00:00,87.4,90.48820500239812,90.91468,89.84848987721111,-3.0882050023981122
2025-05-21 03:00:00,88.04,92.2152134249784,92.06449,92.44129093244112,-4.175213424978395
2025-05-21 04:00:00,95.5,100.93216913976798,101.09864,100.68245455718363,-5.4321691397679785
2025-05-21 05:00:00,111.67,118.53051579082825,121.40123,114.22442943068387,-6.860515790828245
2025-05-21 06:00:00,117.26,121.64892159632683,122.4706,120.41640189120771,-4.388921596326824
2025-05-21 07:00:00,116.31,116.36009438340898,114.73974,118.79061300320016,-0.05009438340897532
2025-05-21 08:00:00,105.18,104.84745718525193,102.971085,107.66200844164544,0.3325428147480807
2025-05-21 09:00:00,100.94,99.249832132161,97.04148,102.56235117390835,1.6901678678389942
2025-05-21 10:00:00,105.83,91.35705561520436,90.28715,92.96191203300603,14.472944384795639
2025-05-21 11:00:00,97.77,82.93019428488978,81.08989,85.69064951532505,14.839805715110217
2025-05-21 12:00:00,88.05,75.21165408301866,71.47475,80.81701133669702,12.83834591698134
2025-05-21 13:00:00,79.0,72.42974531439822,68.726265,77.984963948227,6.570254685601782
2025-05-21 14:00:00,75.93,75.32272012202739,72.60729,79.39585822743175,0.6072798779726156
2025-05-21 15:00:00,78.71,88.36195281033196,89.52886,86.61158330451642,-9.651952810331963
2025-05-21 16:00:00,99.49,102.01040185043571,102.453255,101.34611876183146,-2.520401850435718
2025-05-21 17:00:00,113.14,118.42806674629593,117.98203,119.09711007252692,-5.288066746295925
2025-05-21 18:00:00,123.26,129.30609293617346,129.22917,129.42146708164455,-6.0460929361734514
2025-05-21 19:00:00,125.49,126.2685451226182,125.73077,127.07520954726819,-0.7785451226182118
2025-05-21 20:00:00,120.24,117.8532560517462,118.23711,117.27746920041044,2.3867439482537947
2025-05-21 21:00:00,102.73,102.158267214794,100.53438,104.59409523730235,0.5717327852060095
2025-05-21 22:00:00,105.06,109.80525949633906,113.81781,103.78642983825978,-4.7452594963390595
2025-05-21 23:00:00,96.64,98.02940012410171,98.90117,96.72174516804236,-1.3894001241017122
2025-05-22 00:00:00,92.03,93.89325463506754,95.54851,91.41037314467565,-1.863254635067534
2025-05-22 01:00:00,84.92,91.12109049955009,92.60149,88.90049121774729,-6.201090499550091
2025-05-22 02:00:00,83.36,89.35848145426104,89.87441,88.5845829233723,-5.998481454261039
2025-05-22 03:00:00,82.84,90.54471040047409,89.78209,91.68863833639028,-7.7047104004740845
2025-05-22 04:00:00,91.59,99.35154183485783,98.96521,99.93103583104104,-7.761541834857823
2025-05-22 05:00:00,109.33,113.11704514221563,114.90745,110.43142968903517,-3.787045142215632
2025-05-22 06:00:00,114.27,120.58136211621662,121.120316,119.77291670411577,-6.311362116216628
2025-05-22 07:00:00,117.29,118.16054221379368,118.32842,117.90871790020684,-0.8705422137936694
2025-05-22 08:00:00,114.5,108.11572763024867,107.679535,108.77000144866852,6.384272369751329
2025-05-22 09:00:00,106.18,102.76805162357982,102.86788,102.61830448924741,3.4119483764201846
2025-05-22 10:00:00,105.17,98.67981639303778,100.14155,96.48721493278975,6.490183606962219
2025-05-22 11:00:00,101.18,95.8453223565086,97.24073,93.75220474075883,5.334677643491403
2025-05-22 12:00:00,93.48,88.23831440250802,88.535995,87.79178324442924,5.24168559749198
2025-05-22 13:00:00,86.31,84.28822481419098,84.81349,83.5003223961952,2.0217751858090196
2025-05-22 14:00:00,84.66,85.8969147287008,86.55217,84.91402449265047,-1.2369147287008104
2025-05-22 15:00:00,87.32,91.86820558581479,93.57713,89.30480847442465,-4.548205585814799
2025-05-22 16:00:00,101.05,102.9155841273331,103.56914,101.93525205112084,-1.8655841273331077
2025-05-22 17:00:00,107.87,119.03797322282838,120.02455,117.55810215497132,-11.16797322282838
2025-05-22 18:00:00,123.12,127.4735499444697,127.91001,126.81885029452384,-4.353549944469691
2025-05-22 19:00:00,127.18,122.44249187179315,122.005844,123.09746350516646,4.737508128206855
2025-05-22 20:00:00,125.5,118.6196951893745,120.338326,116.04174972270381,6.880304810625503
2025-05-22 21:00:00,108.7,102.82809021475558,102.21146,103.7530315519036,5.871909785244426
2025-05-22 22:00:00,107.85,103.41808870227797,105.66793,100.043320129108,4.431911297722024
2025-05-22 23:00:00,103.14,97.41194301841752,98.883224,95.20501509304086,5.728056981582483
2025-05-23 00:00:00,98.61,93.10916951782669,94.151405,91.54581197816046,5.500830482173313
2025-05-23 01:00:00,90.46,91.42875816365023,92.83308,89.3222749715035,-0.9687581636502358
2025-05-23 02:00:00,87.63,89.90821214344382,90.54683,88.95028461581168,-2.278212143443824
2025-05-23 03:00:00,89.0,90.6646593504581,90.52146,90.87945423857201,-1.6646593504580949
2025-05-23 04:00:00,100.4,98.13076689654872,97.71582,98.75318295792451,2.2692331034512847
2025-05-23 05:00:00,113.53,114.49805212535742,116.07091,112.13876129483886,-0.968052125357417
2025-05-23 06:00:00,116.83,118.74258528938725,119.170074,118.1013515291322,-1.912585289387252
2025-05-23 07:00:00,115.88,115.75321605383978,116.10034,115.23251599519514,0.1267839461602165
2025-05-23 08:00:00,111.69,105.06874722727112,105.44805,104.49978516717681,6.62125277272888
2025-05-23 09:00:00,105.35,93.32372677010412,91.39124,96.22244863912749,12.026273229895878
2025-05-23 10:00:00,103.48,83.38756431477327,78.5319,90.67105922443315,20.092435685226732
2025-05-23 11:00:00,101.78,75.83727456612647,68.15321,87.36336234915407,25.942725433873534
2025-05-23 12:00:00,96.68,77.2011063378821,73.46514,82.8050500854279,19.478893662117912
2025-05-23 13:00:00,92.75,77.8279594267251,74.077034,83.45434757193968,14.922040573274899
2025-05-23 14:00:00,88.15,81.37777342493342,78.09204,86.30637203889606,6.772226575066583
2025-05-23 15:00:00,93.94,92.03294013163173,91.64341,92.61722619883031,1.9070598683682647
2025-05-23 16:00:00,101.52,108.16925191377113,107.7499,108.79827855762119,-6.649251913771138
2025-05-23 17:00:00,120.3,118.55986270962748,115.97896,122.43120813515269,1.740137290372516
2025-05-23 18:00:00,130.18,133.65599327180277,132.51846,135.36228847735848,-3.475993271802764
2025-05-23 19:00:00,125.67,129.44742756711537,128.07481,131.50633289483918,-3.7774275671153674
2025-05-23 20:00:00,119.54,121.6628490861192,122.30578,120.69845114547374,-2.1228490861191887
2025-05-23 21:00:00,101.08,106.71126258763002,105.63113,108.33146304866489,-5.631262587630019
2025-05-23 22:00:00,105.17,101.16089283661611,101.23592,101.04833690416237,4.009107163383888
2025-05-23 23:00:00,98.97,93.529802998539,95.96466,89.87750699280747,5.4401970014610015
2025-05-24 00:00:00,95.48,89.2734835182153,92.30018,84.73343909644157,6.206516481784703
2025-05-24 01:00:00,88.07,84.51925168209024,86.9653,80.85016930532325,3.5507483179097505
2025-05-24 02:00:00,80.73,74.8571743440281,75.45161,73.96552191964057,5.8728256559719085
2025-05-24 03:00:00,76.8,78.4536737367825,79.676445,76.6195092015754,-1.6536737367825083
2025-05-24 04:00:00,73.28,75.20816039570084,75.86149,74.22816275377846,-1.9281603957008429
2025-05-24 05:00:00,71.96,75.92621266793174,77.459404,73.62642377493188,-3.9662126679317424
2025-05-24 06:00:00,67.61,78.25773308156555,80.324814,75.15711003240509,-10.647733081565548
2025-05-24 07:00:00,74.09,75.02470518487203,77.93891,70.65339389784904,-0.9347051848720298
2025-05-24 08:00:00,79.53,65.50905422856812,62.953144,69.3429137391449,14.020945771431883
2025-05-24 09:00:00,59.83,59.16835327939265,55.49086,64.68458940575701,0.6616467206073509
2025-05-24 10:00:00,43.26,50.731852382028066,47.170654,56.073648556083356,-7.471852382028068
2025-05-24 11:00:00,36.21,48.221641308235846,43.719315,54.97512759309939,-12.011641308235845
2025-05-24 12:00:00,34.6,39.0328259179948,35.773388,43.921981977909354,-4.432825917994798
2025-05-24 13:00:00,34.67,36.221007707015474,32.579308,41.68355793331017,-1.5510077070154722
2025-05-24 14:00:00,34.53,38.549956802823885,37.985325,39.396904717631,-4.019956802823884
2025-05-24 15:00:00,66.02,62.71657126866453,69.11301,53.12191828396601,3.3034287313354653
2025-05-24 16:00:00,102.03,81.97607458771041,86.417786,75.31350228043326,20.053925412289587
2025-05-24 17:00:00,119.8,104.02588116474494,105.5299,101.76984397936724,15.774118835255052
2025-05-24 18:00:00,112.38,104.04147005349489,106.72613,100.01446843818056,8.338529946505105
2025-05-24 19:00:00,113.43,97.66690018311655,102.09577,91.0235870514193,15.763099816883454
2025-05-24 20:00:00,102.03,96.42531355103472,101.65352,88.58299632570692,5.604686448965282
2025-05-24 21:00:00,79.46,74.50223749082872,74.38419,74.67930359645658,4.957762509171275
2025-05-24 22:00:00,17.97,48.27693259909913,43.977142,54.72661704309695,-30.306932599099135
2025-05-24 23:00:00,0.41,19.96012333507322,14.773129,27.740612712377867,-19.55012333507322
2025-05-25 00:00:00,-0.37,11.468258349610473,9.5288925,14.377306621554254,-11.838258349610472
2025-05-25 01:00:00,-4.39,6.619142306866616,9.222513,2.7140850152134135,-11.009142306866615
2025-05-25 02:00:00,-5.91,-0.981085442043343,2.8584507,-6.740389820280171,-4.928914557956658
2025-05-25 03:00:00,-5.21,-1.896480528425605,5.2656727,-12.6397108234749,-3.313519471574395
2025-05-25 04:00:00,-6.66,-2.20067797771045,5.654341,-13.983207013978273,-4.45932202228955
2025-05-25 05:00:00,-10.51,-7.332543574307272,-2.8024948,-14.127616491252951,-3.1774564256927276
2025-05-25 06:00:00,-11.7,-13.803499480308165,-9.880589,-19.687865426692042,2.103499480308166
2025-05-25 07:00:00,-16.52,-17.400193190669302,-9.760746,-28.859363734958777,0.8801931906693028
2025-05-25 08:00:00,-15.15,-20.23358942660525,-12.231272,-32.237065474014344,5.083589426605249
2025-05-25 09:00:00,-17.56,-19.78085878569,-9.478359,-35.23460813060683,2.2208587856900017
2025-05-25 10:00:00,-32.95,-18.365636104569308,-11.661303,-28.42213569637505,-14.584363895430695
2025-05-25 11:00:00,-38.38,-15.685791349361967,-18.760746,-11.073358893271859,-22.694208650638036
2025-05-25 12:00:00,-37.74,-6.91991016177443,-16.56773,7.551820951002156,-30.82008983822557
2025-05-25 13:00:00,-31.03,-4.582941130454605,-15.300089,11.492781451207236,-26.447058869545394
2025-05-25 14:00:00,-25.88,5.388184687249634,-5.723611,22.055878392738038,-31.268184687249633
2025-05-25 15:00:00,-5.09,25.564077697099062,15.311547,40.94287237003647,-30.654077697099062
2025-05-25 16:00:00,4.74,50.13582679029973,43.974766,59.377414494670234,-45.39582679029973
2025-05-25 17:00:00,46.98,72.48948481033455,65.481064,83.00211435432755,-25.50948481033455
2025-05-25 18:00:00,60.71,91.24589241754967,92.65542,89.1315958204855,-30.535892417549668
2025-05-25 19:00:00,66.18,94.22703310012903,93.095894,95.92373242378449,-28.047033100129028
2025-05-25 20:00:00,66.68,90.86631787365107,94.19246,85.87710411711109,-24.186317873651063
2025-05-25 21:00:00,50.56,60.50595777237354,56.03351,67.21463007241334,-9.94595777237354
2025-05-25 22:00:00,16.21,41.61284521075228,32.985893,54.5532721989388,-25.402845210752282
2025-05-25 23:00:00,7.33,31.056680000055632,22.20154,44.33938810286125,-23.72668000005563
2025-05-26 00:00:00,5.12,27.7756181548593,12.954178,50.00777741038738,-22.655618154859297
2025-05-26 01:00:00,2.64,23.487137983410094,7.420526,47.58705544016891,-20.847137983410093
2025-05-26 02:00:00,4.84,24.424124695967066,9.777339,46.39430279063788,-19.584124695967066
2025-05-26 03:00:00,4.57,27.429015342397715,13.940736,47.66143367688662,-22.859015342397715
2025-05-26 04:00:00,11.25,31.62212384382482,20.376333,48.490808324009066,-20.37212384382482
2025-05-26 05:00:00,28.73,53.98800853908723,55.276752,52.05488691778643,-25.258008539087232
2025-05-26 06:00:00,32.12,58.36402736452389,58.363255,58.365178961236495,-26.244027364523895
2025-05-26 07:00:00,18.99,58.764479388528,53.772453,66.25251469446454,-39.77447938852801
2025-05-26 08:00:00,9.54,36.98483536955668,11.548983,75.13861353985848,-27.444835369556678
2025-05-26 09:00:00,-0.02,33.5620322511034,-2.6835089,87.9303441160512,-33.582032251103406
2025-05-26 10:00:00,-0.88,35.154480235799916,-1.2051328,89.69389994200262,-36.03448023579992
2025-05-26 11:00:00,-1.8,29.315206263582958,-8.018016,85.31503968964282,-31.11520626358296
2025-05-26 12:00:00,-1.15,20.91348846992603,-14.942367,74.69727298221864,-22.06348846992603
2025-05-26 13:00:00,-1.23,15.37719054945326,-14.655658,60.42646397968173,-16.60719054945326
2025-05-26 14:00:00,1.54,22.528316045712565,-1.4894254,58.55492836463236,-20.988316045712565
2025-05-26 15:00:00,21.75,30.64444609892761,17.043156,51.04638031155852,-8.89444609892761
2025-05-26 16:00:00,75.33,60.33890904105383,62.56992,56.992387501316216,14.991090958946167
2025-05-26 17:00:00,93.0,85.94323634148404,92.589516,75.97381350996011,7.056763658515962
2025-05-26 18:00:00,107.36,92.36784711876476,98.316444,83.44494738675564,14.992152881235242
2025-05-26 19:00:00,108.82,88.87183827357978,99.68514,72.65187427892016,19.94816172642021
2025-05-26 20:00:00,101.72,77.69653172869621,86.51019,64.4760381077513,24.023468271303784
2025-05-26 21:00:00,79.6,67.65978334365337,74.51906,57.37086529577894,11.940216656346621
2025-05-26 22:00:00,43.09,37.884739716112236,38.17545,37.44867523327375,5.2052602838877675
2025-05-26 23:00:00,25.24,23.28014801574949,21.701038,25.64881202164301,1.959851984250509
2025-05-27 00:00:00,24.61,15.75714480028139,16.038208,15.335549988984724,8.85285519971861
2025-05-27 01:00:00,17.87,9.478002223545934,9.681219,9.173176669018034,8.391997776454067
2025-05-27 02:00:00,17.89,8.277742827235603,8.116672,8.519349009541031,9.612257172764398
2025-05-27 03:00:00,19.82,17.282145776293227,14.024231,22.169016097837556,2.5378542237067734
2025-05-27 04:00:00,29.93,22.151169244425162,18.547724,27.556336979013338,7.7788307555748375
2025-05-27 05:00:00,53.97,63.48121576339224,77.53727,42.39713502005287,-9.511215763392244
2025-05-27 06:00:00,67.97,76.1121427155713,88.48703,57.54980602293702,-8.142142715571296
2025-05-27 07:00:00,51.36,57.53886928331346,52.463688,65.1516375484936,-6.17886928331346
2025-05-27 08:00:00,48.59,73.45923712573703,69.372635,79.58914048279962,-24.86923712573703
2025-05-27 09:00:00,68.2,85.23390924683908,84.47066,86.3787832794512,-17.033909246839073
2025-05-27 10:00:00,82.52,85.96854299524631,86.04154,85.85903868623589,-3.4485429952463136
2025-05-27 11:00:00,95.56,90.24939007497656,88.78094,92.4520598584619,5.310609925023442
2025-05-27 12:00:00,98.68,86.81230307166047,83.660706,91.53969170014724,11.86769692833954
2025-05-27 13:00:00,99.82,95.66437454942691,93.16429,99.4144897640702,4.155625450573083
2025-05-27 14:00:00,99.34,100.11798612435406,98.66982,102.29022364218397,-0.777986124354058
2025-05-27 15:00:00,101.79,103.4493171123656,101.52793,106.33139405349704,-1.6593171123655992
2025-05-27 16:00:00,106.18,109.70721829481424,107.7038,112.7123358981684,-3.527218294814233
2025-05-27 17:00:00,121.7,121.89648900515184,118.66508,126.74359525457882,-0.19648900515183243
2025-05-27 18:00:00,131.76,129.61904121635695,128.626,131.10858860607794,2.1409587836430433
2025-05-27 19:00:00,121.19,121.67604642206635,120.65329,123.21017754808578,-0.4860464220663516
2025-05-27 20:00:00,108.79,113.23868493020396,113.780266,112.42629835456263,-4.448684930203953
2025-05-27 21:00:00,93.8,100.0023469572566,99.16509,101.25822296870302,-6.202346957256609
2025-05-27 22:00:00,83.32,99.25354992516148,100.579956,97.2639331014779,-15.933549925161486
2025-05-27 23:00:00,68.74,90.77726418520345,91.56025,89.60277693334555,-22.037264185203455
2025-05-28 00:00:00,60.17,85.19150754724711,86.56054,83.13795618501229,-25.02150754724711
2025-05-28 01:00:00,52.82,80.8866583270989,81.35111,80.18997345446601,-28.0666583270989
2025-05-28 02:00:00,50.6,77.95443988887124,76.97564,79.42263307789096,-27.354439888871234
2025-05-28 03:00:00,58.02,78.242556806777,76.98194,80.1334744601798,-20.222556806777
2025-05-28 04:00:00,82.17,83.45741265710168,82.18274,85.36941512664094,-1.287412657101683
2025-05-28 05:00:00,108.61,97.79353160937376,99.200134,95.6836180706756,10.816468390626241
2025-05-28 06:00:00,117.46,105.99690735841365,108.93223,101.59392626346576,11.463092641586343
2025-05-28 07:00:00,122.23,102.60787188766699,103.49319,101.27989738579342,19.622128112333016
2025-05-28 08:00:00,111.61,93.98385146055395,92.74982,95.83490140223938,17.62614853944605
2025-05-28 09:00:00,99.63,89.18019971821346,88.052795,90.87129855090475,10.449800281786537
2025-05-28 10:00:00,98.2,83.9555616903145,83.238914,85.03052486177256,14.244438309685506
2025-05-28 11:00:00,93.29,79.70421796539878,79.55395,79.92962374040127,13.585782034601223
2025-05-28 12:00:00,85.06,78.03129520860566,79.133606,76.37782908596725,7.028704791394347
2025-05-28 13:00:00,81.79,75.27889030369582,75.52571,74.90865154048953,6.511109696304189
2025-05-28 14:00:00,87.23,76.78950496875221,76.56862,77.12082853821354,10.440495031247792
2025-05-28 15:00:00,94.75,91.83627848112636,94.91828,87.21327196270357,2.9137215188736434
2025-05-28 16:00:00,99.24,103.69528471825376,104.76793,102.08631245786583,-4.455284718253765
2025-05-28 17:00:00,110.27,119.6098963390057,118.33569,121.52119317905719,-9.339896339005705
2025-05-28 18:00:00,132.88,133.83031698609403,132.7176,135.49936882021552,-0.9503169860940375
2025-05-28 19:00:00,132.78,128.9570626685347,127.613106,130.97299801044804,3.8229373314653117
2025-05-28 20:00:00,125.34,117.90340509876528,117.31657,118.78364778719639,7.436594901234727
2025-05-28 21:00:00,105.27,100.65787995979557,97.99744,104.64853557758948,4.612120040204431
2025-05-28 22:00:00,104.47,97.41117883441908,97.89325,96.68807091112092,7.058821165580923
2025-05-28 23:00:00,99.43,92.23341607227532,93.23316,90.7337915692381,7.196583927724689
2025-05-29 00:00:00,100.18,85.15607525590664,85.902374,84.03661910900487,15.023924744093364
2025-05-29 01:00:00,99.74,81.57437550469395,82.59188,80.04811374952783,18.165624495306048
2025-05-29 02:00:00,90.77,76.12224074082967,75.40144,77.20343281520894,14.647759259170329
2025-05-29 03:00:00,78.64,71.39654448991712,68.8725,75.18260725750764,7.243455510082882
2025-05-29 04:00:00,70.33,79.19479911033181,77.15413,82.25579660395454,-8.864799110331816
2025-05-29 05:00:00,75.11,90.89232099859825,90.69824,91.18342967850248,-15.782320998598252
2025-05-29 06:00:00,75.78,90.19209015216498,89.351944,91.45230561112533,-14.412090152164978
2025-05-29 07:00:00,59.41,83.65765924495872,84.46912,82.44046616659602,-24.247659244958726
2025-05-29 08:00:00,31.35,64.06084183134277,59.311928,71.18420907054443,-32.71084183134277
2025-05-29 09:00:00,13.27,49.00201065220182,42.31667,59.03001861964029,-35.73201065220182
2025-05-29 10:00:00,9.85,34.165826002077196,33.47883,35.19632140625501,-24.315826002077195
2025-05-29 11:00:00,4.79,17.047067595175882,17.742239,16.004309536645764,-12.257067595175883
2025-05-29 12:00:00,0.65,10.37067629618607,9.595706,11.533131046175015,-9.72067629618607
2025-05-29 13:00:00,0.24,19.02039676924169,18.240845,20.189722925911838,-18.78039676924169
2025-05-29 14:00:00,1.54,25.167093779938284,23.512545,27.648915117722908,-23.627093779938285
2025-05-29 15:00:00,27.35,39.41310707917889,39.312496,39.564023419993134,-12.063107079178891
2025-05-29 16:00:00,50.2,56.897430945356234,54.10243,61.08992707957711,-6.697430945356231
2025-05-29 17:00:00,71.35,71.6701329063344,62.975697,84.71178360555766,-0.3201329063344076
2025-05-29 18:00:00,87.82,109.12318432543819,112.90542,103.44982177550955,-21.303184325438195
2025-05-29 19:00:00,90.58,112.06814203317354,114.678955,108.15192246574635,-21.488142033173546
2025-05-29 20:00:00,89.72,105.10151352723275,106.75654,102.61897241671468,-15.381513527232755
2025-05-29 21:00:00,73.08,89.2558109652294,86.60249,93.23578176182838,-16.175810965229402
2025-05-29 22:00:00,49.81,76.38557854650952,72.02456,82.9271040200824,-26.57557854650952
2025-05-29 23:00:00,39.0,53.794777996899654,47.267864,63.5851457902838,-14.794777996899654
2025-05-30 00:00:00,36.33,36.191434176608226,28.327274,47.9876739577559,0.13856582339177237
2025-05-30 01:00:00,31.92,31.1363226354797,22.231663,44.49331198649588,0.783677364520301
2025-05-30 02:00:00,29.99,30.86556198194479,23.536207,41.859592248868324,-0.8755619819447915
2025-05-30 03:00:00,33.46,29.03817967162179,22.445158,38.92771074140188,4.42182032837821
2025-05-30 04:00:00,39.68,37.76741521079937,32.61224,45.50017636318006,1.9125847892006291
2025-05-30 05:00:00,57.68,71.81129645238994,85.38252,51.45445344176585,-14.13129645238994
2025-05-30 06:00:00,55.19,76.96920257395651,82.201706,69.1204418139196,-21.77920257395651
2025-05-30 07:00:00,44.98,76.68242402901782,80.13813,71.49885525381899,-31.702424029017827
2025-05-30 08:00:00,46.7,73.82029424224001,72.45792,75.86385930860294,-27.120294242240007
2025-05-30 09:00:00,47.62,54.857468176143115,50.286705,61.713611007374396,-7.237468176143118
2025-05-30 10:00:00,55.51,48.119993510582816,47.788612,48.61706332052441,7.390006489417182
2025-05-30 11:00:00,65.13,35.47303200077326,31.90733,40.821585662943875,29.656967999226737
2025-05-30 12:00:00,72.95,42.70161954285669,44.53201,39.95603421633362,30.248380457143313
2025-05-30 13:00:00,76.66,46.99268413602506,47.11537,46.808649922887355,29.667315863974935
2025-05-30 14:00:00,87.68,71.04701346624951,76.908875,62.25422189804564,16.632986533750497
2025-05-30 15:00:00,101.36,83.0907313025419,89.29269,73.78779093335669,18.269268697458102
2025-05-30 16:00:00,101.46,95.90873175771353,98.94403,91.3557775296598,5.5512682422864685
2025-05-30 17:00:00,108.81,114.2517645265188,115.15287,112.90009079017392,-5.441764526518796
2025-05-30 18:00:00,126.17,120.61518056349217,118.48138,123.81587880741205,5.554819436507827
2025-05-30 19:00:00,133.21,120.38174669199586,119.03439,122.40276913477481,12.82825330800415
2025-05-30 20:00:00,129.22,112.24534615387526,110.36188,115.07053396378973,16.97465384612474
2025-05-30 21:00:00,108.76,99.8584813513447,97.97073,102.6900933777514,8.901518648655312
2025-05-30 22:00:00,104.29,99.12231178766014,100.5255,97.01752949966792,5.167688212339868
2025-05-30 23:00:00,98.09,93.05046053046513,93.35567,92.59264874742746,5.039539469534873
2025-05-31 00:00:00,97.6,93.47434056802575,95.48337,90.46079191078701,4.125659431974242
2025-05-31 01:00:00,97.02,85.2050073180676,83.38432,87.93602407825003,11.814992681932395
2025-05-31 02:00:00,96.18,81.0979686427086,78.940605,84.3340100467129,15.082031357291413
2025-05-31 03:00:00,96.3,76.73836767617408,73.93294,80.94650894263245,19.56163232382592
2025-05-31 04:00:00,95.74,74.33244775644354,69.54655,81.51129898705614,21.407552243556452
2025-05-31 05:00:00,95.39,76.99574226564869,73.462654,82.29536877142152,18.394257734351314
2025-05-31 06:00:00,84.63,74.573131980457,69.1913,82.64587507138177,10.05686801954299
2025-05-31 07:00:00,76.43,79.51447324571498,75.203804,85.98047327542025,-3.0844732457149746
2025-05-31 08:00:00,61.47,82.85027887544703,82.28308,83.70107179188906,-21.380278875447033
2025-05-31 09:00:00,27.56,60.1850067046219,54.34589,68.94367597175983,-32.625006704621896
2025-05-31 10:00:00,1.01,49.95455416067243,46.18121,55.614568194344656,-48.94455416067243
2025-05-31 11:00:00,-7.49,30.595567779260477,22.20821,43.17660350729426,-38.08556777926048
2025-05-31 12:00:00,-2.83,24.789157292094856,17.072872,36.36358355692781,-27.619157292094854
2025-05-31 13:00:00,-4.6,18.131928089077338,10.042554,30.26598841651048,-22.731928089077336
2025-05-31 14:00:00,-0.48,23.488476324529188,17.723549,32.13586700074558,-23.96847632452919
2025-05-31 15:00:00,29.18,43.01267282393388,40.782307,46.35821919209789,-13.832672823933883
2025-05-31 16:00:00,82.43,62.59953854599685,64.45024,59.82347900964544,19.830461454003157
2025-05-31 17:00:00,96.68,86.02425769300443,87.806206,83.35132607150032,10.655742306995577
2025-05-31 18:00:00,107.38,99.95619430489344,102.228004,96.54847717153538,7.423805695106552
2025-05-31 19:00:00,109.05,102.8624559460597,104.333855,100.65535213016386,6.1875440539403
2025-05-31 20:00:00,113.46,98.19879423921716,99.969536,95.54267613454192,15.261205760782829
2025-05-31 21:00:00,99.98,86.52091584516046,85.57624,87.93792689622634,13.459084154839545
2025-05-31 22:00:00,89.32,83.08242578587655,84.99968,80.2065413018496,6.237574214123441
2025-05-31 23:00:00,79.96,74.38565278074097,74.82696,73.7236934905487,5.574347219259025
2025-06-01 00:00:00,68.35,65.95860679747973,65.63215,66.44828815763975,2.3913932025202627
2025-06-01 01:00:00,48.42,49.80370560263654,46.138878,55.30094243524124,-1.3837056026365389
2025-06-01 02:00:00,29.41,48.32873632734655,46.313793,51.35114913745815,-18.918736327346547
2025-06-01 03:00:00,22.4,36.778790105312865,31.710293,44.38153413169036,-14.378790105312866
2025-06-01 04:00:00,23.45,34.08186519434205,28.023914,43.16878766542055,-10.631865194342051
2025-06-01 05:00:00,20.17,32.14737759077377,26.146324,41.148957263525006,-11.97737759077377
2025-06-01 06:00:00,7.43,16.311636434645628,8.591518,27.89181348346466,-8.881636434645628
2025-06-01 07:00:00,-1.41,7.315342995303524,1.0054661,16.780158213718863,-8.725342995303524
2025-06-01 08:00:00,-2.34,0.3221005545482285,-4.117867,6.9820521142148095,-2.6621005545482284
2025-06-01 09:00:00,-4.86,-2.908224056084953,-5.7996774,1.4289565138022056,-1.9517759439150475
2025-06-01 10:00:00,-8.33,-0.3932538466578194,-2.2336025,2.3672692882703075,-7.936746153342181
2025-06-01 11:00:00,-14.61,0.8502347736186611,-3.2944007,7.067188091235067,-15.46023477361866
2025-06-01 12:00:00,-18.15,-1.5292915726870886,-9.041501,9.73902358979717,-16.62070842731291
2025-06-01 13:00:00,-16.21,-1.667853148372762,-8.62584,8.769127648095804,-14.542146851627239
2025-06-01 14:00:00,-12.14,-4.4890211012844246,-8.623871,1.7132537596215798,-7.650978898715576
2025-06-01 15:00:00,-1.2,8.57292171508707,6.422192,11.799015904233784,-9.772921715087069
2025-06-01 16:00:00,20.65,36.18952070296306,34.241184,39.112021590781666,-15.53952070296306
2025-06-01 17:00:00,63.04,60.91896124960872,56.128933,68.10400178735188,2.1210387503912784
2025-06-01 18:00:00,89.03,78.1625496640853,74.822105,83.17321223394373,10.867450335914697
2025-06-01 19:00:00,93.06,79.29278291598914,78.68284,80.20769390801482,13.767217084010866
2025-06-01 20:00:00,89.5,81.82884442509013,84.001785,78.56942742319893,7.671155574909875
2025-06-01 21:00:00,78.33,65.731299219877,64.08989,68.19341376014171,12.598700780122996
2025-06-01 22:00:00,60.33,57.86317985787296,56.58928,59.77403088247536,2.466820142127041
2025-06-01 23:00:00,56.07,41.54838041041134,36.25139,49.49386724764699,14.52161958958866
2025-06-02 00:00:00,60.33,52.27004713025508,51.55017,53.349859570632816,8.059952869744919
2025-06-02 01:00:00,62.51,48.53069747699184,46.65818,51.33947047623204,13.979302523008158
2025-06-02 02:00:00,65.13,51.532929273407106,49.380512,54.761550058822934,13.59707072659289
2025-06-02 03:00:00,74.29,56.149959486946415,52.692627,61.33595447298126,18.14004051305359
2025-06-02 04:00:00,92.71,62.95100554251983,58.01406,70.3564204877693,29.758994457480163
2025-06-02 05:00:00,113.79,68.29069698503523,64.407234,74.11589117474625,45.49930301496478
2025-06-02 06:00:00,106.94,97.64653011818879,102.710236,90.05096427252278,9.293469881811205
2025-06-02 07:00:00,105.73,95.97302862874687,101.81355,87.21223465780469,9.75697137125313
2025-06-02 08:00:00,101.77,88.92943688506989,93.45781,82.13687231826555,12.840563114930106
2025-06-02 09:00:00,93.08,79.45143267245194,81.06659,77.02868811118358,13.628567327548055
2025-06-02 10:00:00,89.32,78.72533898112175,80.00869,76.8003107248991,10.594661018878242
2025-06-02 11:00:00,82.76,76.50210239131775,76.475845,76.54148225087738,6.257897608682256
2025-06-02 12:00:00,54.77,71.69405390458657,71.63629,71.78069178356114,-16.924053904586565
2025-06-02 13:00:00,39.27,65.1628367202772,64.69222,65.8687560005221,-25.892836720277195
2025-06-02 14:00:00,37.45,66.13202301003236,68.35524,62.79719390813753,-28.682023010032353
2025-06-02 15:00:00,63.68,67.96619290449549,71.91951,62.036215522347106,-4.286192904495486
2025-06-02 16:00:00,86.78,79.4160580354068,83.56191,73.19727056153948,7.363941964593195
2025-06-02 17:00:00,109.06,89.61176939677354,90.45049,88.35367848155786,19.448230603226463
2025-06-02 18:00:00,109.5,102.64745936962413,103.37731,101.55267323485134,6.85254063037587
2025-06-02 19:00:00,96.77,100.44918227977963,99.42242,101.98932113218834,-3.6791822797796385
2025-06-02 20:00:00,95.23,86.19250108658397,84.06899,89.37775616494625,9.03749891341603
2025-06-02 21:00:00,72.84,70.17100554699718,67.61957,73.99815633880641,2.6689944530028242
2025-06-02 22:00:00,34.63,44.143452839778675,41.850708,47.58256722670498,-9.513452839778672
2025-06-02 23:00:00,14.82,33.23445673033966,31.512827,35.81689763181839,-18.41445673033966
2025-06-03 00:00:00,8.28,22.094440177095763,22.896383,20.89152503761855,-13.814440177095763
2025-06-03 01:00:00,6.13,7.056194119619727,5.411761,9.522843492446839,-0.9261941196197272
2025-06-03 02:00:00,4.74,4.459641447733338,2.788815,6.965880967851717,0.2803585522666623
2025-06-03 03:00:00,4.93,11.616793484132518,10.31692,13.566602097553584,-6.686793484132519
2025-06-03 04:00:00,11.61,16.653397936812485,15.116182,18.959220397451134,-5.043397936812486
2025-06-03 05:00:00,37.94,32.697592272290876,37.791283,25.057054792665667,5.2424077277091214
2025-06-03 06:00:00,46.99,39.69644844537155,38.753506,41.110861599573894,7.293551554628451
2025-06-03 07:00:00,41.31,37.09814336592675,29.162706,49.001295037436506,4.21185663407325
2025-06-03 08:00:00,15.19,21.315310509928306,4.154794,47.05608495058675,-6.1253105099283065
2025-06-03 09:00:00,0.5,17.06116090796735,1.2564038,40.76829653437798,-16.56116090796735
2025-06-03 10:00:00,-3.07,4.29019424267732,-4.482798,17.44968287517932,-7.36019424267732
2025-06-03 11:00:00,-7.59,2.6475668141832216,-4.3295336,13.113217400906052,-10.237566814183221
2025-06-03 12:00:00,-8.58,-1.2277800634960383,-6.667079,6.931168537472672,-7.352219936503962
2025-06-03 13:00:00,-5.76,-2.7280263470624506,-4.499055,-0.07148314689959534,-3.031973652937549
2025-06-03 14:00:00,-1.55,-0.11066219991097337,-2.117504,2.899600322404268,-1.4393378000890267
2025-06-03 15:00:00,8.31,7.403182352267924,6.4626484,8.813982816247204,0.9068176477320762
2025-06-03 16:00:00,54.26,36.59435123629432,35.27118,38.57910738455905,17.665648763705676
2025-06-03 17:00:00,76.36,82.73456109581275,81.44273,84.6722963705133,-6.374561095812751
2025-06-03 18:00:00,107.37,102.97773741108023,105.028694,99.90129466905796,4.3922625889197775
2025-06-03 19:00:00,106.04,96.78827212826667,99.48385,92.74490174095473,9.251727871733337
2025-06-03 20:00:00,106.07,99.62464589347886,102.96464,94.61465046978111,6.445354106521137
2025-06-03 21:00:00,88.38,75.81640770308715,73.848175,78.76875286977844,12.563592296912844
2025-06-03 22:00:00,80.1,59.1718263018307,53.08884,68.29630121295077,20.928173698169296
2025-06-03 23:00:00,66.13,40.17128878903411,30.63965,54.468744547963695,25.958711210965888
2025-06-04 00:00:00,59.61,39.334630523101836,32.01298,50.31710037086495,20.275369476898163
2025-06-04 01:00:00,54.55,38.644637990891496,30.603071,50.7069872044016,15.9053620091085
2025-06-04 02:00:00,50.69,36.482739259865994,27.348808,50.183631902106384,14.207260740134004
2025-06-04 03:00:00,50.02,39.95552267732869,31.339087,52.8801730797353,10.064477322671316
2025-06-04 04:00:00,60.19,56.74818668313388,52.114223,63.69912767280053,3.441813316866117
2025-06-04 05:00:00,95.51,62.92150519269151,60.87652,65.98897988541529,32.58849480730849
2025-06-04 06:00:00,101.55,78.01652695000855,79.3553,76.00836220534364,23.533473049991443
2025-06-04 07:00:00,87.1,73.33392412943867,74.5857,71.45625311839649,13.766075870561323
2025-06-04 08:00:00,56.02,43.27049320751244,34.105236,57.01837703123226,12.749506792487566
2025-06-04 09:00:00,33.85,24.891118275703512,17.134468,36.52609166399023,8.95888172429649
2025-06-04 10:00:00,20.28,25.826464529689304,28.287186,22.135379006108025,-5.5464645296893025
2025-06-04 11:00:00,17.07,16.61559110572416,19.707378,11.97790875262217,0.45440889427583997
2025-06-04 12:00:00,16.41,15.911282122106751,18.17291,12.518838792968296,0.49871787789324884
2025-06-04 13:00:00,19.18,9.340929711474711,8.229049,11.008750708435315,9.839070288525289
2025-06-04 14:00:00,32.23,18.67954812465141,19.440779,17.537700782667343,13.550451875348585
2025-06-04 15:00:00,62.01,38.594500098937225,42.873714,32.17567571578789,23.415499901062773
2025-06-04 16:00:00,88.54,70.16914251760963,72.83112,66.17616363655338,18.370857482390377
2025-06-04 17:00:00,106.52,98.04736694260396,98.25842,97.73077926446888,8.472633057396038
2025-06-04 18:00:00,121.46,116.94934345531578,117.8692,115.56954088926601,4.51065654468421
2025-06-04 19:00:00,122.46,120.41562898009921,120.21149,120.72184222563865,2.0443710199007796
2025-06-04 20:00:00,118.58,116.86596003957828,118.62507,114.22729710211954,1.7140399604217151
2025-06-04 21:00:00,102.64,97.63375834105031,95.46872,100.88130899959845,5.0062416589496905
2025-06-04 22:00:00,89.41,89.74783626010256,89.08663,90.73963917320563,-0.33783626010256285
2025-06-04 23:00:00,78.73,76.95184210361002,75.830475,78.63388725670572,1.7781578963899847
2025-06-05 00:00:00,74.93,69.47639756626599,67.54113,72.37929118739348,5.453602433734019
2025-06-05 01:00:00,71.55,67.8157979945133,65.677155,71.02375554536528,3.7342020054866936
2025-06-05 02:00:00,69.15,68.65547604972824,65.3274,73.64758599834403,0.49452395027176976
2025-06-05 03:00:00,70.7,71.27620596598271,66.57404,78.32944618937086,-0.5762059659827088
2025-06-05 04:00:00,79.04,78.08962720826267,74.54373,83.40846285708247,0.9503727917373368
2025-06-05 05:00:00,102.19,92.42544033856865,89.926956,96.17315895189034,9.764559661431349
2025-06-05 06:00:00,104.14,108.94472722952926,105.568886,114.008479832246,-4.804727229529263
2025-06-05 07:00:00,103.61,102.6822396964906,97.83314,109.95588343617277,0.9277603035094018
2025-06-05 08:00:00,104.6,96.56739248236575,91.63148,103.97125754258428,8.032607517634247
2025-06-05 09:00:00,96.54,90.19453178882276,85.500435,97.23567334412718,6.3454682111772485
2025-06-05 10:00:00,85.67,83.87155276631566,79.3319,90.68102196095515,1.7984472336843425
2025-06-05 11:00:00,67.76,78.4721760303708,74.82321,83.9456187563469,-10.712176030370799
2025-06-05 12:00:00,51.32,76.24849992601034,73.265465,80.72304501155907,-24.92849992601034
2025-06-05 13:00:00,46.57,70.66349406686352,67.45668,75.47370899833555,-24.09349406686352
2025-06-05 14:00:00,58.34,71.495558176298,68.57554,75.87558367316689,-13.155558176298001
2025-06-05 15:00:00,77.32,85.8195567394996,85.49811,86.30172616881737,-8.49955673949961
2025-06-05 16:00:00,99.94,102.26179105302,100.17711,105.38881257822874,-2.321791053020007
2025-06-05 17:00:00,109.19,113.3382320980937,111.92944,115.4514075767772,-4.1482320980937
2025-06-05 18:00:00,121.41,123.38114873636104,123.739716,122.8432832178557,-1.9711487363610445
2025-06-05 19:00:00,122.4,119.09031424770909,120.94178,116.31310785438014,3.3096857522909175
2025-06-05 20:00:00,119.24,113.68312103193426,117.39046,108.1221015910661,5.556878968065732
2025-06-05 21:00:00,105.57,98.75736088800251,99.39976,97.79375660538224,6.812639111997484
2025-06-05 22:00:00,99.66,90.91049221350063,90.49789,91.52939863983067,8.749507786499365
2025-06-05 23:00:00,85.89,88.62533077376528,89.089096,87.92967520101476,-2.735330773765284
2025-06-06 00:00:00,74.64,83.49080693729744,84.662155,81.73378080149553,-8.850806937297435
2025-06-06 01:00:00,63.4,79.86212538985032,80.74516,78.53755949208187,-16.46212538985032
2025-06-06 02:00:00,59.65,72.9968633853941,71.67628,74.97773890782116,-13.346863385394094
2025-06-06 03:00:00,58.89,71.88211147303494,69.548256,75.38289289462347,-12.992111473034939
2025-06-06 04:00:00,68.58,78.32946886022492,75.60685,82.41339001555255,-9.749468860224923
2025-06-06 05:00:00,93.3,94.47451202881183,94.479744,94.46666222840165,-1.174512028811833
2025-06-06 06:00:00,115.69,105.22848876634421,107.54459,101.75433119930781,10.461511233655784
2025-06-06 07:00:00,122.77,100.95348821279046,102.31272,98.91463483861676,21.816511787209535
2025-06-06 08:00:00,111.39,97.75352842447163,98.36594,96.83490710549057,13.636471575528375
2025-06-06 09:00:00,94.35,82.6267632642701,81.20362,84.76146916531388,11.723236735729898
2025-06-06 10:00:00,75.06,70.84739011719752,70.06256,72.02463374025942,4.212609882802482
2025-06-06 11:00:00,61.08,61.11150137332042,59.530914,63.482374343945594,-0.03150137332042391
2025-06-06 12:00:00,56.13,56.738791237304305,54.064575,60.75010957824611,-0.6087912373043025
2025-06-06 13:00:00,56.62,56.46335114142447,54.03876,60.10022851579262,0.15664885857552946
2025-06-06 14:00:00,61.56,66.75796042717741,69.09751,63.24863222333903,-5.1979604271774065
2025-06-06 15:00:00,81.35,85.26869808997363,90.4076,77.56033508394285,-3.9186980899736312
2025-06-06 16:00:00,99.85,103.69612606526331,104.701035,102.18876143696198,-3.84612606526332
2025-06-06 17:00:00,107.98,115.79715573621769,113.58456,119.11605447115947,-7.817155736217686
2025-06-06 18:00:00,120.74,130.67034070300323,130.40613,131.0666446041878,-9.930340703003239
2025-06-06 19:00:00,121.83,128.94317136788638,128.64127,129.39602580130776,-7.11317136788638
2025-06-06 20:00:00,120.55,124.26549113846326,126.33641,121.15910443307222,-3.715491138463264
2025-06-06 21:00:00,105.99,106.3398714332898,105.801216,107.14784867294617,-0.3498714332898061
2025-06-06 22:00:00,106.88,100.35942701082843,100.85365,99.61807855917556,6.520572989171569
2025-06-06 23:00:00,97.85,94.11207229500681,94.72581,93.19146232321037,3.737927704993183
2025-06-07 00:00:00,94.77,93.36675237398396,94.10554,92.25856718373919,1.4032476260160394
2025-06-07 01:00:00,93.27,92.3508240164607,93.68738,90.34598742457459,0.9191759835392901
2025-06-07 02:00:00,91.56,90.46920502459994,91.55864,88.83505136460042,1.0907949754000583
2025-06-07 03:00:00,91.29,89.71735032438012,90.8965,87.94861873087217,1.5726496756198856
2025-06-07 04:00:00,90.81,89.03318942816772,89.81069,87.86693009812925,1.7768105718322857
2025-06-07 05:00:00,91.47,92.29637921616737,93.11796,91.06400521510105,-0.8263792161673678
2025-06-07 06:00:00,95.25,95.76866970690239,96.28493,94.99427940031259,-0.5186697069023865
2025-06-07 07:00:00,112.47,99.63463904809348,100.2468,98.71639078734793,12.835360951906523
2025-06-07 08:00:00,122.73,100.63836744858709,101.14284,99.88166042749799,22.091632551412914
2025-06-07 09:00:00,116.37,96.17778915506332,94.900375,98.09390411629602,20.19221084493668
2025-06-07 10:00:00,109.32,93.43861835530592,91.196396,96.80195016988102,15.881381644694073
2025-06-07 11:00:00,103.63,87.43585225012325,83.71952,93.01034023529346,16.19414774987675
2025-06-07 12:00:00,92.26,84.55292094082887,82.53398,87.58132845986026,7.707079059171136
2025-06-07 13:00:00,85.09,80.53566664136028,78.68907,83.3055572131419,4.554333358639724
2025-06-07 14:00:00,76.03,84.7250930422897,85.42756,83.67138662794102,-8.695093042289699
2025-06-07 15:00:00,74.65,91.71792962091925,93.82341,88.55970327898268,-17.067929620919244
2025-06-07 16:00:00,89.85,101.29498384390624,102.62221,99.30414433266597,-11.444983843906243
2025-06-07 17:00:00,107.63,111.02540505886674,111.50697,110.30303748847544,-3.395405058866743
2025-06-07 18:00:00,118.68,116.7188220553463,117.39612,115.70286644818017,1.9611779446537128
2025-06-07 19:00:00,118.68,112.8734106181414,113.049866,112.60871270258008,5.8065893818586005
2025-06-07 20:00:00,112.86,113.28251850014232,115.77862,109.53836946202568,-0.42251850014231707
2025-06-07 21:00:00,93.48,100.68499943790091,100.063644,101.61702625893685,-7.204999437900909
2025-06-07 22:00:00,100.72,97.25532591980631,97.758896,96.49996908113198,3.4646740801936886
2025-06-07 23:00:00,80.99,90.1954828400371,91.327576,88.49733976000488,-9.205482840037106
2025-06-08 00:00:00,68.76,80.00531463224654,82.97943,75.54413031535756,-11.245314632246533
2025-06-08 01:00:00,53.94,72.17889290234821,75.24839,67.57464123719376,-18.238892902348212
2025-06-08 02:00:00,42.24,65.1271445598434,69.16946,59.063674769359466,-22.8871445598434
2025-06-08 03:00:00,32.85,51.29798213309044,54.241425,46.882812769859896,-18.44798213309044
2025-06-08 04:00:00,25.94,46.52559254768221,46.874714,46.00190575427632,-20.585592547682207
2025-06-08 05:00:00,16.27,43.699806674461755,46.834717,38.9974367224703,-27.429806674461755
2025-06-08 06:00:00,10.06,44.438068115008335,46.567856,41.24338558140511,-34.37806811500833
2025-06-08 07:00:00,4.21,43.803451390696274,46.97853,39.04082738268551,-39.59345139069627
2025-06-08 08:00:00,-1.93,41.59652184224647,43.159782,39.25162908376558,-43.52652184224647
2025-06-08 09:00:00,1.32,34.23897741467856,34.224213,34.26112170594689,-32.91897741467856
2025-06-08 10:00:00,4.82,28.375963709019082,25.413874,32.81909828698252,-23.555963709019082
2025-06-08 11:00:00,16.85,28.77948854030747,23.254108,37.06755632315026,-11.929488540307467
2025-06-08 12:00:00,18.22,39.01067050010082,31.653105,50.047018123421,-20.790670500100823
2025-06-08 13:00:00,28.87,40.38287693493487,33.682045,50.434121048274676,-11.51287693493487
2025-06-08 14:00:00,61.05,47.80730213420536,43.896255,53.673867327395726,13.24269786579464
2025-06-08 15:00:00,87.04,65.17671701236863,64.52188,66.15896515360222,21.86328298763138
2025-06-08 16:00:00,96.3,90.27081257604775,92.97127,86.22012035308325,6.029187423952251
2025-06-08 17:00:00,107.74,103.87050847211636,107.28106,98.75467846788854,3.869491527883639
2025-06-08 18:00:00,118.28,113.38620078227217,116.755035,108.33294122569994,4.893799217727832
2025-06-08 19:00:00,123.05,114.95132736710838,118.870636,109.07234917948969,8.09867263289162
2025-06-08 20:00:00,128.2,109.59315283535649,114.03116,102.93612915870372,18.606847164643497
2025-06-08 21:00:00,108.43,93.97175169014653,94.60562,93.02094340383312,14.458248309853474
2025-06-08 22:00:00,97.5,91.76547619719364,95.15528,86.68076507794501,5.734523802806365
2025-06-08 23:00:00,81.92,79.9176487028539,81.30262,77.8401861339658,2.002351297146106
2025-06-09 00:00:00,71.34,78.0699114193114,80.166855,74.92448672393766,-6.729911419311392
2025-06-09 01:00:00,69.27,77.03299342713223,79.54052,73.27170399629736,-7.76299342713223
2025-06-09 02:00:00,67.36,78.66632990826278,81.39298,74.5763434168972,-11.306329908262782
2025-06-09 03:00:00,72.07,82.70486049635034,84.67828,79.74471998172055,-10.634860496350342
2025-06-09 04:00:00,76.35,92.82103192556343,95.37196,88.99463265509507,-16.471031925563437
2025-06-09 05:00:00,98.28,105.45444405662039,109.220985,99.8046282079572,-7.174444056620388
2025-06-09 06:00:00,96.48,111.89566380671718,117.325195,103.75136273334567,-15.415663806717177
2025-06-09 07:00:00,116.1,108.61542364877931,112.56232,102.69507996545414,7.4845763512206815
2025-06-09 08:00:00,112.13,99.79439940218658,102.21593,96.16210019003677,12.33560059781341
2025-06-09 09:00:00,106.1,92.43606062769936,94.74444,88.97349049747103,13.663939372300632
2025-06-09 10:00:00,105.13,87.21933333448087,89.680305,83.52786939272073,17.91066666551913
2025-06-09 11:00:00,102.99,80.18124152657363,80.19235,80.16456965200535,22.808758473426366
2025-06-09 12:00:00,96.25,76.82734922722122,77.19452,76.27659450359994,19.42265077277878
2025-06-09 13:00:00,88.49,78.49353990245883,80.56755,75.3825142306344,9.99646009754116
2025-06-09 14:00:00,88.48,82.59923494841652,83.41135,81.38106199567511,5.880765051583481
2025-06-09 15:00:00,96.45,90.07554285743868,91.81177,87.4712000543633,6.374457142561326
2025-06-09 16:00:00,101.44,103.2826585216659,102.410034,104.59159121993622,-1.8426585216658964
2025-06-09 17:00:00,103.58,114.01990324711329,113.59485,114.6574737244727,-10.439903247113293
2025-06-09 18:00:00,131.0,120.28830614346283,122.1111,117.55410886451645,10.711693856537167
2025-06-09 19:00:00,134.86,117.81514200102097,120.573204,113.6780413123669,17.04485799897904
2025-06-09 20:00:00,129.59,112.97809351002768,117.0969,106.79988236515707,16.611906489972327
2025-06-09 21:00:00,102.37,96.11776851407288,97.28407,94.36830815652007,6.252231485927126
2025-06-09 22:00:00,97.21,83.13103693277768,85.33041,79.83197732645101,14.078963067222318
2025-06-09 23:00:00,84.98,69.89843417739095,73.6179,64.31923989294029,15.08156582260905
2025-06-10 00:00:00,75.56,49.829672027434086,53.724415,43.987555923077394,25.730327972565917
2025-06-10 01:00:00,66.16,47.38298888238596,50.051613,43.38004815658746,18.777011117614038
2025-06-10 02:00:00,60.74,39.415361050361184,38.818226,40.311063835009406,21.324638949638818
2025-06-10 03:00:00,59.63,34.805421994948425,32.59655,38.11873000568161,24.824578005051578
2025-06-10 04:00:00,66.51,46.750785993225946,44.355698,50.34341376693936,19.75921400677406
2025-06-10 05:00:00,91.45,66.25516153723915,70.41862,60.00997606294649,25.194838462760856
2025-06-10 06:00:00,88.11,75.65304989811533,76.87071,73.8265525101809,12.456950101884672
2025-06-10 07:00:00,85.11,99.97456942486902,103.17699,95.17094161332,-14.864569424869018
2025-06-10 08:00:00,90.85,93.33284985382247,95.71071,89.76605979996143,-2.482849853822472
2025-06-10 09:00:00,93.73,82.56068323413628,84.2414,80.03960366944713,11.169316765863726
2025-06-10 10:00:00,97.97,69.86818043576575,69.90141,69.81832782891632,28.101819564234248
2025-06-10 11:00:00,100.52,68.01891300176915,70.68659,64.01739053664943,32.501086998230846
2025-06-10 12:00:00,98.62,68.20351590464375,67.519104,69.23013184840136,30.416484095356253
2025-06-10 13:00:00,99.25,71.17725226250589,67.71083,76.37688271620124,28.07274773749411
2025-06-10 14:00:00,99.56,79.87870408590584,77.73151,83.09949878593156,19.681295914094164
2025-06-10 15:00:00,100.84,103.17584869280103,108.11721,95.76379470563538,-2.3358486928010223
2025-06-10 16:00:00,103.69,111.9619542879494,111.10081,113.2536749349614,-8.271954287949399
2025-06-10 17:00:00,109.77,120.4105232722151,114.78894,128.84288990661196,-10.640523272215106
2025-06-10 18:00:00,129.82,139.80582394123417,135.1474,146.7934599995698,-9.985823941234173
2025-06-10 19:00:00,132.7,138.75827373117565,134.34239,145.38208874688442,-6.05827373117566
2025-06-10 20:00:00,126.72,136.82443683068118,137.016,136.53706711332404,-10.10443683068118
2025-06-10 21:00:00,109.69,110.43829351764242,105.701126,117.54404083145954,-0.7482935176424235
2025-06-10 22:00:00,107.57,102.8730956492522,99.300095,108.23259149434634,4.696904350747786
2025-06-10 23:00:00,98.42,97.7948776836933,96.05905,100.39861121667951,0.625122316306701
2025-06-11 00:00:00,95.2,97.83841708064496,97.09225,98.95766265095321,-2.638417080644956
2025-06-11 01:00:00,90.96,96.77636185720215,96.478836,97.22264864630125,-5.816361857202153
2025-06-11 02:00:00,90.11,94.91443389104924,93.749405,96.66197164473735,-4.804433891049243
2025-06-11 03:00:00,86.98,98.24527060681484,98.34304,98.09861391022557,-11.265270606814838
2025-06-11 04:00:00,95.94,102.8626764974348,103.1799,102.38683192962216,-6.922676497434807
2025-06-11 05:00:00,113.41,114.39298837907657,116.88935,110.64843698162699,-0.9829883790765734
2025-06-11 06:00:00,106.9,119.41373504191101,120.93103,117.1377769358322,-12.513735041911005
2025-06-11 07:00:00,103.92,111.2168128373795,109.638824,113.5837953991128,-7.296812837379505
2025-06-11 08:00:00,98.44,103.24640331230373,101.20038,106.31543302441165,-4.806403312303729
2025-06-11 09:00:00,93.32,94.20056312862346,91.92987,97.60659619130959,-0.8805631286234643
2025-06-11 10:00:00,87.42,88.26613104388161,86.568214,90.81300407759954,-0.8461310438816128
2025-06-11 11:00:00,92.03,79.30537705849595,75.49102,85.02691043493616,12.724622941504052
2025-06-11 12:00:00,81.23,72.88466363114006,68.18187,79.93885291024762,8.345336368859947
2025-06-11 13:00:00,69.71,70.17942118612062,65.792946,76.75913035787968,-0.469421186120627
2025-06-11 14:00:00,63.45,70.91823032333534,66.981346,76.82355470543308,-7.468230323335334
2025-06-11 15:00:00,72.51,81.5055021180064,82.067535,80.66244456503551,-8.9955021180064
2025-06-11 16:00:00,97.9,96.49259651467652,96.2661,96.83233471625672,1.407403485323485
2025-06-11 17:00:00,103.91,109.29125615158623,107.6993,111.67918255425855,-5.3812561515862285
2025-06-11 18:00:00,121.93,117.61870021680939,115.881905,120.22388982425002,4.31129978319062
2025-06-11 19:00:00,120.44,119.25685647577373,119.07551,119.52887901292065,1.1831435242262671
2025-06-11 20:00:00,105.64,114.15460893303901,114.53354,113.58621410505845,-8.514608933039014
2025-06-11 21:00:00,88.04,99.86946923727562,97.33699,103.66818565117245,-11.829469237275617
2025-06-11 22:00:00,95.79,93.71246629026083,92.169106,96.0275055236257,2.0775337097391713
2025-06-11 23:00:00,76.29,84.34977695789287,84.81406,83.65335398530834,-8.059776957892865
2025-06-12 00:00:00,66.72,79.26832685446875,79.855965,78.38686251581055,-12.548326854468755
2025-06-12 01:00:00,53.59,72.16328458266716,74.00382,69.40247605932902,-18.573284582667156
2025-06-12 02:00:00,47.77,63.29199307431615,59.689632,68.69552834008726,-15.52199307431615
2025-06-12 03:00:00,46.04,58.669096082083115,53.292503,66.73398040143582,-12.629096082083116
2025-06-12 04:00:00,46.76,67.32182723040529,67.91589,66.43072202193608,-20.561827230405292
2025-06-12 05:00:00,71.98,74.03472193276312,76.73913,69.9781050333238,-2.0547219327631154
2025-06-12 06:00:00,78.28,74.10419668164506,74.36774,73.70888266480603,4.175803318354937
2025-06-12 07:00:00,57.26,79.97839584793167,78.517784,82.16930962715335,-22.718395847931667
2025-06-12 08:00:00,33.21,68.87063466599236,66.56073,72.33548787958048,-35.660634665992355
2025-06-12 09:00:00,16.35,56.15466628250059,55.66722,56.88583219489894,-39.80466628250059
2025-06-12 10:00:00,10.61,45.531625887497604,47.03215,43.28083550121471,-34.921625887497605
2025-06-12 11:00:00,13.37,42.46846806360308,42.346523,42.6513823706166,-29.098468063603086
2025-06-12 12:00:00,13.37,41.18013017333469,38.492664,45.21132511290216,-27.81013017333469
2025-06-12 13:00:00,11.93,38.30149313886221,33.472355,45.54519765275856,-26.371493138862213
2025-06-12 14:00:00,12.52,37.2047813664763,31.109138,46.348244729362136,-24.684781366476297
2025-06-12 15:00:00,40.15,51.808827837426705,51.166653,52.77208675970445,-11.658827837426706
2025-06-12 16:00:00,78.47,67.6046758218994,65.86289,70.21734369903561,10.865324178100593
2025-06-12 17:00:00,101.25,86.68749122087377,84.61074,89.80261515240414,14.562508779126233
2025-06-12 18:00:00,119.01,105.85237795144128,108.751114,101.50426641180633,13.157622048558721
2025-06-12 19:00:00,117.31,111.42120548386485,115.310326,105.58752527582423,5.88879451613515
2025-06-12 20:00:00,110.61,106.22912553379302,111.41885,98.44451793604503,4.380874466206976
2025-06-12 21:00:00,95.94,94.49614638063844,97.01577,90.71670338445739,1.4438536193615619
2025-06-12 22:00:00,92.6,89.84737738945458,93.37054,84.56263445264037,2.7526226105454157
2025-06-12 23:00:00,88.78,79.95091934854646,83.78592,74.1984157724892,8.829080651453538
2025-06-13 00:00:00,86.38,76.28892154276147,80.97455,69.26047371774354,10.091078457238524
2025-06-13 01:00:00,85.42,76.99839039709016,81.79923,69.79712536101155,8.42160960290984
2025-06-13 02:00:00,85.24,75.03316625119503,78.35873,70.04482587579031,10.206833748804968
2025-06-13 03:00:00,88.5,76.87593603090653,77.81271,75.47076582799875,11.62406396909347
2025-06-13 04:00:00,91.52,84.02412262192355,84.94415,82.64406777001884,7.495877378076443
2025-06-13 05:00:00,103.87,95.5812104845739,99.33558,89.94965401905193,8.288789515426103
2025-06-13 06:00:00,109.97,103.07034710265688,106.9962,97.18155928496253,6.899652897343117
2025-06-13 07:00:00,114.57,99.69760515678087,103.4264,94.10440450877343,14.872394843219126
2025-06-13 08:00:00,104.74,87.6017394135883,90.76005,82.86426903567974,17.13826058641169
2025-06-13 09:00:00,101.35,72.71596740993382,73.67129,71.28298340520567,28.63403259006617
2025-06-13 10:00:00,89.59,59.563078755008156,60.43289,58.2583591189657,30.026921244991847
2025-06-13 11:00:00,81.38,52.71650072035156,52.85305,52.51167168460694,28.663499279648434
2025-06-13 12:00:00,74.12,49.61488899290079,48.455563,51.35387382655128,24.505111007099217
2025-06-13 13:00:00,72.82,53.77450403733391,52.276443,56.02159105646953,19.04549596266608
2025-06-13 14:00:00,79.05,62.39319072046503,62.077663,62.86647403932176,16.65680927953497
2025-06-13 15:00:00,92.53,92.29169856342622,99.19865,81.93126705370716,0.2383014365737779
2025-06-13 16:00:00,99.61,110.91174992733151,112.86173,107.98677227926628,-11.301749927331514
2025-06-13 17:00:00,114.1,122.1915805364708,116.443115,130.81426323082542,-8.0915805364708
2025-06-13 18:00:00,122.96,135.95527418805725,132.088,141.75618550066068,-12.995274188057252
2025-06-13 19:00:00,123.12,131.58724017881372,130.23227,133.6196850722784,-8.46724017881371
2025-06-13 20:00:00,116.85,122.07760209270882,121.30251,123.24023173323685,-5.227602092708821
2025-06-13 21:00:00,106.1,107.0399619042243,103.995316,111.60692952557541,-0.9399619042243046
2025-06-13 22:00:00,112.13,105.42969478252841,104.37697,107.00878056594017,6.7003052174715805
2025-06-13 23:00:00,105.75,99.49710615978452,98.03231,101.69429204130702,6.252893840215478
2025-06-14 00:00:00,102.61,101.13592190566347,101.46914,100.63609230077975,1.4740780943365337
2025-06-14 01:00:00,100.36,96.97594525796299,96.14142,98.22773164466335,3.3840547420370086
2025-06-14 02:00:00,96.0,93.63233651435186,92.41566,95.45734618395096,2.367663485648137
2025-06-14 03:00:00,93.24,91.48404282646064,90.80091,92.50873491954513,1.7559571735393575
2025-06-14 04:00:00,86.57,93.76777689803959,93.97614,93.45522029075323,-7.197776898039592
2025-06-14 05:00:00,88.21,95.57100371399125,97.124,93.24150273895762,-7.361003713991252
2025-06-14 06:00:00,95.54,96.6110089084153,97.53859,95.2196342400324,-1.071008908415294
2025-06-14 07:00:00,99.61,104.50538240708218,105.19017,103.478192956182,-4.895382407082181
2025-06-14 08:00:00,96.92,98.20723719381323,96.29408,101.07696520743346,-1.287237193813226
2025-06-14 09:00:00,90.31,75.83593377506085,70.64134,83.62781547097731,14.47406622493915
2025-06-14 10:00:00,70.57,44.871586760430134,34.316017,60.70493926740835,25.69841323956986
2025-06-14 11:00:00,41.29,26.778843301633493,17.56343,40.60196016753588,14.511156698366506
2025-06-14 12:00:00,11.23,23.65404504677965,14.656862,37.149817798070956,-12.42404504677965
2025-06-14 13:00:00,9.38,25.977975205369933,15.742997,41.330440828671414,-16.597975205369934
2025-06-14 14:00:00,9.17,32.14203961625648,26.721025,40.27355988658846,-22.97203961625648
2025-06-14 15:00:00,33.91,53.41678359859104,52.48608,54.81283492726374,-19.506783598591042
2025-06-14 16:00:00,76.93,66.4490170714736,60.72997,75.02758151230219,10.480982928526402
2025-06-14 17:00:00,102.22,100.12359303541268,97.68841,103.77636120486468,2.0964069645873167
2025-06-14 18:00:00,112.42,110.7176444841309,109.731125,112.19742007873545,1.702355515869101
2025-06-14 19:00:00,113.74,112.78475953130996,113.110016,112.29686739516941,0.955240468690036
2025-06-14 20:00:00,116.47,109.05829040204833,109.11502,108.97318343309931,7.4117095979516705
2025-06-14 21:00:00,102.88,97.73492423231917,94.37017,102.78204896885944,5.145075767680822
2025-06-14 22:00:00,105.82,96.9390348582373,94.53932,100.53860048177489,8.880965141762687
2025-06-14 23:00:00,95.4,92.17968523139433,90.26424,95.0528564958442,3.2203147686056752
2025-06-15 00:00:00,88.99,91.431712364789,92.05317,90.49952322154283,-2.441712364789012
2025-06-15 01:00:00,83.97,86.25784536325183,86.381386,86.07252707390106,-2.287845363251833
2025-06-15 02:00:00,80.28,82.30857873622591,81.835915,83.01756920079424,-2.02857873622591
2025-06-15 03:00:00,77.2,79.26480375493475,78.18352,80.88673320325483,-2.0648037549347436
2025-06-15 04:00:00,73.99,73.3824494401309,70.49625,77.71175218614269,0.6075505598690967
2025-06-15 05:00:00,67.18,70.376603664831,65.47216,77.7332629309984,-3.196603664830988
2025-06-15 06:00:00,68.15,73.25745626480268,68.33987,80.63383689003405,-5.1074562648026784
2025-06-15 07:00:00,52.89,76.63936457885137,72.838394,82.3408182922212,-23.74936457885137
2025-06-15 08:00:00,50.56,68.65746070936163,61.248905,79.7702920932283,-18.097460709361627
2025-06-15 09:00:00,46.51,68.04049993265134,62.78227,75.92784704537348,-21.530499932651345
2025-06-15 10:00:00,37.06,63.84516171943274,61.19574,67.81929086474395,-26.785161719432736
2025-06-15 11:00:00,23.8,49.121509149716914,42.02883,59.760521836694636,-25.321509149716913
2025-06-15 12:00:00,20.59,43.154875504655564,36.296062,53.44309505741526,-22.564875504655564
2025-06-15 13:00:00,16.68,41.89482413156156,36.98569,49.258520862046,-25.214824131561564
2025-06-15 14:00:00,17.21,46.3221105096201,43.60548,50.397051214540966,-29.112110509620102
2025-06-15 15:00:00,61.72,73.25701255875943,75.306366,70.18297481730872,-11.537012558759429
2025-06-15 16:00:00,96.77,92.65698680365024,93.87581,90.82874439865196,4.113013196349755
2025-06-15 17:00:00,114.91,110.66367871697813,109.606415,112.24955934127345,4.246321283021871
2025-06-15 18:00:00,122.88,119.27597733340089,118.25906,120.80133249365846,3.604022666599107
2025-06-15 19:00:00,125.2,120.10900143947799,120.192055,119.98441766119495,5.09099856052201
2025-06-15 20:00:00,121.55,121.00228705129086,124.0879,116.37385880254358,0.5477129487091332
2025-06-15 21:00:00,107.1,106.10417973034262,105.70089,106.70910922270716,0.9958202696573721
2025-06-15 22:00:00,110.68,100.69005981541798,101.94425,98.80876579525881,9.989940184582025
2025-06-15 23:00:00,100.08,90.87500243668094,91.11716,90.51176680337227,9.204997563319054
2025-06-16 00:00:00,92.25,87.17042721718866,88.167786,85.67438576147751,5.07957278281134
2025-06-16 01:00:00,85.89,83.15809098291228,83.61991,82.46535875916058,2.731909017087716
2025-06-16 02:00:00,85.69,80.98265979700449,80.218994,82.12815637422509,4.7073402029955105
2025-06-16 03:00:00,92.3,85.24007854784543,84.32423,86.61384726377858,7.059921452154569
2025-06-16 04:00:00,106.65,92.33261624469625,90.921844,94.44877007341054,14.317383755303752
2025-06-16 05:00:00,123.1,105.14563345396013,106.28008,103.44395576624798,17.954366546039864
2025-06-16 06:00:00,121.72,114.80580916577956,117.025055,111.4769367022907,6.914190834220435
2025-06-16 07:00:00,113.02,112.84310955707085,114.23443,110.75613128403455,0.17689044292914957
2025-06-16 08:00:00,104.76,100.67965321084304,101.32977,99.70446597388496,4.0803467891569625
2025-06-16 09:00:00,97.39,88.03300095426934,86.00571,91.07393266826614,9.35699904573066
2025-06-16 10:00:00,97.85,82.6156192128986,82.13195,83.34112055727087,15.2343807871014
2025-06-16 11:00:00,90.85,74.71636885856394,73.13111,77.09424779948603,16.133631141436055
2025-06-16 12:00:00,81.59,68.82683983732198,65.99981,73.06737997355398,12.76316016267802
2025-06-16 13:00:00,79.19,66.56253903802872,64.54897,69.58288415513039,12.62746096197128
2025-06-16 14:00:00,78.42,67.72581858326168,65.51395,71.04362475100089,10.694181416738317
2025-06-16 15:00:00,84.77,85.30829480840659,86.26699,83.87024530653892,-0.5382948084065902
2025-06-16 16:00:00,101.81,106.05869257661493,106.61169,105.22919565967699,-4.248692576614928
2025-06-16 17:00:00,123.99,120.43305098886086,117.5517,124.75507467674198,3.556949011139139
2025-06-16 18:00:00,139.82,134.21835889066918,134.07721,134.43007920299132,5.601641109330814
2025-06-16 19:00:00,134.53,133.34921174078036,133.56471,133.025949121238,1.1807882592196393
2025-06-16 20:00:00,119.72,127.9986572850748,131.53996,122.68669143046043,-8.2786572850748
2025-06-16 21:00:00,100.63,107.43234961258779,105.494286,110.33943993417944,-6.80234961258779
2025-06-16 22:00:00,102.88,107.609817872386,109.16235,105.28101059283023,-4.729817872386008
2025-06-16 23:00:00,86.46,99.14119874815742,100.283005,97.42848782193161,-12.681198748157428
2025-06-17 00:00:00,78.8,88.70980069440816,88.64756,88.80315774187974,-9.909800694408162
2025-06-17 01:00:00,75.62,86.14544964577482,85.00637,87.85405876104349,-10.525449645774813
2025-06-17 02:00:00,76.42,84.88777431916311,82.248055,88.84734831927008,-8.467774319163112
2025-06-17 03:00:00,77.28,86.32386768864777,83.0681,91.20751353619463,-9.043867688647765
2025-06-17 04:00:00,82.58,96.56912653281762,96.381485,96.85058694666805,-13.989126532817622
2025-06-17 05:00:00,114.04,107.88543939870395,109.62565,105.27512193425987,6.154560601296055
2025-06-17 06:00:00,110.69,112.87886824776564,113.18144,112.42500341360353,-2.1888682477656403
2025-06-17 07:00:00,102.33,107.69414770222716,105.64165,110.77289252522121,-5.364147702227157
2025-06-17 08:00:00,96.89,97.05999738547732,95.09999,99.99999956720893,-0.16999738547731624
2025-06-17 09:00:00,85.77,85.16621459141496,84.36582,86.36679799892312,0.6037854085850398
2025-06-17 10:00:00,78.28,74.8259748357408,75.189674,74.28041789379535,3.454025164259207
2025-06-17 11:00:00,74.89,70.5105791440153,70.93244,69.87777957085368,4.379420855984705
2025-06-17 12:00:00,73.27,62.941600162006026,57.07695,71.73857529515178,10.32839983799397
2025-06-17 13:00:00,72.94,61.93266274023499,56.63165,69.88417569519197,11.00733725976501
2025-06-17 14:00:00,80.05,75.51974324812682,75.09754,76.15304540669399,4.530256751873182
2025-06-17 15:00:00,87.81,93.71580445102734,98.000496,87.28875963220699,-5.905804451027336
2025-06-17 16:00:00,106.7,119.22331853017536,124.73208,110.96017468237201,-12.52331853017536
2025-06-17 17:00:00,120.83,129.7775997086045,127.93834,132.53647897732182,-8.9475997086045
2025-06-17 18:00:00,136.38,142.0369784866597,138.86302,146.79790199667855,-5.65697848665971
2025-06-17 19:00:00,142.12,136.8891479398647,134.28343,140.79771802471058,5.230852060135305
2025-06-17 20:00:00,132.14,129.40330601026392,129.62172,129.0756821704352,2.736693989736068
2025-06-17 21:00:00,114.51,112.43298490893869,109.80296,116.37800594300103,2.0770150910613125
2025-06-17 22:00:00,110.76,108.52048107727626,107.31681,110.3259753372336,2.2395189227237466
2025-06-17 23:00:00,101.54,103.88426487480774,104.24519,103.34286433545687,-2.3442648748077346
2025-06-18 00:00:00,97.72,100.88492413542318,101.68913,99.67860748821616,-3.1649241354231776
2025-06-18 01:00:00,94.73,98.79851569420936,99.662415,97.50266168730559,-4.068515694209353
2025-06-18 02:00:00,93.56,95.01513081140811,93.45254,97.3590130941941,-1.455130811408111
2025-06-18 03:00:00,96.29,96.04042090411818,93.27871,100.1829824208179,0.24957909588182758
2025-06-18 04:00:00,104.87,104.40591005711401,101.56837,108.6622227288446,0.46408994288599104
2025-06-18 05:00:00,116.07,121.55243458685422,122.144226,120.66474354111013,-5.482434586854225
2025-06-18 06:00:00,119.77,124.69186462785564,123.97878,125.76147233013715,-4.921864627855641
2025-06-18 07:00:00,120.82,120.3271705825239,118.54927,122.99402051148556,0.4928294174760879
2025-06-18 08:00:00,108.94,107.87401543024808,104.32567,113.19653416583017,1.0659845697519188
2025-06-18 09:00:00,92.88,96.86260629403361,93.01377,102.63585151999615,-3.9826062940336158
2025-06-18 10:00:00,89.49,87.1587553298215,83.98159,91.92449338131644,2.331244670178492
2025-06-18 11:00:00,84.46,77.19054212104892,70.798935,86.77794908313987,7.269457878951073
2025-06-18 12:00:00,77.77,72.30755709100859,63.598877,85.37057157578806,5.462442908991406
2025-06-18 13:00:00,76.84,71.93732358528428,63.26976,84.93866685810815,4.902676414715728
2025-06-18 14:00:00,85.08,75.68809737554392,68.18429,86.94380377211172,9.39190262445608
2025-06-18 15:00:00,93.89,94.17083352297206,93.17844,95.65942748113619,-0.28083352297205977
2025-06-18 16:00:00,99.74,113.55820151655931,112.251045,115.5189245067303,-13.818201516559313
2025-06-18 17:00:00,115.21,135.22034233822353,136.4226,133.41693326865453,-20.010342338223538
2025-06-18 18:00:00,134.89,149.68283331778406,153.02255,144.6732393003195,-14.792833317784073
2025-06-18 19:00:00,136.15,148.6155693804863,151.2703,144.63348216703605,-12.4655693804863
2025-06-18 20:00:00,132.12,138.9900395441881,143.9212,131.59329344054836,-6.870039544188103
2025-06-18 21:00:00,118.25,124.22871584713491,128.70804,117.50973212272008,-5.978715847134907
2025-06-18 22:00:00,118.91,117.20995386357683,120.552925,112.19549317944988,1.7000461364231683
2025-06-18 23:00:00,114.69,108.88755442668099,111.208046,105.40680949809894,5.802445573319005
2025-06-19 00:00:00,109.76,110.20182212488967,113.94255,104.5907255087574,-0.44182212488966854
2025-06-19 01:00:00,102.62,107.83360142459463,110.98077,103.11284648751197,-5.2136014245946285
2025-06-19 02:00:00,98.06,105.73586070092247,107.16084,103.59837977964992,-7.67586070092247
2025-06-19 03:00:00,93.9,106.83414548172169,106.83958,106.82598336372804,-12.934145481721686
2025-06-19 04:00:00,97.97,111.31544515638208,110.79971,112.08904318880678,-13.345445156382084
2025-06-19 05:00:00,111.12,124.64103079843903,127.66312,120.10790231348038,-13.521030798439028
2025-06-19 06:00:00,123.16,127.80944386472578,129.81201,124.80559208368943,-4.649443864725782
2025-06-19 07:00:00,121.71,124.82874653505635,125.99512,123.07917529760181,-3.11874653505636
2025-06-19 08:00:00,110.08,111.29979552514416,109.09751,114.60321043151276,-1.2197955251441641
2025-06-19 09:00:00,102.83,101.85956701308075,97.13832,108.94143424107587,0.9704329869192492
2025-06-19 10:00:00,104.63,92.69437746194055,84.16324,105.49108395941678,11.935622538059448
2025-06-19 11:00:00,99.8,85.84500575472254,73.048874,105.03919781270967,13.954994245277462
2025-06-19 12:00:00,93.32,86.04587160355692,73.44983,104.939927727154,7.274128396443075
2025-06-19 13:00:00,90.69,84.76450814853877,72.39041,103.32564567652271,5.925491851461231
2025-06-19 14:00:00,90.83,86.02156174527678,74.49351,103.31363947061384,4.808438254723214
2025-06-19 15:00:00,95.99,97.22083918514849,92.52741,104.26097552634776,-1.230839185148497
2025-06-19 16:00:00,96.53,110.98172967612814,108.02284,115.4200605794805,-14.451729676128139
2025-06-19 17:00:00,114.37,127.73920058729209,125.97306,130.38840292697046,-13.369200587292084
2025-06-19 18:00:00,133.43,134.79014283344145,132.71194,137.90744021348647,-1.3601428334414436
2025-06-19 19:00:00,130.12,136.83429029681926,138.49524,134.34286304063215,-6.714290296819257
2025-06-19 20:00:00,126.43,127.12490884325479,128.22198,125.479279554426,-0.6949088432547796
2025-06-19 21:00:00,108.47,117.88597487653983,119.888596,114.88204000507028,-9.415974876539835
2025-06-19 22:00:00,108.65,115.46816727227846,118.93845,110.26273003982702,-6.818167272278458
2025-06-19 23:00:00,100.91,113.0959871087325,117.73994,106.13005108481953,-12.185987108732505
2025-06-20 00:00:00,94.56,107.86002444069712,112.28018,101.22978445989708,-13.300024440697115
2025-06-20 01:00:00,92.23,103.81676868435054,107.32504,98.554353809265,-11.586768684350531
2025-06-20 02:00:00,92.18,100.4184966860062,102.3327,97.54718203789145,-8.238496686006187
2025-06-20 03:00:00,95.62,99.60668542292285,99.7108,99.45051139361084,-3.9866854229228466
2025-06-20 04:00:00,99.68,106.95956551845975,106.81364,107.17844336768259,-7.279565518459748
2025-06-20 05:00:00,114.72,117.72389384489861,118.71994,116.22982433392623,-3.003893844898613
2025-06-20 06:00:00,115.17,125.70338114455453,126.00209,125.25530955083941,-10.533381144554525
2025-06-20 07:00:00,124.58,124.85319204535529,124.44629,125.4635350755464,-0.2731920453552874
2025-06-20 08:00:00,121.58,113.87024670848609,111.18776,117.89396241330509,7.7097532915139055
2025-06-20 09:00:00,114.76,104.9521672836502,104.69756,105.33407154469676,9.807832716349807
2025-06-20 10:00:00,106.37,93.16589767825009,93.43784,92.7579696747512,13.204102321749914
2025-06-20 11:00:00,95.3,86.23758978286222,85.6395,87.13471160925516,9.062410217137781
2025-06-20 12:00:00,83.83,82.65165649721007,82.95809,82.19199982456811,1.1783435027899287
2025-06-20 13:00:00,78.6,82.42208980728645,82.424355,82.41868315163896,-3.82208980728646
2025-06-20 14:00:00,74.8,82.77823244007358,82.99873,82.44747128267906,-7.978232440073583
2025-06-20 15:00:00,82.51,95.14172094344951,97.238396,91.99670119285227,-12.631720943449508
2025-06-20 16:00:00,110.81,109.02024974287258,109.69392,108.00974224658572,1.789750257127423
2025-06-20 17:00:00,121.09,124.56933726137032,124.80544,124.21516749424613,-3.4793372613703184
2025-06-20 18:00:00,139.36,135.74661257587374,136.48102,134.645004340075,3.613387424126273
2025-06-20 19:00:00,137.28,131.79456425336406,130.60156,133.58406306871288,5.485435746635943
2025-06-20 20:00:00,131.42,126.66874061933169,127.80811,124.9596819011124,4.7512593806683014
2025-06-20 21:00:00,117.05,113.75412120295289,113.64339,113.92021511675722,3.2958787970471093
2025-06-20 22:00:00,111.83,112.07195569875651,114.676186,108.16559557623697,-0.24195569875651302
2025-06-20 23:00:00,105.62,106.75420755379122,109.50593,102.62661919575731,-1.1342075537912137
2025-06-21 00:00:00,104.45,106.61621721349431,108.75567,103.40703625883344,-2.1662172134943063
2025-06-21 01:00:00,101.77,104.53285084364997,106.5338,101.53142596776749,-2.7628508436499715
2025-06-21 02:00:00,105.18,100.97983487290607,101.53618,100.14530976222122,4.200165127093939
2025-06-21 03:00:00,103.22,101.30271891665856,102.51408,99.48567340553802,1.917281083341436
2025-06-21 04:00:00,99.4,102.10493119102159,104.36372,98.71673662318386,-2.7049311910215863
2025-06-21 05:00:00,97.97,104.30861864049719,106.65096,100.79509282011503,-6.338618640497188
2025-06-21 06:00:00,94.3,106.51724916032022,107.60236,104.8895622623728,-12.217249160320222
2025-06-21 07:00:00,111.23,106.4785688095147,104.937935,108.78951017381115,4.751431190485306
2025-06-21 08:00:00,116.4,106.55375031300797,105.296364,108.43982049992714,9.846249686992039
2025-06-21 09:00:00,98.57,100.90624053880197,98.98589,103.78675956538869,-2.336240538801974
2025-06-21 10:00:00,74.42,96.51776711325115,96.2342,96.9431165898906,-22.09776711325115
2025-06-21 11:00:00,40.83,87.32171796918257,87.64785,86.83251796067617,-46.491717969182574
2025-06-21 12:00:00,25.76,77.39708933147895,73.870285,82.6872881480333,-51.63708933147895
2025-06-21 13:00:00,20.01,69.31768109856637,67.51519,72.02140993025381,-49.30768109856636
2025-06-21 14:00:00,21.45,78.35458311655248,77.03569,80.33291660790948,-56.90458311655247
2025-06-21 15:00:00,52.81,89.75556709187919,90.931915,87.99104099019598,-36.945567091879184
2025-06-21 16:00:00,95.82,105.8638214170958,108.90115,101.30780793727078,-10.043821417095813
2025-06-21 17:00:00,115.3,117.1826860450943,117.91196,116.08877230267714,-1.882686045094303
2025-06-21 18:00:00,131.15,127.09130377264935,129.5367,123.42320190598863,4.0586962273506515
2025-06-21 19:00:00,135.09,124.14352221200213,127.854774,118.57663618796431,10.946477787997878
2025-06-21 20:00:00,127.22,121.3692337150851,125.87952,114.603809385369,5.850766284914897
2025-06-21 21:00:00,113.65,105.88827236467998,107.28344,103.79552145735425,7.761727635320028
2025-06-21 22:00:00,110.68,97.43367489176606,97.80069,96.88314696147083,13.246325108233947
2025-06-21 23:00:00,100.9,87.54115680507353,88.87686,85.5375958395881,13.358843194926479
2025-06-22 00:00:00,93.24,81.20640763491245,83.104904,78.35865519567957,12.033592365087543
2025-06-22 01:00:00,89.09,64.37475727978375,63.20474,66.1297833666957,24.715242720216253
2025-06-22 02:00:00,79.82,58.91550199275956,57.114994,61.61626200094187,20.904498007240434
2025-06-22 03:00:00,75.58,49.89099455865935,48.645332,51.75948503098675,25.689005441340647
2025-06-22 04:00:00,64.17,59.80194096347617,64.96946,52.05065738610742,4.368059036523832
2025-06-22 05:00:00,46.95,46.914295549410426,51.750065,39.66064064507148,0.035704450589577164
2025-06-22 06:00:00,27.89,41.879196944797926,46.386948,35.11756614586932,-13.989196944797925
2025-06-22 07:00:00,11.78,44.554854676613374,51.213104,34.5674784121145,-32.77485467661337
2025-06-22 08:00:00,4.4,31.122910720892172,36.83589,22.55343730943258,-26.722910720892173
2025-06-22 09:00:00,1.86,15.665283210271832,20.366964,8.612759131178848,-13.805283210271833
2025-06-22 10:00:00,-0.66,13.086858246555664,23.080484,-1.9035828763476559,-13.746858246555664
2025-06-22 11:00:00,-6.18,11.14983063448916,20.042854,-2.1897058310744626,-17.32983063448916
2025-06-22 12:00:00,-10.51,5.9588155475238525,12.584816,-3.980186053370545,-16.468815547523853
2025-06-22 13:00:00,-8.0,5.689895862183983,9.24215,0.3615134801517286,-13.689895862183983
2025-06-22 14:00:00,-2.35,11.37725100651802,9.489432,14.20897806027088,-13.727251006518019
2025-06-22 15:00:00,10.28,29.203921005245366,30.108456,27.84711521147767,-18.92392100524537
2025-06-22 16:00:00,57.49,60.28853401097015,63.592056,55.33324680110701,-2.798534010970151
2025-06-22 17:00:00,93.36,84.44841497330113,86.88453,80.79424185524988,8.911585026698873
2025-06-22 18:00:00,112.92,94.79924693770138,99.89746,87.15191640126031,18.12075306229862
2025-06-22 19:00:00,126.71,99.71185560628754,105.34721,91.25880886129988,26.99814439371245
2025-06-22 20:00:00,119.83,88.96313423420784,91.34444,85.39117680256064,30.866865765792156
2025-06-22 21:00:00,98.5,70.06983287162684,67.74102,73.56304424571749,28.430167128373157
2025-06-22 22:00:00,52.04,55.0793720090074,50.736763,61.59328361443744,-3.0393720090074012
2025-06-22 23:00:00,39.4,25.027146596693186,15.349729,39.54327170795,14.372853403306813
2025-06-23 00:00:00,21.89,20.599936602603442,15.887562,27.66849785569073,1.2900633973965583
2025-06-23 01:00:00,13.93,18.571802525816018,16.285295,22.001563084864756,-4.6418025258160185
2025-06-23 02:00:00,3.2,15.139139284422038,12.154506,19.616089139704997,-11.939139284422037
2025-06-23 03:00:00,2.95,13.758445882765784,9.390518,20.31033670894388,-10.808445882765785
2025-06-23 04:00:00,1.04,23.666820568255037,20.251616,28.789627657362445,-22.626820568255038
2025-06-23 05:00:00,31.32,58.932348950080645,78.12026,30.150477248858834,-27.612348950080644
2025-06-23 06:00:00,38.62,61.58268102276111,78.22554,36.618388500506285,-22.96268102276111
2025-06-23 07:00:00,23.84,49.54461809550467,65.22906,26.01795545604682,-25.704618095504667
2025-06-23 08:00:00,1.42,17.30240128384893,16.272541,18.847190686734137,-15.88240128384893
2025-06-23 09:00:00,-1.98,7.5496070616613,8.216571,6.5491611344541525,-9.5296070616613
2025-06-23 10:00:00,-7.45,1.514782028782304,-1.1472759,5.50786901858433,-8.964782028782304
2025-06-23 11:00:00,-13.14,1.1837758367521136,-3.008443,7.4721045656160925,-14.323775836752114
2025-06-23 12:00:00,-16.2,0.4919157487641428,-4.091047,7.366359944763445,-16.691915748764142
2025-06-23 13:00:00,-15.78,-0.4934118188177874,-7.1188107,9.444686671903895,-15.286588181182212
2025-06-23 14:00:00,-7.5,5.607201610227924,2.2634437,10.62283822452153,-13.107201610227925
2025-06-23 15:00:00,-6.1,18.312327689989175,16.139587,21.57143669094583,-24.412327689989176
2025-06-23 16:00:00,14.06,45.23750905000404,41.3857,51.015220378916354,-31.17750905000404
2025-06-23 17:00:00,61.11,85.88146516930684,88.58653,81.82386212675831,-24.771465169306836
2025-06-23 18:00:00,82.34,107.90222102339757,110.209625,104.44110706288843,-25.56222102339757
2025-06-23 19:00:00,94.32,110.53511971263707,114.6565,104.3530313677743,-16.215119712637076
2025-06-23 20:00:00,98.75,106.7820953425814,113.04453,97.38843537793787,-8.0320953425814
2025-06-23 21:00:00,90.65,83.54054811333043,86.46687,79.15105290051358,7.109451886669575
2025-06-23 22:00:00,65.47,59.28964960655392,58.429203,60.58031946621389,6.180350393446076
2025-06-23 23:00:00,51.19,36.26030299662166,35.541138,37.33904713388813,14.929697003378337
2025-06-24 00:00:00,40.66,33.609997745394786,32.38245,35.45131920784732,7.050002254605211
2025-06-24 01:00:00,32.28,28.9737126267172,27.239458,31.575092533284703,3.3062873732827995
2025-06-24 02:00:00,30.21,32.717000576520704,28.663715,38.79692458278126,-2.507000576520703
2025-06-24 03:00:00,34.8,32.683469479026556,23.626143,46.269458991145484,2.1165305209734413
2025-06-24 04:00:00,48.5,42.32949739016833,36.074436,51.712086332781666,6.170502609831672
2025-06-24 05:00:00,71.48,68.65521703391974,76.42592,56.99916090144973,2.8247829660802637
2025-06-24 06:00:00,62.5,70.01513998980198,68.63762,72.08142144667292,-7.51513998980198
2025-06-24 07:00:00,48.36,78.69724020714474,76.854866,81.4607938467193,-30.337240207144745
2025-06-24 08:00:00,37.88,54.48391559691092,45.73869,67.60175295101752,-16.603915596910916
2025-06-24 09:00:00,19.39,50.06753003508737,43.65594,59.68491166608757,-30.677530035087372
2025-06-24 10:00:00,13.18,29.427781721914254,19.26608,44.670333020300774,-16.247781721914254
2025-06-24 11:00:00,9.51,18.151777300406867,11.3402,28.369141899469923,-8.641777300406867
2025-06-24 12:00:00,3.84,10.281572121927592,5.7383413,17.096418188386792,-6.441572121927592
2025-06-24 13:00:00,1.7,11.403267086818142,3.7190013,22.929665300434635,-9.703267086818142
2025-06-24 14:00:00,2.18,10.831683116877617,5.720463,18.498512997539194,-8.651683116877617
2025-06-24 15:00:00,20.54,28.124191614646612,20.53201,39.512463442134106,-7.584191614646613
2025-06-24 16:00:00,71.62,61.49856908814718,61.392254,61.65803809207205,10.121430911852826
2025-06-24 17:00:00,108.32,90.31818592210206,91.31209,88.82732897151493,18.001814077897933
2025-06-24 18:00:00,124.75,111.07743538688143,114.1593,106.45463201578754,13.672564613118567
2025-06-24 19:00:00,126.22,116.88881815275815,119.98825,112.23966928326253,9.33118184724185
2025-06-24 20:00:00,125.04,113.26178449290884,117.59453,106.76266893490885,11.778215507091161
2025-06-24 21:00:00,111.64,97.08068175377221,98.362076,95.15858876858579,14.55931824622779
2025-06-24 22:00:00,91.54,91.09651146663595,94.05156,86.66393186483205,0.4434885333640608
2025-06-24 23:00:00,84.1,85.52269699572557,88.39314,81.21702080962643,-1.4226969957255733
2025-06-25 00:00:00,83.36,80.91748473455965,83.32038,77.31313818222432,2.442515265440349
2025-06-25 01:00:00,82.27,81.53438929912743,83.93923,77.92712162428342,0.7356107008725701
2025-06-25 02:00:00,83.91,81.50395349032189,82.11989,80.58004745261138,2.406046509678106
2025-06-25 03:00:00,90.09,85.94940270343244,85.97169,85.91596815384477,4.140597296567563
2025-06-25 04:00:00,99.38,95.60456793845408,96.83043,93.76577241571528,3.7754320615459136
2025-06-25 05:00:00,113.73,108.34405321347738,110.41909,105.23148999780477,5.385946786522624
2025-06-25 06:00:00,114.42,117.0847937185651,120.631454,111.76479496535802,-2.664793718565093
2025-06-25 07:00:00,117.2,114.74582087513281,116.30196,112.41159884920899,2.4541791248671956
2025-06-25 08:00:00,116.98,109.49686322942156,111.18765,106.96067537702069,7.48313677057844
2025-06-25 09:00:00,112.0,104.22836092907,102.06248,107.47718284025314,7.771639070929993
2025-06-25 10:00:00,103.99,98.26904582957059,95.41825,102.54523038813545,5.720954170429408
2025-06-25 11:00:00,99.89,94.96224843106941,92.31148,98.93839504923116,4.927751568930589
2025-06-25 12:00:00,90.01,87.80406206987996,85.111145,91.84343383070575,2.2059379301200437
2025-06-25 13:00:00,84.32,85.11695488413326,83.785324,87.11439152857048,-0.796954884133271
2025-06-25 14:00:00,82.23,84.10546572869629,84.25085,83.88738830550534,-1.875465728696284
2025-06-25 15:00:00,83.66,87.31375929350742,86.82619,88.04511181103902,-3.65375929350742
2025-06-25 16:00:00,104.94,100.93093687775223,102.1914,99.04023663407781,4.009063122247767
2025-06-25 17:00:00,123.97,120.41893083918224,121.787605,118.36591916948879,3.551069160817761
2025-06-25 18:00:00,136.37,129.33749420406969,130.5319,127.54587250358243,7.032505795930319
2025-06-25 19:00:00,135.79,125.63361509772909,126.27084,124.6777572267446,10.1563849022709
2025-06-25 20:00:00,131.48,120.31802064426566,124.164955,114.54760745783213,11.161979355734331
2025-06-25 21:00:00,115.34,105.21234847886429,107.99369,101.04032401698493,10.127651521135718
2025-06-25 22:00:00,107.21,97.24840900181962,100.91625,91.74663476346021,9.96159099818037
2025-06-25 23:00:00,98.19,93.77348476555139,97.565735,88.08510198956205,4.41651523444861
2025-06-26 00:00:00,96.04,88.02524808430121,91.03862,83.50518831072858,8.014751915698795
2025-06-26 01:00:00,88.0,83.45563236087783,85.313965,80.66812791452367,4.5443676391221715
2025-06-26 02:00:00,84.72,82.86159002349154,83.802826,81.44973425977864,1.8584099765084545
2025-06-26 03:00:00,83.63,85.41497966889472,84.70013,86.48724966356977,-1.7849796688947208
2025-06-26 04:00:00,87.02,94.91493776963767,95.17007,94.53223654445551,-7.894937769637679
2025-06-26 05:00:00,107.22,107.66997345329546,109.221924,105.34204026165659,-0.44997345329545624
2025-06-26 06:00:00,117.03,114.47078933500468,116.39523,111.58411597667185,2.5592106649953195
2025-06-26 07:00:00,109.37,115.32946244220209,115.19404,115.53259470413802,-5.959462442202081
2025-06-26 08:00:00,104.28,107.37166203220596,108.09038,106.29357311030003,-3.09166203220596
2025-06-26 09:00:00,87.37,91.53730163476288,92.81174,89.62563895934375,-4.167301634762879
2025-06-26 10:00:00,70.2,62.01164204862417,59.040184,66.46882909006627,8.188357951375835
2025-06-26 11:00:00,53.0,52.645390256453666,53.616272,51.189061960103885,0.3546097435463338
2025-06-26 12:00:00,39.58,37.61704375868136,35.89763,40.196164313085234,1.9629562413186363
2025-06-26 13:00:00,34.99,26.436616016128745,21.165632,34.34309023792318,8.553383983871257
2025-06-26 14:00:00,37.52,31.599431925466877,32.473965,30.287632776924028,5.920568074533126
2025-06-26 15:00:00,54.47,44.26470660611321,43.011726,46.14417313149394,10.205293393886791
2025-06-26 16:00:00,80.03,70.2407385446801,68.52485,72.81457104736918,9.789261455319902
2025-06-26 17:00:00,94.38,97.68019397269235,95.409744,101.08586090829337,-3.3001939726923553
2025-06-26 18:00:00,109.39,113.73128532992843,112.22718,115.987434973991,-4.341285329928425
2025-06-26 19:00:00,111.85,118.92816598641451,118.82897,119.0769495424523,-7.078165986414518
2025-06-26 20:00:00,111.46,116.28410756357934,117.40615,114.60103123804988,-4.8241075635793464
2025-06-26 21:00:00,100.06,102.77446380941566,100.45966,106.24666252952062,-2.714463809415662
2025-06-26 22:00:00,95.55,94.6076428674194,90.2892,101.08529979550161,0.9423571325805966
2025-06-26 23:00:00,88.82,86.34131715268245,82.59482,91.9610618941573,2.4786828473175433
2025-06-27 00:00:00,83.67,77.88593548929532,73.23302,84.86530945688085,5.784064510704681
2025-06-27 01:00:00,77.8,69.38354592767762,62.844173,79.19260276475069,8.41645407232238
2025-06-27 02:00:00,75.77,69.2790213573136,62.88189,78.8747193783914,6.4909786426864
2025-06-27 03:00:00,79.06,74.68765543651136,67.690384,85.18356081723053,4.372344563488639
2025-06-27 04:00:00,85.95,84.488065451344,79.64554,91.7518561332428,1.4619345486560036
2025-06-27 05:00:00,104.1,101.5352281313285,101.24558,101.9696888280771,2.5647718686714995
2025-06-27 06:00:00,104.15,105.75031814062837,105.743034,105.7612361779869,-1.6003181406283602
2025-06-27 07:00:00,93.23,105.06856237365326,103.43084,107.5251409042259,-11.83856237365326
2025-06-27 08:00:00,80.15,94.17190180380824,93.15339,95.69966341454989,-14.021901803808234
2025-06-27 09:00:00,61.1,77.56008950082827,77.7147,77.32816793542028,-16.460089500828268
2025-06-27 10:00:00,42.14,62.85466913988739,66.374306,57.57521044737473,-20.71466913988739
2025-06-27 11:00:00,25.12,46.46027052068039,53.924644,35.26370196698417,-21.340270520680388
2025-06-27 12:00:00,16.87,30.86308778923412,34.27007,25.752613882264995,-13.99308778923412
2025-06-27 13:00:00,17.76,28.088680549888316,31.206234,23.41234754629062,-10.328680549888315
2025-06-27 14:00:00,22.78,33.06340405560475,35.734093,29.057369163059718,-10.283404055604748
2025-06-27 15:00:00,46.65,44.53673521250871,49.62146,36.909646182516894,2.113264787491289
2025-06-27 16:00:00,75.13,59.13987443124863,62.591366,53.96263354211084,15.990125568751367
2025-06-27 17:00:00,90.73,80.93338870603397,82.515366,78.56042145685737,9.796611293966038
2025-06-27 18:00:00,106.55,87.93948007846785,88.21076,87.5325495308864,18.610519921532145
2025-06-27 19:00:00,109.9,101.71188032678572,102.18748,100.99847942719376,8.188119673214288
2025-06-27 20:00:00,106.74,90.86915630461505,93.40333,87.06789121930129,15.870843695384949
2025-06-27 21:00:00,91.19,62.805416131184224,58.07937,69.89448553364903,28.384583868815774
2025-06-27 22:00:00,84.25,55.71230522300955,51.414238,62.159405139738226,28.53769477699045
2025-06-27 23:00:00,69.42,37.27829719748112,31.267262,46.294850736012364,32.14170280251888
2025-06-28 00:00:00,57.19,26.22442100525042,21.26085,33.66977567673078,30.965578994749578
2025-06-28 01:00:00,45.39,17.69445327845201,12.804115,25.029959776177634,27.69554672154799
2025-06-28 02:00:00,40.25,15.891416260447045,12.362516,21.18476556948309,24.358583739552955
2025-06-28 03:00:00,39.57,15.692993315661319,13.618655,18.80450048199387,23.87700668433868
2025-06-28 04:00:00,40.93,13.882302924608133,10.140881,19.494436196026555,27.047697075391866
2025-06-28 05:00:00,44.28,26.70227747710611,29.350134,22.730491895279926,17.57772252289389
2025-06-28 06:00:00,34.56,24.663580949315772,26.59451,21.76718725564416,9.89641905068423
2025-06-28 07:00:00,15.2,27.42332525989883,30.853628,22.27786709719581,-12.223325259898832
2025-06-28 08:00:00,6.44,22.23932999657751,25.995796,16.604630209186695,-15.799329996577509
2025-06-28 09:00:00,3.58,6.916828664305058,7.671459,5.784882386928416,-3.3368286643050578
2025-06-28 10:00:00,0.09,-8.211504689277877,-10.882678,-4.2047434832197155,8.301504689277877
2025-06-28 11:00:00,-1.34,-12.778728985343843,-17.825811,-5.2081049073598535,11.438728985343843
2025-06-28 12:00:00,-2.59,-15.071505913823625,-16.907454,-12.317584479078107,12.481505913823625
2025-06-28 13:00:00,-1.21,-10.100190776981117,-15.281866,-2.3276773552030363,8.890190776981118
2025-06-28 14:00:00,3.8,-6.501249466085289,-9.485792,-2.024435186743375,10.301249466085288
2025-06-28 15:00:00,24.41,8.994410899503714,7.834261,10.73463536109449,15.415589100496286
2025-06-28 16:00:00,66.99,35.52949638912493,35.803223,35.11890698843732,31.460503610875065
2025-06-28 17:00:00,92.03,86.82441529335966,90.18799,81.77904627478097,5.205584706640337
2025-06-28 18:00:00,107.18,95.06986032249279,93.460335,97.48414482478663,12.11013967750722
2025-06-28 19:00:00,114.23,104.856531307348,104.155464,105.90812247308193,9.373468692651997
2025-06-28 20:00:00,112.14,104.85539907717009,105.65549,103.6552594727104,7.28460092282991
2025-06-28 21:00:00,106.88,94.47906689630761,95.3693,93.14370644059812,12.400933103692381
2025-06-28 22:00:00,87.88,82.60781498076355,80.519936,85.739632132695,5.272185019236446
2025-06-28 23:00:00,86.52,72.73038866468778,68.37106,79.26937109104074,13.789611335312216
2025-06-29 00:00:00,82.87,71.74892055916708,68.781006,76.20079070150655,11.12107944083293
2025-06-29 01:00:00,77.61,71.40167599859504,67.3898,77.41948082900714,6.208324001404961
2025-06-29 02:00:00,75.35,69.78720459017362,64.24576,78.09937439047312,5.5627954098263785
2025-06-29 03:00:00,78.19,70.06506873671533,64.69148,78.12544230382446,8.124931263284665
2025-06-29 04:00:00,77.95,76.13969083382844,71.7118,82.78152574484943,1.8103091661715638
2025-06-29 05:00:00,77.08,80.88156093952068,78.01339,85.18381033830366,-3.8015609395206837
2025-06-29 06:00:00,68.48,81.05302256771958,76.71982,87.5528292464474,-12.573022567719576
2025-06-29 07:00:00,82.8,88.180165852499,84.21093,94.13401028859613,-5.380165852499005
2025-06-29 08:00:00,96.72,95.33123148604605,91.42031,101.19760843923623,1.3887685139539485
2025-06-29 09:00:00,92.16,95.62752087125953,89.04484,105.50153571391543,-3.467520871259538
2025-06-29 10:00:00,88.97,98.24776123935587,92.801735,106.41679880456641,-9.277761239355868
2025-06-29 11:00:00,84.88,92.4990007244895,84.34598,104.72852750702454,-7.61900072448951
2025-06-29 12:00:00,73.67,83.64505681174643,74.05257,98.03378842218831,-9.975056811746427
2025-06-29 13:00:00,70.03,76.83123774256094,67.192154,91.28986346040628,-6.801237742560943
2025-06-29 14:00:00,72.8,82.79927945958505,80.29143,86.56105341580832,-9.999279459585054
2025-06-29 15:00:00,83.77,88.33543795564401,88.31679,88.36340949482292,-4.565437955644015
2025-06-29 16:00:00,85.93,91.43518779321056,88.1647,96.3409125219668,-5.505187793210553
2025-06-29 17:00:00,100.3,108.79942611306919,106.02601,112.95954474434288,-8.499426113069191
2025-06-29 18:00:00,117.8,116.18509904317614,112.91146,121.09554866384853,1.6149009568238597
2025-06-29 19:00:00,118.72,118.97864646672403,118.18736,120.16556071637059,-0.2586464667240307
2025-06-29 20:00:00,116.33,114.20045327145579,115.16422,112.7547991027117,2.129546728544213
2025-06-29 21:00:00,98.66,100.2631802867618,100.51802,99.880915957383,-1.6031802867617984
2025-06-29 22:00:00,98.1,87.80205177571929,86.341095,89.99347744650038,10.297948224280702
2025-06-29 23:00:00,89.34,82.67207278295984,81.19511,84.88751266113496,6.667927217040159
2025-06-30 00:00:00,86.52,78.82561348113728,76.75667,81.92903156661274,7.694386518862714
2025-06-30 01:00:00,82.65,75.44437051227672,72.359375,80.07185996599455,7.205629487723286
2025-06-30 02:00:00,81.4,71.90454827763918,67.22028,78.93093970960086,9.495451722360826
2025-06-30 03:00:00,82.12,72.28521665774062,66.35521,81.18022761847263,9.834783342259385
2025-06-30 04:00:00,94.67,79.76835827852888,76.11786,85.24410736624407,14.901641721471123
2025-06-30 05:00:00,115.48,88.53923225995638,86.32699,91.85759069017416,26.940767740043626
2025-06-30 06:00:00,111.13,92.0785949562855,89.92332,95.3115100500155,19.051405043714496
2025-06-30 07:00:00,96.28,95.93416017049128,95.649956,96.3604591725661,0.3458398295087193
2025-06-30 08:00:00,78.73,92.81353850888048,92.980545,92.5630210768887,-14.08353850888048
2025-06-30 09:00:00,76.73,88.05350453346361,89.460014,85.94373600406917,-11.323504533463606
2025-06-30 10:00:00,64.29,74.7091549523911,72.24291,78.40851512755978,-10.419154952391096
2025-06-30 11:00:00,57.3,67.36222013331474,63.69595,72.86162218692454,-10.062220133314739
2025-06-30 12:00:00,52.98,64.19455043050723,60.824158,69.25013759665384,-11.214550430507238
2025-06-30 13:00:00,52.81,65.69103075734157,59.83166,74.48008124210881,-12.881030757341563
2025-06-30 14:00:00,72.41,66.53181529208277,62.48449,72.60279834678406,5.878184707917228
2025-06-30 15:00:00,83.84,77.44764917154154,74.84551,81.35084671425423,6.392350828458461
2025-06-30 16:00:00,101.76,89.84818525932911,86.59622,94.72612072583743,11.911814740670891
2025-06-30 17:00:00,130.86,105.73469313902234,104.859985,107.04675100551482,25.125306860977673
2025-06-30 18:00:00,138.8,116.18852722985025,116.1644,116.22472078458657,22.61147277014976
2025-06-30 19:00:00,136.41,115.04420463613945,115.462776,114.41633205543653,21.365795363860542
2025-06-30 20:00:00,133.05,111.16267570458707,112.467896,109.20483074095986,21.887324295412938
2025-06-30 21:00:00,113.93,98.16111400380358,97.88005,98.58270711339077,15.768885996196431
2025-06-30 22:00:00,99.74,97.51029213852289,99.63891,94.31736013756696,2.2297078614771095
2025-06-30 23:00:00,88.03,90.9075509084501,90.80117,91.06711411804906,-2.877550908450104
2025-07-01 00:00:00,86.11,88.66644759048827,88.08979,89.53142392312009,-2.5564475904882755
2025-07-01 01:00:00,83.87,87.13712502461718,86.312004,88.37480070546383,-3.2671250246171724
2025-07-01 02:00:00,85.3,87.63594377005502,86.757225,88.95401805550864,-2.3359437700550245
2025-07-01 03:00:00,90.49,88.6214172431273,86.8668,91.2533359697567,1.8685827568726978
2025-07-01 04:00:00,102.44,97.71860073075541,96.600716,99.39542646372934,4.721399269244586
2025-07-01 05:00:00,117.71,111.24134704410051,112.465004,109.40585784462625,6.468652955899486
2025-07-01 06:00:00,116.33,113.07669014588365,114.89371,110.35116063692593,3.2533098541163525
2025-07-01 07:00:00,104.51,105.63373806024975,106.33769,104.57780485216247,-1.1237380602497495
2025-07-01 08:00:00,90.22,95.96602736619698,95.27897,96.99660566219657,-5.746027366196984
2025-07-01 09:00:00,83.55,95.04050593842067,95.917305,93.7253035423407,-11.490505938420668
2025-07-01 10:00:00,81.57,93.43407053863814,94.297455,92.13898646622425,-11.864070538638146
2025-07-01 11:00:00,79.39,90.84975287739456,92.462,88.43138330737801,-11.459752877394564
2025-07-01 12:00:00,78.69,90.41861249833622,91.347404,89.02541880382392,-11.728612498336219
2025-07-01 13:00:00,81.41,90.12604857207563,91.87192,87.50723721388047,-8.716048572075636
2025-07-01 14:00:00,93.98,90.04053961881425,89.72007,90.5212423118061,3.9394603811857536
2025-07-01 15:00:00,100.92,94.23141329524044,94.83354,93.32821471087942,6.688586704759558
2025-07-01 16:00:00,132.41,105.07915939822846,106.184586,103.42101250924303,27.33084060177154
2025-07-01 17:00:00,176.29,127.90702500436248,130.45294,124.08814585441203,48.38297499563751
2025-07-01 18:00:00,207.69,132.3307733943698,134.35278,129.29775486653972,75.3592266056302
2025-07-01 19:00:00,195.57,128.75485942559035,130.80696,125.67670697462043,66.81514057440964
2025-07-01 20:00:00,171.53,123.15525552190232,127.63026,116.4427500108105,48.37474447809768
2025-07-01 21:00:00,136.4,108.38151196060998,111.68334,103.42875548746245,28.01848803939002
2025-07-01 22:00:00,114.03,101.5509118899982,104.903244,96.5224098824662,12.479088110001797
2025-07-01 23:00:00,97.5,96.11628862638682,98.675095,92.27807393718288,1.3837113736131812
2025-07-02 00:00:00,91.84,92.55389421004705,94.22716,90.04399341391155,-0.7138942100470445
2025-07-02 01:00:00,86.32,89.98588017054206,91.26249,88.07096072603778,-3.665880170542067
2025-07-02 02:00:00,83.36,90.61109149239141,91.613144,89.10800903493359,-7.25109149239141
2025-07-02 03:00:00,87.25,92.89387018377917,92.51387,93.46386628586393,-5.643870183779171
2025-07-02 04:00:00,97.02,103.11976682139235,103.719894,102.21957353236272,-6.09976682139235
2025-07-02 05:00:00,110.76,118.13537100905906,119.47032,116.13293359564568,-7.375371009059052
2025-07-02 06:00:00,111.49,123.09037217572308,123.24389,122.86009334213973,-11.60037217572308
2025-07-02 07:00:00,99.13,120.55380787191493,119.6046,121.97760973716034,-21.42380787191493
2025-07-02 08:00:00,91.27,115.24394894763856,114.04428,117.04343560151828,-23.97394894763856
2025-07-02 09:00:00,89.75,107.5785419817278,106.91653,108.57156094797185,-17.828541981727795
2025-07-02 10:00:00,86.18,98.47624233808438,96.97714,100.72488852953711,-12.296242338084369
2025-07-02 11:00:00,80.85,94.3736956707576,94.42304,94.29967000880316,-13.523695670757604
2025-07-02 12:00:00,73.0,86.84189465626613,83.864395,91.30814202091437,-13.841894656266135
2025-07-02 13:00:00,70.67,82.9881188212054,83.58847,82.08758754983967,-12.318118821205402
2025-07-02 14:00:00,83.16,78.19327432309893,74.222176,84.14992050318187,4.9667256769010635
2025-07-02 15:00:00,86.9,80.87956118300477,79.33489,83.19656073339084,6.020438816995238
2025-07-02 16:00:00,107.72,101.17186215086929,106.12205,93.74658233334998,6.548137849130711
2025-07-02 17:00:00,135.34,123.0076678988357,125.43564,119.36571210548769,12.332332101164297
2025-07-02 18:00:00,149.3,133.14363831445556,128.64847,139.88637850098263,16.156361685544454
2025-07-02 19:00:00,149.79,132.3184753533647,129.33015,136.8009414962047,17.471524646635288
2025-07-02 20:00:00,138.17,122.35233701770147,121.63004,123.43577418487867,15.817662982298515
2025-07-02 21:00:00,113.34,108.15406809074807,108.19958,108.08580422955569,5.185931909251934
2025-07-02 22:00:00,99.36,97.72934994532275,97.34035,98.31285202089964,1.6306500546772469
2025-07-02 23:00:00,87.02,92.16749650907298,91.93333,92.51874165415217,-5.14749650907298
2025-07-03 00:00:00,84.65,89.24365197350326,90.37018,87.55385306303063,-4.593651973503256
2025-07-03 01:00:00,79.81,84.07673593448183,83.589005,84.80832924660496,-4.266735934481829
2025-07-03 02:00:00,79.94,83.23578533927702,82.19525,84.79657852153235,-3.2957853392770176
2025-07-03 03:00:00,83.23,85.03904533028339,83.47071,87.3915433794194,-1.8090453302833822
2025-07-03 04:00:00,98.18,94.5201585535541,93.47116,96.0936493288315,3.6598414464459097
2025-07-03 05:00:00,113.74,109.07113130747206,110.51559,106.90443654504732,4.668868692527937
2025-07-03 06:00:00,107.77,114.03490494763437,115.03636,112.53271219818747,-6.264904947634378
2025-07-03 07:00:00,94.83,106.43865137364361,105.789696,107.41207910244395,-11.60865137364361
2025-07-03 08:00:00,88.37,97.46043342665837,98.18159,96.37869701574257,-9.090433426658365
2025-07-03 09:00:00,77.4,90.01813419521378,91.585106,87.66767282934302,-12.61813419521377
2025-07-03 10:00:00,65.76,79.07775234775796,79.316666,78.71938048792518,-13.31775234775796
2025-07-03 11:00:00,57.82,74.90620717092685,75.717545,73.68920109382103,-17.086207170926848
2025-07-03 12:00:00,51.76,71.96452690112908,71.81923,72.18247356385785,-20.20452690112908
2025-07-03 13:00:00,48.31,68.90298808969735,68.967125,68.80678090844745,-20.592988089697343
2025-07-03 14:00:00,57.49,70.15930243046547,67.36393,74.35236145336094,-12.669302430465471
2025-07-03 15:00:00,77.43,77.69493863002847,75.74117,80.62558166723429,-0.2649386300284675
2025-07-03 16:00:00,96.76,95.8578895758113,93.9104,98.77912144624213,0.9021104241887059
2025-07-03 17:00:00,107.5,117.28236335921252,116.8808,117.88471088826567,-9.782363359212525
2025-07-03 18:00:00,116.14,124.66068651470155,123.69369,126.11117368421483,-8.520686514701552
2025-07-03 19:00:00,117.05,124.31402931475603,124.55011,123.95989323317912,-7.26402931475603
2025-07-03 20:00:00,117.59,117.44165173923486,119.74683,113.98386338739377,0.14834826076514673
2025-07-03 21:00:00,104.69,98.49599207893812,97.40554,100.13166759053374,6.194007921061882
2025-07-03 22:00:00,96.82,90.26614304870283,89.60984,91.25058940276293,6.553856951297163
2025-07-03 23:00:00,89.89,79.87366196252566,78.282776,82.25999108795475,10.016338037474341
2025-07-04 00:00:00,87.41,72.00370022826817,69.96827,75.05683891905909,15.406299771731824
2025-07-04 01:00:00,83.12,71.5192823974227,68.87863,75.48025860586145,11.600717602577305
2025-07-04 02:00:00,80.24,73.95930362114436,71.23432,78.04677666150349,6.280696378855637
2025-07-04 03:00:00,82.7,76.05152952136174,71.187225,83.34798006866313,6.648470478638259
2025-07-04 04:00:00,87.4,90.0799358644447,88.38004,92.62977320908539,-2.679935864444701
2025-07-04 05:00:00,100.61,101.85911448770476,103.69381,99.10706241860271,-1.2491144877047589
2025-07-04 06:00:00,100.27,101.32519584123438,103.41825,98.18560732464354,-1.0551958412343794
2025-07-04 07:00:00,87.01,89.69790543383132,90.338936,88.73635026975896,-2.687905433831318
2025-07-04 08:00:00,66.91,64.4151486998704,60.810707,69.82180348185375,2.4948513001295964
2025-07-04 09:00:00,38.19,56.10210054941693,56.052666,56.17625280786851,-17.912100549416934
2025-07-04 10:00:00,21.3,42.519956507687425,42.793922,42.10900286437237,-21.219956507687424
2025-07-04 11:00:00,10.11,35.29150632649542,36.452496,33.55002054646317,-25.181506326495423
2025-07-04 12:00:00,7.02,30.21857325887071,30.00853,30.5336348378506,-23.19857325887071
2025-07-04 13:00:00,7.23,26.06732818823059,26.892023,24.830285840754698,-18.83732818823059
2025-07-04 14:00:00,17.43,32.143330107569724,35.10853,27.69553306311377,-14.713330107569725
2025-07-04 15:00:00,46.68,47.65687169780993,51.997025,41.14664053297699,-0.9768716978099334
2025-07-04 16:00:00,78.18,60.35201210285642,62.002262,57.876633269226005,17.827987897143586
2025-07-04 17:00:00,94.21,75.90203545300035,70.531525,83.95779783049892,18.307964546999642
2025-07-04 18:00:00,102.46,90.37630615880101,85.25163,98.06331063931208,12.08369384119898
2025-07-04 19:00:00,102.11,96.28546502233797,92.66576,101.71502058807147,5.824534977662026
2025-07-04 20:00:00,101.89,92.55914392684464,90.15451,96.16608834799538,9.33085607315536
2025-07-04 21:00:00,85.99,68.69020383492986,59.317352,82.74947923759319,17.299796165070134
2025-07-04 22:00:00,72.73,45.6653781833852,34.212357,62.84490965371447,27.064621816614803
2025-07-04 23:00:00,58.41,26.883837278461296,15.673765,43.698943991899085,31.5261627215387
2025-07-05 00:00:00,43.73,21.026727924144655,13.920881,31.685495995969546,22.70327207585534
2025-07-05 01:00:00,35.22,15.495743847702512,10.484241,23.01299834453704,19.724256152297485
2025-07-05 02:00:00,32.85,10.800190512777386,6.6848655,16.973177354636334,22.049809487222618
2025-07-05 03:00:00,30.46,9.678433234419355,6.340466,14.685383575474049,20.781566765580646
2025-07-05 04:00:00,28.27,9.630246604107379,6.1946726,14.783607037421461,18.63975339589262
2025-07-05 05:00:00,35.93,14.175676355940208,12.751547,16.31186964656439,21.75432364405979
2025-07-05 06:00:00,25.8,11.138298178171135,10.0078335,12.833994985756817,14.661701821828865
2025-07-05 07:00:00,5.98,6.1875245849104665,4.074048,9.35773916041154,-0.2075245849104661
2025-07-05 08:00:00,1.98,4.274488510618812,0.096044324,10.542154782588796,-2.294488510618812
2025-07-05 09:00:00,1.15,-0.14674864998588644,-1.6999935,2.183118790608404,1.2967486499858865
2025-07-05 10:00:00,1.8,3.851678292134568,-0.42874178,10.272308464296572,-2.051678292134568
2025-07-05 11:00:00,0.41,1.8493476839508278,-2.7212014,8.705171578041131,-1.439347683950828
2025-07-05 12:00:00,0.0,6.918802058746849,1.1709614,15.540562957650508,-6.918802058746849
2025-07-05 13:00:00,-0.42,-0.7726711602535143,-13.175335,17.83132568708899,0.35267116025351436
2025-07-05 14:00:00,0.72,-6.6222630425269475,-17.259365,9.333390970037613,7.342263042526947
2025-07-05 15:00:00,9.9,6.3521743519972915,0.8803484,14.559913303422718,3.547825648002709
2025-07-05 16:00:00,57.51,29.564887310042387,25.590704,35.526161851918715,27.94511268995761
2025-07-05 17:00:00,89.6,56.66505519400366,52.252144,63.28441838051697,32.93494480599633
2025-07-05 18:00:00,100.66,78.29708765856884,75.309616,82.7782892910754,22.362912341431155
2025-07-05 19:00:00,105.97,91.15493611299753,90.70588,91.82851383596062,14.815063887002466
2025-07-05 20:00:00,107.23,95.46383588826151,98.54076,90.84845347492623,11.76616411173849
2025-07-05 21:00:00,101.63,88.01172727178671,90.29772,84.58273157058005,13.618272728213284
2025-07-05 22:00:00,92.01,76.11811389674725,76.305305,75.83732461308395,15.891886103252759
2025-07-05 23:00:00,84.32,64.13447245462831,63.214687,65.51414630075533,20.185527545371684
2025-07-06 00:00:00,79.87,66.5302259956994,67.1109,65.6592136708891,13.339774004300608
2025-07-06 01:00:00,75.81,67.41930234579296,67.025505,68.00999254355955,8.390697654207045
2025-07-06 02:00:00,72.3,74.0685933430062,74.78809,72.98934300717372,-1.7685933430062022
2025-07-06 03:00:00,73.01,72.5573102177323,72.92151,72.01100854603973,0.4526897822677114
2025-07-06 04:00:00,75.29,78.3480714432819,78.8561,77.58601990153971,-3.0580714432818894
2025-07-06 05:00:00,72.19,77.49525887947061,75.69198,80.2001776094431,-5.305258879470614
2025-07-06 06:00:00,64.23,78.86302777815571,75.22853,84.31477121235704,-14.633027778155707
2025-07-06 07:00:00,71.4,85.57598097426089,81.763214,91.29512745396278,-14.17598097426088
2025-07-06 08:00:00,89.69,92.85790370386043,89.77624,97.48039539856708,-3.167903703860432
2025-07-06 09:00:00,93.57,92.08235548129409,87.70411,98.64972110069615,1.4876445187059062
2025-07-06 10:00:00,90.74,89.00781327548697,84.99007,95.03442958153965,1.7321867245130278
2025-07-06 11:00:00,84.41,88.31408408165734,85.51932,92.50622994901639,-3.904084081657345
2025-07-06 12:00:00,69.37,80.74117044187486,76.68281,86.8287123137936,-11.371170441874852
2025-07-06 13:00:00,60.67,70.70802174458773,66.25494,77.38764431203083,-10.038021744587724
2025-07-06 14:00:00,63.36,73.53786624159808,71.61329,76.4247265628575,-10.177866241598082
2025-07-06 15:00:00,84.77,76.1163567193715,75.169106,77.537233503751,8.6536432806285
2025-07-06 16:00:00,89.67,87.98070940186045,86.28895,90.51834187928489,1.68929059813955
2025-07-06 17:00:00,100.36,99.80847341622035,96.05245,105.44249968740148,0.5515265837796477
2025-07-06 18:00:00,109.66,107.41806984873776,104.32749,112.05393316676629,2.2419301512622383
2025-07-06 19:00:00,110.09,107.13845396644359,105.640434,109.38547970370661,2.9515460335564114
2025-07-06 20:00:00,111.06,101.28054423310226,100.61616,102.27711665575367,9.77945576689774
2025-07-06 21:00:00,96.23,89.66001960310274,88.28952,91.71576670490037,6.5699803968972645
2025-07-06 22:00:00,107.14,84.14759196266007,83.05705,85.78339908084453,22.992408037339928
2025-07-06 23:00:00,92.95,73.66673128652634,71.53721,76.86101538062249,19.28326871347366
2025-07-07 00:00:00,88.35,61.39902949585935,58.264126,66.1013811889892,26.950970504140642
2025-07-07 01:00:00,81.48,59.20490045252424,56.054707,63.9301912710811,22.27509954747576
2025-07-07 02:00:00,69.06,54.184870389364164,51.068226,58.85983622884254,14.875129610635838
2025-07-07 03:00:00,64.92,54.58576994285549,50.984493,59.98768402004157,10.33423005714451
2025-07-07 04:00:00,59.7,60.74871660579848,58.948025,63.449750575165126,-1.0487166057984751
2025-07-07 05:00:00,85.57,76.29558906718736,78.94624,72.31960201672328,9.274410932812629
2025-07-07 06:00:00,100.41,83.10504406231588,83.64347,82.29739828750357,17.304955937684113
2025-07-07 07:00:00,101.12,77.25596865662177,73.89655,82.29509017487965,23.86403134337823
2025-07-07 08:00:00,87.57,70.21575020170913,65.47626,77.32498761059605,17.354249798290866
2025-07-07 09:00:00,66.35,56.002313686207145,51.717648,62.42930907208523,10.347686313792849
2025-07-07 10:00:00,46.82,48.175125420595194,50.777573,44.271450789036805,-1.3551254205951935
2025-07-07 11:00:00,31.69,34.31434144704224,34.320496,34.30510734837952,-2.6243414470422373
2025-07-07 12:00:00,20.44,32.89345380610441,34.199837,30.933876557802535,-12.45345380610441
2025-07-07 13:00:00,19.12,32.872729572601244,33.008488,32.669089518356145,-13.752729572601243
2025-07-07 14:00:00,19.35,31.719413962206694,33.600758,28.897395646178353,-12.369413962206693
2025-07-07 15:00:00,58.31,48.037249411612564,51.298195,43.145830247476226,10.272750588387439
2025-07-07 16:00:00,84.06,73.89088283870544,79.62299,65.29271689290618,10.169117161294565
2025-07-07 17:00:00,95.94,95.1260175596035,95.381744,94.74241969246577,0.8139824403965008
2025-07-07 18:00:00,105.68,114.25704380800732,113.11768,115.96607677465695,-8.577043808007318
2025-07-07 19:00:00,108.56,117.67564633878507,115.84819,120.41681894144509,-9.11564633878507
2025-07-07 20:00:00,108.17,117.00517402029263,117.894745,115.67081774116126,-8.835174020292627
2025-07-07 21:00:00,90.48,101.29359734288778,99.313644,104.26352292875265,-10.813597342887775
2025-07-07 22:00:00,92.87,93.58995242994628,91.68346,96.4496945361694,-0.7199524299462752
2025-07-07 23:00:00,81.94,72.92986829003985,68.802414,79.12104981445509,9.010131709960149
2025-07-08 00:00:00,71.95,75.11145602036795,71.53915,80.46991850856148,-3.1614560203679503
2025-07-08 01:00:00,65.99,70.50782352225303,66.785484,76.09132661263942,-4.517823522253039
2025-07-08 02:00:00,65.66,64.23564660025286,59.723866,71.00331632973374,1.4243533997471332
2025-07-08 03:00:00,66.14,70.48422333400455,67.34961,75.1861404578141,-4.344223334004553
2025-07-08 04:00:00,76.56,81.5933109152567,81.6115,81.56601807183316,-5.033310915256692
2025-07-08 05:00:00,105.06,94.88388383756967,96.79467,92.01769680705894,10.176116162430333
2025-07-08 06:00:00,107.91,100.28944320022728,100.895836,99.37985227852232,7.620556799772714
2025-07-08 07:00:00,100.01,96.0065039746533,97.63531,93.5632894318725,4.003496025346706
2025-07-08 08:00:00,87.82,84.47611018586345,88.05461,79.10835674822795,3.3438898141365456
2025-07-08 09:00:00,73.5,71.73411297360627,73.550835,69.0090304503731,1.7658870263937274
2025-07-08 10:00:00,64.92,62.29125188938364,62.231655,62.38064704218468,2.628748110616364
2025-07-08 11:00:00,64.85,65.597066384191,67.994774,62.000497533963824,-0.747066384191001
2025-07-08 12:00:00,65.0,61.05236534717225,58.44454,64.964106193248,3.9476346528277517
2025-07-08 13:00:00,66.09,61.39712920141964,57.838356,66.73528706910085,4.6928707985803655
2025-07-08 14:00:00,73.57,66.75300708621928,63.75959,71.24312677011363,6.816992913780709
2025-07-08 15:00:00,86.53,84.23573269277409,88.08874,78.45621977819988,2.2942673072259083
2025-07-08 16:00:00,94.02,105.69600525109873,108.28278,101.8158302359011,-11.67600525109873
2025-07-08 17:00:00,103.37,126.19220646978866,125.98417,126.50424740616111,-22.822206469788654
2025-07-08 18:00:00,118.56,149.48440931141582,150.89093,147.37462038547312,-30.924409311415815
2025-07-08 19:00:00,124.14,146.50933723457806,147.2862,145.34404468556625,-22.369337234578055
2025-07-08 20:00:00,118.64,129.03903351228172,127.348404,131.57497788470823,-10.399033512281719
2025-07-08 21:00:00,102.65,109.03455201355749,106.160965,113.34492304842009,-6.384552013557482
2025-07-08 22:00:00,98.33,103.28070585811221,102.6067,104.29170948475809,-4.950705858112215
2025-07-08 23:00:00,88.84,94.28539046210645,92.90569,96.35492703722414,-5.445390462106445
2025-07-09 00:00:00,84.42,91.89843204212744,91.56884,92.39281243564085,-7.478432042127437
2025-07-09 01:00:00,84.48,89.90147412012811,89.314644,90.78171760317673,-5.42147412012811
2025-07-09 02:00:00,83.45,90.01615615980174,89.30496,91.08293762545648,-6.566156159801736
2025-07-09 03:00:00,84.29,92.27805034777577,90.62606,94.75603323333101,-7.9880503477757685
2025-07-09 04:00:00,89.17,98.25421849770254,96.53519,100.832756556146,-9.084218497702537
2025-07-09 05:00:00,113.14,111.26115461048052,112.54396,109.33693041047863,1.8788453895194834
2025-07-09 06:00:00,117.54,114.11228206163176,113.4295,115.1364523769798,3.4277179383682466
2025-07-09 07:00:00,106.38,110.52874213136593,108.80146,113.11966492924492,-4.148742131365935
2025-07-09 08:00:00,93.15,102.72174520227736,99.96447,106.85765432649417,-9.571745202277356
2025-07-09 09:00:00,88.73,95.9698046039579,92.89718,100.57874162769261,-7.239804603957893
2025-07-09 10:00:00,86.91,94.34852553807767,94.430885,94.2249763360389,-7.43852553807767
2025-07-09 11:00:00,82.84,88.47035280577775,87.54452,89.85909620206644,-5.630352805777747
2025-07-09 12:00:00,81.71,80.79457992977456,78.164635,84.7394977675516,0.9154200702254371
2025-07-09 13:00:00,81.42,80.71501742271252,79.39906,82.68894698390534,0.7049825772874811
2025-07-09 14:00:00,81.33,83.2197441123501,82.18845,84.76667023265748,-1.889744112350101
2025-07-09 15:00:00,87.7,88.78890602288263,87.94759,90.05086880171339,-1.0889060228826253
2025-07-09 16:00:00,98.73,102.27694309780816,101.959526,102.75306674415418,-3.5469430978081533
2025-07-09 17:00:00,111.7,119.02750951733066,119.23189,118.72092680846337,-7.327509517330654
2025-07-09 18:00:00,128.75,131.37639890872117,131.38103,131.3694449951916,-2.626398908721171
2025-07-09 19:00:00,127.62,130.3697086880872,129.98753,130.94296373681954,-2.749708688087196
2025-07-09 20:00:00,122.61,122.74694551265934,124.34556,120.34901890249795,-0.13694551265933796
2025-07-09 21:00:00,104.75,106.31003830486372,107.31575,104.80147057905384,-1.560038304863724
2025-07-09 22:00:00,99.66,98.44251950243617,99.24037,97.24573929258946,1.2174804975638267
2025-07-09 23:00:00,93.01,92.68438252218347,93.00457,92.20409175772917,0.32561747781653594
2025-07-10 00:00:00,88.59,88.84375952238237,88.581924,89.23650261149791,-0.2537595223823672
2025-07-10 01:00:00,85.19,87.90309655028649,88.17195,87.49981252744962,-2.713096550286494
2025-07-10 02:00:00,84.13,86.34761387612396,85.778015,87.20200435583723,-2.2176138761239628
2025-07-10 03:00:00,82.85,88.06952372692848,86.3355,90.67054965850772,-5.219523726928486
2025-07-10 04:00:00,88.6,97.52218025691496,96.959305,98.36648389118875,-8.92218025691497
2025-07-10 05:00:00,111.29,112.84231435542242,114.24751,110.7345166624818,-1.5523143554224106
2025-07-10 06:00:00,112.52,117.26482994189905,118.77055,115.00623302735505,-4.744829941899056
2025-07-10 07:00:00,102.03,108.76618937522076,109.21299,108.09598872735856,-6.736189375220761
2025-07-10 08:00:00,90.97,96.69172029002647,96.20738,97.41822551449488,-5.721720290026468
2025-07-10 09:00:00,84.43,89.24658349663079,88.98079,89.64526542797833,-4.816583496630784
2025-07-10 10:00:00,81.09,84.0387929939478,84.38406,83.52088308911752,-2.948792993947791
2025-07-10 11:00:00,80.29,80.62183358730525,77.84936,84.78053993139787,-0.3318335873052405
2025-07-10 12:00:00,80.12,78.36069335232173,76.035126,81.84903715277699,1.7593066476782724
2025-07-10 13:00:00,80.15,75.52710659303938,69.03216,85.26952582097735,4.622893406960628
2025-07-10 14:00:00,80.44,81.09778083997307,78.80892,84.53106556428813,-0.6577808399730714
2025-07-10 15:00:00,94.28,88.87942688665301,87.57938,90.82950097822919,5.400573113346994
2025-07-10 16:00:00,98.14,103.54371756808878,102.40266,105.25530145806374,-5.40371756808878
2025-07-10 17:00:00,113.25,117.24932271315313,116.04143,119.06115010563673,-3.999322713153134
2025-07-10 18:00:00,133.38,126.61103283918749,126.0,127.52756683917966,6.768967160812508
2025-07-10 19:00:00,133.02,124.57386690119455,123.327484,126.4434410566973,8.446133098805461
2025-07-10 20:00:00,128.05,119.37970530672249,120.16409,118.20311992574177,8.670294693277526
2025-07-10 21:00:00,107.48,103.65260397546083,102.92212,104.74832741301731,3.827396024539169
2025-07-10 22:00:00,103.09,100.24243431318666,101.51073,98.33999348255162,2.84756568681334
2025-07-10 23:00:00,97.34,95.63110453471026,96.690735,94.04165522715653,1.7088954652897428
2025-07-11 00:00:00,92.77,91.72070970433921,92.2513,90.92482304319668,1.0492902956607821
2025-07-11 01:00:00,89.2,88.22153766174304,87.962715,88.60976952362029,0.9784623382569606
2025-07-11 02:00:00,87.63,87.62367460920441,87.15022,88.33385044818195,0.006325390795581143
2025-07-11 03:00:00,89.67,88.788690133134,87.10343,91.31657015095024,0.8813098668660047
2025-07-11 04:00:00,94.4,96.11567231425076,94.558075,98.45206072947454,-1.715672314250753
2025-07-11 05:00:00,109.82,112.61561666708693,114.85046,109.26334586693608,-2.7956166670869322
2025-07-11 06:00:00,113.5,116.18098890734191,118.445724,112.78388172270049,-2.680988907341913
2025-07-11 07:00:00,100.72,106.06733700927812,105.77949,106.49910920105174,-5.347337009278121
2025-07-11 08:00:00,94.83,97.68194019523563,97.85089,97.42850809612128,-2.8519401952356276
2025-07-11 09:00:00,92.01,89.96542529612992,88.279495,92.49431084469492,2.044574703870083
2025-07-11 10:00:00,89.88,86.10500019251268,80.57936,94.39345522371332,3.774999807487319
2025-07-11 11:00:00,84.93,80.91671554931025,71.130165,95.59653740843189,4.013284450689753
2025-07-11 12:00:00,79.87,77.19656992081502,63.340057,97.98133492776995,2.673430079184982
2025-07-11 13:00:00,78.3,77.1778638909321,64.860954,95.6532283003283,1.1221361090678954
2025-07-11 14:00:00,79.3,82.45108090052261,75.85386,92.34690810762979,-3.151080900522615
2025-07-11 15:00:00,87.4,96.14451419317317,95.76548,96.71306160597979,-8.74451419317316
2025-07-11 16:00:00,96.14,104.22641330591495,103.27707,105.65042390504617,-8.086413305914945
2025-07-11 17:00:00,106.22,118.61507354305255,119.21274,117.71856154317823,-12.395073543052547
2025-07-11 18:00:00,124.09,128.8616574649309,130.45377,126.47348722922175,-4.7716574649308825
2025-07-11 19:00:00,123.66,124.68432159413098,125.883995,122.88479614230985,-1.0243215941309813
2025-07-11 20:00:00,114.58,118.8575995519156,120.76274,115.99987580239643,-4.2775995519156
2025-07-11 21:00:00,102.03,102.90686442437618,102.54371,103.4515959516875,-0.8768644243761798
2025-07-11 22:00:00,102.79,99.2626663539501,100.926254,96.76727684678931,3.527333646049911
2025-07-11 23:00:00,97.83,95.37599675559599,97.03642,92.88535398005445,2.4540032444040065
2025-07-12 00:00:00,93.55,95.21300340007157,96.61872,93.10442508037912,-1.6630034000715739
2025-07-12 01:00:00,90.3,90.47529285941775,90.61112,90.27154132212834,-0.17529285941775186
2025-07-12 02:00:00,92.61,88.8005365217515,89.47087,87.79502721746468,3.809463478248503
2025-07-12 03:00:00,90.68,86.33879985995846,86.728424,85.75435972680043,4.3412001400415505
2025-07-12 04:00:00,86.62,86.81692110009519,87.51308,85.7726856695495,-0.1969211000951816
2025-07-12 05:00:00,87.62,91.46653928708258,93.99544,87.6731822478578,-3.846539287082578
2025-07-12 06:00:00,94.72,92.62135271361831,94.3969,89.95802770384554,2.0986472863816914
2025-07-12 07:00:00,93.9,94.23938664928787,95.31534,92.62545369902531,-0.3393866492878601
2025-07-12 08:00:00,88.37,91.62125859948375,89.16383,95.3073903494174,-3.251258599483748
2025-07-12 09:00:00,94.49,81.68990484732501,73.04938,94.65069214150589,12.800095152674984
2025-07-12 10:00:00,87.41,72.26094372389497,57.722527,94.06856376225204,15.149056276105028
2025-07-12 11:00:00,78.63,64.5412150146503,45.00373,93.84743946838844,14.08878498534969
2025-07-12 12:00:00,71.18,63.445037299310926,43.30789,93.6507545260483,7.734962700689081
2025-07-12 13:00:00,69.13,61.82716884752972,41.620056,92.13783598296004,7.302831152470276
2025-07-12 14:00:00,70.94,63.322537130532375,45.749187,89.68255685373572,7.617462869467623
2025-07-12 15:00:00,80.11,73.81534327427082,60.88703,93.20781085291335,6.294656725729183
2025-07-12 16:00:00,92.69,94.46920847393636,91.80745,98.46183954421588,-1.7792084739363645
2025-07-12 17:00:00,100.13,107.27307134391603,107.26834,107.28015913371583,-7.143071343916034
2025-07-12 18:00:00,114.31,114.70686240370622,117.62837,110.3245900912968,-0.3968624037062227
2025-07-12 19:00:00,116.11,115.1503003830318,119.012566,109.35690253839006,0.9596996169681944
2025-07-12 20:00:00,113.39,111.46094363308379,114.144745,107.43524177313917,1.929056366916214
2025-07-12 21:00:00,101.65,102.07161121186846,100.93056,103.78318261646315,-0.4216112118684521
2025-07-12 22:00:00,100.0,100.46671630850156,99.978065,101.19968299842674,-0.4667163085015602
2025-07-12 23:00:00,97.92,96.07534248168312,95.22318,97.35357837217657,1.844657518316879
2025-07-13 00:00:00,97.17,95.77973127770186,96.2956,95.00592113553881,1.3902687222981456
2025-07-13 01:00:00,96.03,92.12733896089966,91.590576,92.93247360769348,3.9026610391003373
2025-07-13 02:00:00,94.99,89.0711204880107,88.05252,90.59901055535389,5.918879511989289
2025-07-13 03:00:00,93.58,88.7213554647914,88.099396,89.6542931267002,4.858644535208597
2025-07-13 04:00:00,89.6,88.76095501464556,87.062645,91.30841056212657,0.839044985354434
2025-07-13 05:00:00,87.86,89.79606480422783,88.16887,92.23684894599438,-1.9360648042278257
2025-07-13 06:00:00,90.26,93.0649199012827,92.42942,94.01816713907104,-2.8049199012827017
2025-07-13 07:00:00,83.17,92.92647175821537,90.83897,96.0577203043519,-9.756471758215369
2025-07-13 08:00:00,83.49,93.71274899906675,91.38378,97.20619081126549,-10.222748999066752
2025-07-13 09:00:00,82.62,81.870599121436,76.104485,90.5197652443859,0.7494008785640034
2025-07-13 10:00:00,83.74,78.19841532788877,72.47118,86.78925883974142,5.541584672111227
2025-07-13 11:00:00,87.17,75.90018257663661,72.11997,81.57049619073703,11.269817423363392
2025-07-13 12:00:00,86.18,69.84025912104218,60.57664,83.7356842711113,16.339740878957826
2025-07-13 13:00:00,88.28,67.6527228532448,58.72544,81.04363803521161,20.627277146755205
2025-07-13 14:00:00,86.03,71.6200626942064,66.53388,79.24933161649744,14.409937305793605
2025-07-13 15:00:00,89.04,91.26770902694045,92.7349,89.06691851766848,-2.2277090269404454
2025-07-13 16:00:00,98.27,102.61917441223608,102.03278,103.49875313874449,-4.349174412236081
2025-07-13 17:00:00,115.12,110.80553324437923,107.78022,115.34349161924885,4.314466755620771
2025-07-13 18:00:00,123.68,120.8787421951571,120.855965,120.91290468222869,2.801257804842905
2025-07-13 19:00:00,125.17,120.3641466045244,120.76006,119.77026793953364,4.805853395475609
2025-07-13 20:00:00,125.07,115.49019982744707,115.52465,115.43850844923288,9.579800172552922
2025-07-13 21:00:00,112.73,102.54939668317978,99.84292,106.60910648456077,10.180603316820225
2025-07-13 22:00:00,101.69,100.10448466112629,96.99953,104.76191546446123,1.585515338873705
2025-07-13 23:00:00,96.35,95.19380935866019,92.052864,99.90522346989263,1.1561906413398049
2025-07-14 00:00:00,90.86,88.54165593541109,85.968315,92.4016652444115,2.3183440645889135
2025-07-14 01:00:00,86.8,84.49623963551124,81.187874,89.45878260623417,2.3037603644887525
2025-07-14 02:00:00,86.38,83.99610898036033,81.133804,88.28955643222409,2.3838910196396625
2025-07-14 03:00:00,86.24,85.95550025052341,82.7845,90.71199090645987,0.28449974947658063
2025-07-14 04:00:00,88.55,92.71938476819179,89.74213,97.18526268647065,-4.16938476819179
2025-07-14 05:00:00,114.95,104.2390804553952,102.24003,107.23764902972331,10.710919544604806
2025-07-14 06:00:00,119.18,108.94642839046105,106.556175,112.53180049885772,10.233571609538956
2025-07-14 07:00:00,108.58,108.68966915729854,106.16984,112.46941215105886,-0.10966915729854065
2025-07-14 08:00:00,97.4,102.78249849980928,99.8563,107.17178618177417,-5.382498499809273
2025-07-14 09:00:00,88.66,89.48981149257659,88.777214,90.55870193395614,-0.8298114925765958
2025-07-14 10:00:00,80.32,79.90895236911214,79.13296,81.0729447350362,0.41104763088785035
2025-07-14 11:00:00,63.37,71.98127385276612,69.98551,74.97490933284305,-8.611273852766125
2025-07-14 12:00:00,51.45,55.63515081034027,49.17369,65.32733892465438,-4.185150810340268
2025-07-14 13:00:00,55.45,56.483214539023244,49.437836,67.0512799464961,-1.0332145390232412
2025-07-14 14:00:00,57.39,56.0059720833078,51.324207,63.02861734205857,1.3840279166921974
2025-07-14 15:00:00,69.4,75.05427034241413,77.55945,71.29649777070819,-5.654270342414122
2025-07-14 16:00:00,78.2,86.58278133295141,86.7061,86.39779691453182,-8.38278133295141
2025-07-14 17:00:00,95.91,104.28550003662767,102.983925,106.23786088563655,-8.37550003662767
2025-07-14 18:00:00,110.26,116.21705202147677,114.82012,118.3124435912896,-5.95705202147677
2025-07-14 19:00:00,117.77,118.67557829711694,117.93435,119.78741452330995,-0.9055782971169464
2025-07-14 20:00:00,117.48,111.60640927612971,112.08714,110.88530114442585,5.873590723870294
2025-07-14 21:00:00,108.71,101.18906154620024,99.16235,104.22911977736581,7.520938453799758
2025-07-14 22:00:00,97.89,92.24892075819596,88.061134,98.53059848057293,5.641079241804036
2025-07-14 23:00:00,90.45,84.80176912788886,80.89017,90.6691643358354,5.648230872111142
2025-07-15 00:00:00,87.45,81.50224510330821,78.790436,85.56995907174706,5.947754896691791
2025-07-15 01:00:00,84.42,79.96181419859641,76.6896,84.87013646389826,4.458185801403587
2025-07-15 02:00:00,83.66,80.30149946049181,76.74565,85.63526415415919,3.358500539508185
2025-07-15 03:00:00,82.5,81.53242618186171,76.76844,88.67840127008395,0.9675738181382911
2025-07-15 04:00:00,85.91,85.14837600193107,80.03027,92.82552603388041,0.7616239980689272
2025-07-15 05:00:00,103.91,104.86616814872286,104.55823,105.32807143381886,-0.9561681487228668
2025-07-15 06:00:00,109.92,108.22214869962994,106.17212,111.29718731609142,1.6978513003700613
2025-07-15 07:00:00,95.72,105.35282784779227,103.19056,108.59622672397285,-9.63282784779227
2025-07-15 08:00:00,85.7,88.76643376154786,87.97394,89.95516788470462,-3.066433761547856
2025-07-15 09:00:00,80.3,75.84134436428329,74.46433,77.90686013250996,4.45865563571671
2025-07-15 10:00:00,78.49,74.68602183135512,75.30196,73.76210696181064,3.803978168644875
2025-07-15 11:00:00,78.7,75.41593546676309,76.41439,73.91824709891455,3.284064533236915
2025-07-15 12:00:00,78.53,75.69746479262282,73.970146,78.28844271275824,2.832535207377177
2025-07-15 13:00:00,79.07,78.9070521331499,76.92425,81.88125872032595,0.16294786685008944
2025-07-15 14:00:00,81.22,79.85314108678865,78.95286,81.20356385283588,1.3668589132113453
2025-07-15 15:00:00,86.49,82.21435388358327,80.455246,84.85300621469545,4.275646116416723
2025-07-15 16:00:00,91.4,94.18525624766383,92.387184,96.88236058986269,-2.785256247663824
2025-07-15 17:00:00,100.75,108.20436093094055,105.444016,112.34487525825958,-7.4543609309405525
2025-07-15 18:00:00,111.87,114.56887466952793,112.21061,118.10626107567528,-2.6988746695279247
2025-07-15 19:00:00,112.75,111.97396472200492,111.163445,113.18974502644787,0.7760352779950779
2025-07-15 20:00:00,111.87,107.56743264026925,108.237465,106.56237661410084,4.302567359730759
2025-07-15 21:00:00,99.85,93.86213018369119,92.447426,95.98418478845159,5.987869816308802
2025-07-15 22:00:00,86.77,82.95905475893966,81.64677,84.92747736670947,3.810945241060338
2025-07-15 23:00:00,80.75,72.13908453698228,69.6426,75.88380982268032,8.610915463017719
2025-07-16 00:00:00,81.15,66.60650660521154,64.12039,70.3356749297769,14.54349339478847
2025-07-16 01:00:00,78.53,66.55188875672255,63.88517,70.55196119539525,11.978111243277453
2025-07-16 02:00:00,78.43,64.26005197981007,59.154797,71.91793504901247,14.169948020189935
2025-07-16 03:00:00,80.5,66.44812182125817,61.122272,74.43688818656827,14.05187817874183
2025-07-16 04:00:00,83.15,79.10194379468498,75.81718,84.02909235109232,4.048056205315021
2025-07-16 05:00:00,104.17,100.98584646300095,101.103,100.81011519619867,3.184153536999048
2025-07-16 06:00:00,104.98,113.32798910008088,111.206635,116.51001333858113,-8.34798910008088
2025-07-16 07:00:00,102.98,110.15864684498098,107.42821,114.25430601626105,-7.178646844980975
2025-07-16 08:00:00,93.57,102.54915283950228,99.006676,107.8628647037362,-8.97915283950229
2025-07-16 09:00:00,88.72,95.5645978463448,91.68703,101.38094842750749,-6.844597846344797
2025-07-16 10:00:00,90.46,90.20030725955871,88.32144,93.01860185861355,0.259692740441281
2025-07-16 11:00:00,91.34,87.51871683204672,86.567924,88.94489770145466,3.8212831679532826
2025-07-16 12:00:00,91.95,85.43563117164815,83.86917,87.78531167851003,6.514368828351849
2025-07-16 13:00:00,92.68,87.31846276544991,86.88076,87.97500708757494,5.361537234550099
2025-07-16 14:00:00,87.61,90.32664846531131,89.49119,91.57983718195504,-2.7166484653113088
2025-07-16 15:00:00,95.44,97.04068065497196,94.956726,100.16660871140454,-1.600680654971967
2025-07-16 16:00:00,100.73,110.92783632223066,107.81883,115.59134220938522,-10.197836322230657
2025-07-16 17:00:00,113.61,127.11389509623504,125.17853,130.01694599254074,-13.503895096235041
2025-07-16 18:00:00,128.51,134.33229737541816,131.99866,137.8327537840044,-5.822297375418174
2025-07-16 19:00:00,128.25,129.7679559503307,127.997604,132.4234680618619,-1.5179559503307019
2025-07-16 20:00:00,124.63,122.4414251683443,121.875565,123.29020461397599,2.1885748316557
2025-07-16 21:00:00,110.93,106.61625536052942,105.00343,109.03547902327179,4.313744639470585
2025-07-16 22:00:00,111.43,101.813724859393,102.84009,100.27417268315048,9.616275140607002
2025-07-16 23:00:00,102.77,97.10610996094246,98.19829,95.46783532716086,5.663890039057534
2025-07-17 00:00:00,98.09,91.1958685914275,91.262825,91.09542633086366,6.894131408572505
2025-07-17 01:00:00,89.53,88.04510038858638,87.97945,88.1435756327208,1.4848996114136241
2025-07-17 02:00:00,87.01,86.14201617919328,85.3336,87.3546284606785,0.8679838208067281
2025-07-17 03:00:00,89.31,87.7911722478973,86.493774,89.73726327660358,1.518827752102709
2025-07-17 04:00:00,98.6,93.87286459674385,92.61644,95.7574960408098,4.727135403256142
2025-07-17 05:00:00,110.98,110.9530644733963,111.82554,109.6443379718208,0.026935526603708126
2025-07-17 06:00:00,117.76,117.09331323980894,117.45794,116.54635911880945,0.6666867601910695
2025-07-17 07:00:00,109.67,111.07535073269307,109.38556,113.61002676459401,-1.4053507326930657
2025-07-17 08:00:00,100.74,103.13320068712025,101.77633,105.16850243496373,-2.393200687120256
2025-07-17 09:00:00,94.88,97.69498448114294,95.649185,100.76367389511807,-2.814984481142943
2025-07-17 10:00:00,88.84,92.40749206940538,89.60605,96.60965539018827,-3.5674920694053753
2025-07-17 11:00:00,88.12,89.64530514882962,90.16098,88.87178299841682,-1.5253051488296165
2025-07-17 12:00:00,80.71,87.944817867192,88.84895,86.58860526063137,-7.234817867192007
2025-07-17 13:00:00,78.58,88.11818251431274,89.1314,86.59834706336974,-9.538182514312737
2025-07-17 14:00:00,78.76,88.01673304638805,88.59336,87.15178935730316,-9.25673304638805
2025-07-17 15:00:00,87.72,94.26662151684829,95.50983,92.40181189453773,-6.54662151684829
2025-07-17 16:00:00,102.58,104.64794242820676,105.75715,102.9841253271087,-2.067942428206763
2025-07-17 17:00:00,113.13,118.21931534047883,120.60603,114.63922691931232,-5.089315340478834
2025-07-17 18:00:00,126.35,125.08816220516508,126.79398,122.52942269430918,1.2618377948349178
2025-07-17 19:00:00,128.16,119.76568292665645,120.923386,118.02912888646534,8.394317073343544
2025-07-17 20:00:00,123.61,114.0527877359277,117.23972,109.27238453146963,9.557212264072305
2025-07-17 21:00:00,113.22,99.5501509416525,100.690926,97.83898132751995,13.669849058347495
2025-07-17 22:00:00,105.92,97.94195068097093,100.1813,94.58292693436093,7.978049319029068
2025-07-17 23:00:00,97.98,94.19829396282555,96.41061,90.87981770125333,3.781706037174459
2025-07-18 00:00:00,91.46,90.25730919228741,93.031715,86.09569607642166,1.2026908077125853
2025-07-18 01:00:00,88.47,84.08883205941841,85.23978,82.36241141685656,4.381167940581591
2025-07-18 02:00:00,87.66,83.62396963979174,84.54332,82.24493882421078,4.036030360208258
2025-07-18 03:00:00,90.39,86.33366325138219,86.36061,86.29323787088711,4.0563367486178095
2025-07-18 04:00:00,95.14,94.34718593859273,94.64008,93.90783034025625,0.7928140614072703
2025-07-18 05:00:00,114.88,107.17593448870116,108.25671,105.5547730503662,7.704065511298836
2025-07-18 06:00:00,117.06,112.9427500342663,112.78817,113.17461266501144,4.117249965733706
2025-07-18 07:00:00,110.11,110.01582270865617,109.46012,110.84935978067361,0.09417729134382569
2025-07-18 08:00:00,101.87,103.52191438614253,101.46822,106.60244679299305,-1.651914386142522
2025-07-18 09:00:00,97.17,97.4718409269359,96.98875,98.19648044539147,-0.3018409269358955
2025-07-18 10:00:00,89.57,90.29264001088508,90.28668,90.30156920445879,-0.7226400108850868
2025-07-18 11:00:00,84.2,85.50572052797122,85.11498,86.09181978306279,-1.3057205279712178
2025-07-18 12:00:00,80.03,80.4176796090359,79.52608,81.75507739478215,-0.3876796090358994
2025-07-18 13:00:00,79.74,81.3256570689655,80.922714,81.93006560027018,-1.585657068965503
2025-07-18 14:00:00,88.79,82.2450107979997,83.12083,80.93128309851485,6.544989202000309
2025-07-18 15:00:00,96.44,88.71333380363356,89.910576,86.91746880168643,7.726666196366438
2025-07-18 16:00:00,105.14,100.92963508305941,101.451416,100.14695414746785,4.210364916940591
2025-07-18 17:00:00,122.45,115.31159550261523,114.4813,116.55703441083497,7.138404497384769
2025-07-18 18:00:00,136.71,125.63749931798009,125.017586,126.56736966335839,11.072500682019921
2025-07-18 19:00:00,140.58,124.8978722932649,124.661,125.25316080518374,15.682127706735116
2025-07-18 20:00:00,130.12,117.70521453541335,118.872475,115.95432051822085,12.414785464586657
2025-07-18 21:00:00,116.86,104.11727926586263,104.15338,104.06312042112631,12.742720734137365
2025-07-18 22:00:00,109.19,101.00180399879883,103.409325,97.39051730595702,8.188196001201163
2025-07-18 23:00:00,100.61,95.6863734498601,97.719986,92.6359527744305,4.9236265501399
2025-07-19 00:00:00,97.31,96.84003265451949,97.91183,95.23233909784659,0.4699673454805122
2025-07-19 01:00:00,95.34,92.96139104470299,93.403915,92.29760068915004,2.378608955297011
2025-07-19 02:00:00,93.96,91.91509775829087,92.821106,90.556081645483,2.0449022417091243
2025-07-19 03:00:00,91.69,90.58363890100084,91.48014,89.23887668670619,1.1063610989991588
2025-07-19 04:00:00,89.21,92.23752988537768,94.148415,89.37119516632504,-3.027529885377689
2025-07-19 05:00:00,89.28,97.18709050922601,99.167404,94.21661047411484,-7.907090509226009
2025-07-19 06:00:00,85.48,98.694210468843,98.49232,98.99704083580377,-13.214210468842992
2025-07-19 07:00:00,91.42,102.12292454759026,101.686455,102.7776234875059,-10.702924547590257
2025-07-19 08:00:00,103.79,104.85940410958068,105.26719,104.24771910573878,-1.069404109580674
2025-07-19 09:00:00,104.33,103.76541717695774,102.47351,105.70327301441583,0.564582823042258
2025-07-19 10:00:00,104.97,99.55710049276685,97.732124,102.29455520225403,5.412899507233149
2025-07-19 11:00:00,96.78,94.0139094076261,91.45172,97.85718219521269,2.7660905923738994
2025-07-19 12:00:00,81.84,90.93158307634629,89.17546,93.56575883832664,-9.091583076346282
2025-07-19 13:00:00,70.29,86.94653309737943,86.37258,87.80745479850228,-16.656533097379423
2025-07-19 14:00:00,66.72,86.19790027618308,86.10547,86.33653993606313,-19.477900276183078
2025-07-19 15:00:00,76.62,87.67735297462121,87.439156,88.03463953188995,-11.05735297462121
2025-07-19 16:00:00,96.95,97.12395423494856,98.41945,95.18071040121416,-0.17395423494855322
2025-07-19 17:00:00,107.02,107.19005106483493,107.58535,106.5970873483666,-0.17005106483493648
2025-07-19 18:00:00,115.77,118.10903228417563,120.00753,115.26127013304648,-2.33903228417563
2025-07-19 19:00:00,117.85,117.39358814029248,118.65641,115.4993512101062,0.4564118597075151
2025-07-19 20:00:00,114.19,111.89502795455658,113.49414,109.49634750479964,2.2949720454434157
2025-07-19 21:00:00,100.76,101.99756875169638,101.8806,102.17302000851339,-1.2375687516963723
2025-07-19 22:00:00,93.93,97.8111643236261,97.29458,98.58603344395294,-3.881164323626095
2025-07-19 23:00:00,92.81,92.96242723051304,92.060684,94.31503795543298,-0.15242723051304097
2025-07-20 00:00:00,91.96,92.61453247090037,93.146324,91.81683540393547,-0.6545324709003779
2025-07-20 01:00:00,90.48,86.62373618511467,86.06444,87.462679848773,3.856263814885338
2025-07-20 02:00:00,92.06,85.13111195166846,84.6781,85.81062518556763,6.928888048331544
2025-07-20 03:00:00,94.19,82.20714521350061,82.57683,81.6526114926138,11.982854786499388
2025-07-20 04:00:00,90.17,82.28333726966041,85.0757,78.09478917329653,7.886662730339594
2025-07-20 05:00:00,88.35,82.1219901595817,82.77794,81.13805759805092,6.228009840418295
2025-07-20 06:00:00,85.03,82.95500478530411,82.228134,84.04530310095558,2.074995214695889
2025-07-20 07:00:00,78.56,85.29890957024321,84.09779,87.10057592756115,-6.738909570243209
2025-07-20 08:00:00,91.07,92.88872315691643,94.28753,90.79050486799906,-1.818723156916434
2025-07-20 09:00:00,93.23,91.64892381826391,91.39031,92.03683362402893,1.581076181736094
2025-07-20 10:00:00,87.12,87.21578918383985,85.05128,90.46254958923828,-0.09578918383984103
2025-07-20 11:00:00,78.36,84.61173265501361,84.03266,85.48033757320297,-6.251732655013612
2025-07-20 12:00:00,66.3,79.986844877867,77.69873,83.41901267684523,-13.686844877867003
2025-07-20 13:00:00,62.78,76.91660282635414,76.240974,77.93003970443513,-14.136602826354135
2025-07-20 14:00:00,70.36,71.11499969268618,69.54117,73.47574691237952,-0.7549996926861837
2025-07-20 15:00:00,92.03,77.33163550257608,75.894966,79.48663956820778,14.698364497423924
2025-07-20 16:00:00,102.52,96.03912099099566,96.00179,96.09510739387096,6.48087900900434
2025-07-20 17:00:00,104.23,108.57134043201894,108.93521,108.02552667819188,-4.341340432018939
2025-07-20 18:00:00,114.09,116.89364035455714,117.2544,116.35248620133422,-2.803640354557132
2025-07-20 19:00:00,113.89,116.30472398823024,116.62415,115.8255726353705,-2.414723988230236
2025-07-20 20:00:00,112.07,114.6398386822274,116.94868,111.17656585229703,-2.569838682227413
2025-07-20 21:00:00,102.23,101.55936603355559,101.217674,102.07189988613504,0.670633966444413
2025-07-20 22:00:00,96.07,95.64898924968857,95.28091,96.20111120100364,0.42101075031142443
2025-07-20 23:00:00,88.15,93.14445663067461,93.28923,92.92728842727246,-4.994456630674605
2025-07-21 00:00:00,87.49,87.10609237539617,88.01992,85.73534469276291,0.3839076246038218
2025-07-21 01:00:00,85.98,83.44032666150618,83.331856,83.6030291781795,2.5396733384938273
2025-07-21 02:00:00,87.45,85.07924835739206,84.55571,85.86454850578482,2.3707516426079422
2025-07-21 03:00:00,86.81,88.95069067214263,87.76222,90.73338370855478,-2.1406906721426253
2025-07-21 04:00:00,90.11,94.71474788196176,92.819084,97.55823963898641,-4.604747881961757
2025-07-21 05:00:00,105.33,111.17157985910063,113.02027,108.39853888115003,-5.841579859100634
2025-07-21 06:00:00,105.2,115.72196584453401,116.03364,115.25444998120807,-10.521965844534009
2025-07-21 07:00:00,109.16,111.57603446506268,111.57447,111.57836893853559,-2.4160344650626797
2025-07-21 08:00:00,102.56,104.69406059745106,103.68767,106.20364018686493,-2.134060597451054
2025-07-21 09:00:00,96.97,97.22435670817356,96.0643,98.96443142802664,-0.25435670817356026
2025-07-21 10:00:00,92.07,93.53992018720369,94.33688,92.34447324327778,-1.469920187203698
2025-07-21 11:00:00,90.01,89.52629538303074,92.17378,85.55505921258174,0.4837046169692627
2025-07-21 12:00:00,88.66,84.84472231548614,86.422356,82.47826468153761,3.815277684513859
2025-07-21 13:00:00,87.64,83.1432637209997,84.53426,81.05675434949632,4.496736279000302
2025-07-21 14:00:00,89.78,84.46092609657538,85.58863,82.76936541233687,5.3190739034246235
2025-07-21 15:00:00,96.98,90.24640541570943,90.70895,89.5525903825353,6.733594584290572
2025-07-21 16:00:00,103.33,101.73480092366506,102.91465,99.96502545674568,1.5951990763349357
2025-07-21 17:00:00,115.48,109.30092569851755,108.33199,110.75431696235829,6.1790743014824585
2025-07-21 18:00:00,119.19,121.06579311337114,122.082115,119.54129476462901,-1.8757931133711452
2025-07-21 19:00:00,116.8,119.21079440148407,119.38682,118.946747661425,-2.4107944014840683
2025-07-21 20:00:00,106.69,111.00344743754414,112.17479,109.24642300670212,-4.313447437544141
2025-07-21 21:00:00,96.52,99.6912289926449,100.21382,98.90733273551848,-3.171228992644899
2025-07-21 22:00:00,101.04,93.25518087575526,94.10147,91.98574195379246,7.784819124244748
2025-07-21 23:00:00,88.24,87.41444145596014,88.18409,86.25995961219039,0.8255585440398505
2025-07-22 00:00:00,86.32,84.36670562267287,85.99528,81.92384413480715,1.9532943773271256
2025-07-22 01:00:00,81.91,81.85107615077703,82.88655,80.29785639256758,0.05892384922296401
2025-07-22 02:00:00,81.42,80.143253801515,80.39319,79.76834415954923,1.2767461984850001
2025-07-22 03:00:00,82.6,80.21772920606566,79.32754,81.55301480288387,2.382270793934339
2025-07-22 04:00:00,84.21,86.60031562170045,85.384605,88.4238733132843,-2.390315621700452
2025-07-22 05:00:00,98.3,101.14734468420991,101.49218,100.6300880899193,-2.847344684209915
2025-07-22 06:00:00,103.08,108.24411088573498,108.54685,107.78999523191557,-5.164110885734985
2025-07-22 07:00:00,103.72,105.58752727700451,104.69265,106.9298338938052,-1.8675272770045126
2025-07-22 08:00:00,102.07,100.66741830958995,99.67405,102.15746598576683,1.4025816904100452
2025-07-22 09:00:00,91.92,95.16432614162227,95.25501,95.02828704900193,-3.244326141622267
2025-07-22 10:00:00,90.08,92.26927965912705,93.54011,90.3630356498928,-2.1892796591270525
2025-07-22 11:00:00,87.93,88.58859724132589,89.9601,86.5313361666692,-0.6585972413258787
2025-07-22 12:00:00,81.86,85.48588441247513,87.16336,82.9696625082386,-3.6258844124751306
2025-07-22 13:00:00,80.6,84.61823149427028,85.04955,83.9712398227118,-4.018231494270282
2025-07-22 14:00:00,83.16,86.6670193436224,87.043274,86.10262984098961,-3.507019343622403
2025-07-22 15:00:00,81.46,93.52771578273635,94.207794,92.50759626531254,-12.067715782736357
2025-07-22 16:00:00,92.27,103.95041338687392,104.713715,102.80545393837622,-11.680413386873923
2025-07-22 17:00:00,101.44,117.24735039915348,117.99691,116.1230032256669,-15.807350399153478
2025-07-22 18:00:00,116.81,120.80984031552887,120.45363,121.34415416406634,-3.9998403155288713
2025-07-22 19:00:00,116.32,116.24442638475072,115.98679,116.63086805538266,0.07557361524926876
2025-07-22 20:00:00,113.71,106.95189421544404,107.23877,106.5215812417351,6.758105784555951
2025-07-22 21:00:00,101.16,96.53754191098388,96.2871,96.91319834435421,4.622458089016121
2025-07-22 22:00:00,98.8,96.02095433508867,97.69164,93.51491978852732,2.7790456649113224
2025-07-22 23:00:00,93.33,88.37805815568807,88.64085,87.98387219586078,4.951941844311932
2025-07-23 00:00:00,88.86,82.73725626757599,81.87773,84.02653986937943,6.122743732424013
2025-07-23 01:00:00,83.91,79.10374351638481,78.064766,80.66220989569837,4.806256483615186
2025-07-23 02:00:00,83.19,78.82901946270876,77.919586,80.19316175491642,4.3609805372912405
2025-07-23 03:00:00,84.45,80.14231115987634,78.45333,82.67578140921233,4.30768884012366
2025-07-23 04:00:00,92.63,85.75736188857067,83.48374,89.1677844516513,6.872638111429325
2025-07-23 05:00:00,102.85,101.94718332266436,102.4099,101.25310349403881,0.9028166773356361
2025-07-23 06:00:00,102.51,106.68003125361867,105.712685,108.1310473723279,-4.17003125361866
2025-07-23 07:00:00,98.55,103.17217675905871,99.98217,107.9571829254788,-4.622176759058718
2025-07-23 08:00:00,93.01,97.93771542459554,95.87979,101.02459404244587,-4.927715424595533
2025-07-23 09:00:00,89.88,89.04319455864473,86.724045,92.52191728955617,0.836805441355267
2025-07-23 10:00:00,86.65,85.96594254413532,84.87055,87.60902445115858,0.6840574558646892
2025-07-23 11:00:00,85.69,85.08571092138905,86.47526,83.00138095642674,0.6042890786109467
2025-07-23 12:00:00,84.44,82.11738239814923,83.27511,80.3807839525264,2.322617601850766
2025-07-23 13:00:00,83.09,81.12358016630908,82.23422,79.45761489026,1.9664198336909209
2025-07-23 14:00:00,82.2,83.23526638252089,84.04993,82.01327009753757,-1.0352663825208879
2025-07-23 15:00:00,87.76,89.51250120096202,90.002945,88.77682795357691,-1.7525012009620156
2025-07-23 16:00:00,99.62,100.0795854895114,100.016,100.17495974123457,-0.4595854895113973
2025-07-23 17:00:00,109.11,109.84073908265063,108.64425,111.63546281893126,-0.7307390826506293
2025-07-23 18:00:00,119.97,119.02391252381406,118.00531,120.55180096285545,0.9460874761859372
2025-07-23 19:00:00,120.66,117.1238765825602,116.575325,117.94669630869544,3.5361234174397964
2025-07-23 20:00:00,114.17,109.66087008678937,110.75479,108.01997306853592,4.509129913210629
2025-07-23 21:00:00,102.11,96.08092188038768,96.09214,96.06409249698967,6.029078119612322
2025-07-23 22:00:00,97.41,94.09194086024243,96.03523,91.17699379794493,3.3180591397575654
2025-07-23 23:00:00,93.3,89.87451745107498,91.35376,87.6556444425068,3.425482548925018
2025-07-24 00:00:00,89.27,83.35259472830029,84.29134,81.94446175056027,5.917405271699707
2025-07-24 01:00:00,84.74,78.14256410159878,78.28369,77.93087314462196,6.597435898401216
2025-07-24 02:00:00,84.55,75.31615475403751,74.21266,76.9713885483018,9.233845245962485
2025-07-24 03:00:00,83.77,73.04385065809122,69.918175,77.73236452974953,10.72614934190878
2025-07-24 04:00:00,83.24,83.8898198869756,82.301155,86.27281135989506,-0.6498198869756067
2025-07-24 05:00:00,95.96,96.07207654261612,95.99822,96.18285592258033,-0.11207654261612277
2025-07-24 06:00:00,103.62,105.84855631675799,106.01112,105.60469576931195,-2.228556316757988
2025-07-24 07:00:00,101.02,101.76535365896115,99.32559,105.42499417853081,-0.7453536589611502
2025-07-24 08:00:00,96.16,96.30261011845718,94.005196,99.74872996228066,-0.14261011845718485
2025-07-24 09:00:00,92.29,90.31763944682865,89.25829,91.90665507459116,1.972360553171356
2025-07-24 10:00:00,89.21,82.40616148460856,82.11438,82.84382625790812,6.803838515391433
2025-07-24 11:00:00,84.35,80.65371650731183,81.25906,79.74569187252763,3.696283492688167
2025-07-24 12:00:00,82.99,79.13138864908387,78.98011,79.3582987406296,3.858611350916121
2025-07-24 13:00:00,84.26,81.71861138081232,81.93704,81.39095937549268,2.5413886191876855
2025-07-24 14:00:00,87.84,83.2944782304348,82.055046,85.15362454642391,4.545521769565198
2025-07-24 15:00:00,94.59,89.73431157760433,88.13141,92.13865637015829,4.855688422395673
2025-07-24 16:00:00,97.66,102.13893376715762,100.91182,103.97960332353371,-4.478933767157628
2025-07-24 17:00:00,103.79,112.04023422111752,110.518684,114.32255897198323,-8.250234221117509
2025-07-24 18:00:00,116.93,120.09395638014047,118.04557,123.16652394595664,-3.163956380140462
2025-07-24 19:00:00,117.6,119.25774806432047,118.18896,120.86093052457069,-1.6577480643204723
2025-07-24 20:00:00,115.73,113.9210276018054,115.38609,111.7234216656463,1.808972398194598
2025-07-24 21:00:00,103.34,101.1647811465572,101.22414,101.07573880084126,2.1752188534428
2025-07-24 22:00:00,98.38,97.45389226788902,99.10688,94.97440466569421,0.9261077321109781
2025-07-24 23:00:00,95.71,91.08119212082559,91.18388,90.92715289422705,4.628807879174403
2025-07-25 00:00:00,89.95,87.03626687254531,86.90714,87.22994940792577,2.913733127454691
2025-07-25 01:00:00,84.29,84.0342988577583,83.855965,84.3017982460803,0.2557011422417048
2025-07-25 02:00:00,82.9,83.10994217517413,82.43199,84.12686044281813,-0.2099421751741204
2025-07-25 03:00:00,83.31,84.62401769021773,83.26181,86.66732304939686,-1.3140176902177245
2025-07-25 04:00:00,85.57,91.97040731547999,91.28863,92.99307303723512,-6.400407315479995
2025-07-25 05:00:00,97.15,107.04980817059749,108.1805,105.35376465867147,-9.899808170597481
2025-07-25 06:00:00,107.99,110.77596177777596,109.81384,112.21914028428363,-2.7859617777759667
2025-07-25 07:00:00,101.48,105.55649097237989,103.4968,108.64601869071534,-4.076490972379887
2025-07-25 08:00:00,93.07,97.89588818860494,96.693596,99.69932282746936,-4.825888188604949
2025-07-25 09:00:00,85.39,88.83538701541408,87.92053,90.2076596619483,-3.4453870154140844
2025-07-25 10:00:00,84.68,79.31857374788746,77.63901,81.83792301717958,5.361426252112551
2025-07-25 11:00:00,77.67,75.37389993128546,75.30185,75.48197387301346,2.296100068714537
2025-07-25 12:00:00,74.94,70.3478858113103,70.29635,70.4251878559125,4.592114188689692
2025-07-25 13:00:00,75.57,70.35877585132083,70.14238,70.6833642651429,5.211224148679165
2025-07-25 14:00:00,77.53,72.53562741879381,72.40606,72.72997392723354,4.994372581206193
2025-07-25 15:00:00,84.8,82.50414134702369,83.48699,81.02985982202699,2.2958586529763068
2025-07-25 16:00:00,91.72,96.37807095610992,95.20861,98.13225777357559,-4.658070956109924
2025-07-25 17:00:00,101.07,108.13041699101522,105.91131,111.45907432263083,-7.060416991015231
2025-07-25 18:00:00,110.35,120.16982659943974,117.61388,124.00374435504469,-9.81982659943975
2025-07-25 19:00:00,111.99,120.92858681916914,120.471344,121.61445105671189,-8.938586819169146
2025-07-25 20:00:00,112.15,116.5356712544197,117.6638,114.8434734851703,-4.385671254419691
2025-07-25 21:00:00,100.63,102.86994719346637,103.181015,102.40333973964735,-2.239947193466378
2025-07-25 22:00:00,99.5,97.07942018809877,98.41562,95.07511640347445,2.4205798119012343
2025-07-25 23:00:00,95.73,91.51917552142038,92.40136,90.19589183699821,4.2108244785796245
2025-07-26 00:00:00,92.45,90.91630890841812,91.02509,90.75312502373083,1.5336910915818862
2025-07-26 01:00:00,88.19,86.53389035255029,85.54063,88.02377846316281,1.6561096474497106
2025-07-26 02:00:00,86.06,84.77343091481646,84.50566,85.1750781415333,1.2865690851835438
2025-07-26 03:00:00,84.69,83.11575320556888,83.10947,83.125181277472,1.5742467944311187
2025-07-26 04:00:00,86.41,83.0904281831995,82.7312,83.62926679283763,3.31957181680049
2025-07-26 05:00:00,89.33,85.94191011720915,85.32164,86.87231145635292,3.388089882790851
2025-07-26 06:00:00,90.05,88.00947680143261,85.684906,91.49632727274656,2.040523198567385
2025-07-26 07:00:00,89.37,93.68945649648484,92.14167,96.01113208593867,-4.3194564964848325
2025-07-26 08:00:00,94.22,96.9388808442632,95.330215,99.35187320745976,-2.7188808442631966
2025-07-26 09:00:00,94.54,94.77986717956992,91.58008,99.57954885407617,-0.239867179569913
2025-07-26 10:00:00,87.42,92.63906313519358,89.81394,96.87674108993707,-5.219063135193579
2025-07-26 11:00:00,80.75,88.24141826774931,87.01548,90.08032179242016,-7.49141826774931
2025-07-26 12:00:00,74.04,80.66205487397161,78.41014,84.03992379076396,-6.6220548739716065
2025-07-26 13:00:00,66.97,74.17622426711311,72.61542,76.5174306323824,-7.2062242671131145
2025-07-26 14:00:00,72.92,71.21558999876707,70.02213,73.00576805722042,1.7044100012329295
2025-07-26 15:00:00,80.38,75.93705460064002,75.86521,76.04481927137545,4.442945399359971
2025-07-26 16:00:00,90.49,86.90457328600249,87.64384,85.79567393766246,3.5854267139975065
2025-07-26 17:00:00,98.41,102.39676637442962,104.643105,99.02725147684552,-3.986766374429621
2025-07-26 18:00:00,108.47,106.34374106208628,105.20517,108.05159241656821,2.1262589379137182
2025-07-26 19:00:00,106.94,108.19528705672266,107.67321,108.97839861104494,-1.2552870567226648
2025-07-26 20:00:00,108.53,106.9529815240535,108.0122,105.36415470735054,1.5770184759465025
2025-07-26 21:00:00,98.86,96.85106445378352,96.32123,97.64581146404865,2.0089355462164775
2025-07-26 22:00:00,101.39,93.73324393189456,93.719795,93.7534093597657,7.656756068105437
2025-07-26 23:00:00,96.79,88.01881934884878,87.585846,88.6682737291776,8.771180651151226
2025-07-27 00:00:00,95.83,82.81528074988138,82.8407,82.77714688202767,13.014719250118617
2025-07-27 01:00:00,90.96,74.6012920613594,72.14539,78.28513246663093,16.358707938640592
2025-07-27 02:00:00,87.02,70.1443485795343,66.90836,74.99832262071072,16.8756514204657
2025-07-27 03:00:00,84.81,67.06815882850313,63.66759,72.16900279940722,17.741841171496873
2025-07-27 04:00:00,83.53,73.30124991643966,72.66872,74.25004823775441,10.228750083560342
2025-07-27 05:00:00,81.9,75.75548103009301,75.50627,76.12929171707822,6.144518969906997
2025-07-27 06:00:00,83.11,70.00617763287892,65.61708,76.58981732743655,13.103822367121083
2025-07-27 07:00:00,80.44,74.12319251534188,69.7364,80.70338419667988,6.3168074846581135
2025-07-27 08:00:00,75.02,89.13229903662518,90.35337,87.3006858697612,-14.112299036625188
2025-07-27 09:00:00,71.03,87.31329160096138,87.24838,87.4106456131212,-16.283291600961377
2025-07-27 10:00:00,76.96,83.10892824102766,83.44843,82.59966740432696,-6.148928241027662
2025-07-27 11:00:00,79.75,76.95544188764964,76.12728,78.19768293567685,2.7945581123503587
2025-07-27 12:00:00,74.31,70.59689085454889,67.97145,74.53504902052748,3.7131091454511136
2025-07-27 13:00:00,73.56,64.27865483338631,59.093483,72.05640499728415,9.28134516661369
2025-07-27 14:00:00,82.34,73.98093900549691,72.12012,76.772167917795,8.359060994503096
2025-07-27 15:00:00,89.67,86.49703652931154,86.35189,86.71474594058841,3.172963470688458
2025-07-27 16:00:00,93.84,96.8820432086413,96.083534,98.07979903112476,-3.042043208641303
2025-07-27 17:00:00,97.99,105.43855967377434,103.83587,107.84258639451886,-7.448559673774341
2025-07-27 18:00:00,106.75,113.18221557052905,112.25725,114.56965178032655,-6.432215570529053
2025-07-27 19:00:00,108.84,109.80994039954989,109.00266,111.02084175204854,-0.9699403995498841
2025-07-27 20:00:00,110.82,109.01946079249771,108.97237,109.09009485233801,1.8005392075022826
2025-07-27 21:00:00,97.88,98.50447175030769,96.632576,101.31230585587173,-0.6244717503076913
2025-07-27 22:00:00,96.42,93.96572323085356,92.91913,95.53560782078623,2.454276769146446
2025-07-27 23:00:00,91.98,87.79177161046522,86.63997,89.51947381070892,4.188228389534785
2025-07-28 00:00:00,87.79,82.54722105049343,82.251045,82.99148287830877,5.242778949506572
2025-07-28 01:00:00,82.4,73.47339055828014,70.44271,78.01940435895719,8.926609441719862
2025-07-28 02:00:00,79.52,71.32091505734795,67.43849,77.14454609673902,8.19908494265205
2025-07-28 03:00:00,78.83,70.7456490889344,64.91389,79.49328837175005,8.084350911065599
2025-07-28 04:00:00,81.38,79.5103033840999,75.47662,85.56081743546946,1.8696966159000965
2025-07-28 05:00:00,96.02,93.16429178463707,91.50603,95.6516848143759,2.855708215362924
2025-07-28 06:00:00,101.31,101.07808360462124,97.81606,105.97110889863806,0.23191639537876085
2025-07-28 07:00:00,98.76,101.19653894256504,98.037315,105.93536858138816,-2.4365389425650363
2025-07-28 08:00:00,94.76,95.22526618822269,91.72782,100.47143153806161,-0.4652661882226852
2025-07-28 09:00:00,85.63,89.5353836562308,88.432686,91.18942845515221,-3.9053836562308106
2025-07-28 10:00:00,85.53,86.17558981848978,87.59974,84.03936211946666,-0.6455898184897819
2025-07-28 11:00:00,88.53,82.22345374923975,84.84039,78.29803523674684,6.306546250760249
2025-07-28 12:00:00,86.1,79.96660927542295,82.322815,76.43229314705349,6.1333907245770405
2025-07-28 13:00:00,88.8,79.90294777907864,80.8663,78.45791189764779,8.897052220921353
2025-07-28 14:00:00,87.1,84.33917713244765,85.84672,82.07785845001561,2.760822867552349
2025-07-28 15:00:00,90.04,90.48749288705774,89.677765,91.70208297142852,-0.4474928870577344
2025-07-28 16:00:00,96.39,101.94188199806803,99.96363,104.9092551660685,-5.551881998068026
2025-07-28 17:00:00,102.75,114.45145778403452,112.62395,117.19271611535974,-11.701457784034517
2025-07-28 18:00:00,115.2,122.3720111998062,119.54,126.62001136743541,-7.172011199806192
2025-07-28 19:00:00,116.27,119.67031807249106,115.348,126.15379200739952,-3.4003180724910607
2025-07-28 20:00:00,117.23,114.24015212660109,112.55913,116.76168860507693,2.989847873398915
2025-07-28 21:00:00,98.31,102.75600939306044,101.386116,104.81084181150851,-4.446009393060436
2025-07-28 22:00:00,92.73,98.7055249322307,98.87911,98.44514015040096,-5.975524932230698
2025-07-28 23:00:00,86.09,90.45524341495141,89.25882,92.24987344521543,-4.365243414951408
2025-07-29 00:00:00,83.44,88.5685889142194,88.26647,89.02176067666178,-5.1285889142194065
2025-07-29 01:00:00,79.68,85.91025507107038,86.46932,85.07164864874528,-6.230255071070374
2025-07-29 02:00:00,79.23,85.44738657981489,86.42175,83.98583133296009,-6.217386579814885
2025-07-29 03:00:00,79.48,86.72822566535172,86.7896,86.63616169755898,-7.248225665351711
2025-07-29 04:00:00,82.06,93.5480865538242,93.37291,93.81085015836422,-11.488086553824203
2025-07-29 05:00:00,94.94,106.29821313913602,106.76236,105.60198578973458,-11.358213139136026
2025-07-29 06:00:00,94.48,113.88436535638479,112.95056,115.28506347641118,-19.404365356384787
2025-07-29 07:00:00,98.53,112.38844223247591,110.0565,115.8863430079476,-13.858442232475909
2025-07-29 08:00:00,104.03,108.06341318601591,105.67236,111.64998422846752,-4.033413186015906
2025-07-29 09:00:00,101.61,99.46851718129909,97.37031,102.61582344030828,2.141482818700908
2025-07-29 10:00:00,99.76,93.7177274274521,92.70282,95.24008692495352,6.042272572547901
2025-07-29 11:00:00,96.97,90.08073740272114,91.56694,87.85142732333117,6.889262597278858
2025-07-29 12:00:00,93.81,85.0950633800243,86.066,83.6386517972287,8.714936619975703
2025-07-29 13:00:00,90.17,85.7742612720815,87.13782,83.72892329128774,4.3957387279184985
2025-07-29 14:00:00,88.81,87.77362033886612,89.01265,85.91506891357156,1.0363796611338785
2025-07-29 15:00:00,90.14,91.92608516514929,91.89049,91.97947186978237,-1.786085165149288
2025-07-29 16:00:00,92.72,102.21228498031107,103.05478,100.94853624228159,-9.49228498031107
2025-07-29 17:00:00,113.39,112.40538282161167,112.70537,111.95540117634361,0.9846171783883335
2025-07-29 18:00:00,124.18,122.08547530185788,122.40863,121.60073125391229,2.0945246981421235
2025-07-29 19:00:00,125.29,118.63438052170653,118.389854,119.00116965753783,6.655619478293474
2025-07-29 20:00:00,114.67,113.08969874970379,114.10497,111.56677235643718,1.5803012502962162
2025-07-29 21:00:00,98.99,97.27172222434842,96.51123,98.4124503210029,1.718277775651572
2025-07-29 22:00:00,97.85,94.51964837374581,94.534836,94.49685767447681,3.330351626254185
2025-07-29 23:00:00,90.59,90.93254996088186,91.58046,89.96068360276618,-0.3425499608818541
2025-07-30 00:00:00,86.84,86.44610067454445,86.678955,86.09681716182499,0.39389932545554984
2025-07-30 01:00:00,83.18,86.38677750496265,88.9523,82.53848459492613,-3.206777504962645
2025-07-30 02:00:00,81.25,84.24480141709913,86.34043,81.1013529079822,-2.9948014170991257
2025-07-30 03:00:00,84.06,84.56419523988745,86.02845,82.36780545201353,-0.5041952398874514
2025-07-30 04:00:00,88.82,90.29271553090877,91.74923,88.1079351438002,-1.472715530908772
2025-07-30 05:00:00,97.83,102.78975151759866,104.879074,99.65575811223394,-4.9597515175986615
2025-07-30 06:00:00,99.17,108.17538462752265,109.58607,106.05936076924606,-9.005384627522645
2025-07-30 07:00:00,101.46,106.92140237295467,106.296745,107.8583822599013,-5.46140237295468
2025-07-30 08:00:00,103.32,103.44962599095669,103.30669,103.66403346799231,-0.12962599095669702
2025-07-30 09:00:00,98.12,95.07164521037124,93.59258,97.29023324992713,3.0483547896287604
2025-07-30 10:00:00,97.48,91.1702792968629,92.13063,89.72974487301661,6.309720703137103
2025-07-30 11:00:00,95.9,87.24130354458771,89.337456,84.09707332985303,8.658696455412297
2025-07-30 12:00:00,92.14,84.07188212472438,86.21512,80.857023884809,8.068117875275618
2025-07-30 13:00:00,87.77,82.7089050668558,84.77865,79.60428438039634,5.06109493314419
2025-07-30 14:00:00,86.18,84.94610695412027,87.03496,81.81282292729284,1.2338930458797392
2025-07-30 15:00:00,91.18,88.91627790584698,90.14929,87.06675296163894,2.2637220941530245
2025-07-30 16:00:00,99.43,99.73130339413541,101.54782,97.00651928856118,-0.3013033941354024
2025-07-30 17:00:00,110.65,115.12752209874077,115.977776,113.85213044216442,-4.477522098740764
2025-07-30 18:00:00,124.44,122.46379234542067,121.972855,123.20019131277044,1.9762076545793263
2025-07-30 19:00:00,122.81,122.02932345889414,121.36918,123.01953285988183,0.780676541105862
2025-07-30 20:00:00,114.67,112.95712849526416,113.78038,111.72223560583616,1.712871504735844
2025-07-30 21:00:00,101.21,100.26458467380772,99.28672,101.73137936335232,0.9454153261922755
2025-07-30 22:00:00,98.24,98.49416748126055,100.46222,95.54208793838083,-0.2541674812605521
2025-07-30 23:00:00,89.17,91.40626568083786,92.42377,89.88000975263174,-2.2362656808378603
2025-07-31 00:00:00,86.46,87.0224284785883,87.89902,85.70753565875103,-0.562428478588302
2025-07-31 01:00:00,84.15,85.277854432662,86.63269,83.24559090038059,-1.1278544326619908
2025-07-31 02:00:00,82.97,84.06284698246094,85.14668,82.43708571787107,-1.0928469824609408
2025-07-31 03:00:00,85.39,84.85123309476617,85.03741,84.5719685401381,0.5387669052338282
2025-07-31 04:00:00,89.1,91.76506105840362,91.97932,91.4436737641731,-2.665061058403623
2025-07-31 05:00:00,98.1,104.92947368243696,106.93098,101.92720364578966,-6.829473682436969
2025-07-31 06:00:00,99.06,110.75280028328584,110.48524,111.15413739644703,-11.692800283285834
2025-07-31 07:00:00,106.29,109.37288993191032,106.6496,113.45782144842816,-3.082889931910316
2025-07-31 08:00:00,109.02,108.06360910756072,107.63818,108.70173211948773,0.9563908924392734
2025-07-31 09:00:00,104.63,100.81828274252933,100.43366,101.3952056051026,3.8117172574706615
2025-07-31 10:00:00,101.44,93.8996338108904,94.92681,92.35886197778751,7.540366189109591
2025-07-31 11:00:00,94.83,90.1764206467924,93.07439,85.8294640925669,4.653579353207604
2025-07-31 12:00:00,85.54,81.72340559718532,83.78727,78.6276000677924,3.8165944028146868
2025-07-31 13:00:00,81.51,79.06155296285219,81.19984,75.85411777395177,2.4484470371478153
2025-07-31 14:00:00,80.23,76.57607564945977,76.389404,76.85607695629102,3.653924350540237
2025-07-31 15:00:00,78.93,82.82521749469421,83.92464,81.17607893876192,-3.895217494694208
2025-07-31 16:00:00,94.11,94.73413300630128,95.66307,93.34071696094364,-0.6241330063012782
2025-07-31 17:00:00,103.4,107.30361151454795,106.64695,108.28860222692165,-3.903611514547947
2025-07-31 18:00:00,113.25,112.12253916429269,110.17433,115.04485041317312,1.1274608357073106
2025-07-31 19:00:00,116.03,112.14621716915508,112.07051,112.25976899710642,3.883782830844922
2025-07-31 20:00:00,112.8,106.10798771238345,107.628265,103.82755595088051,6.692012287616549
2025-07-31 21:00:00,100.24,94.64690306593965,94.09778,95.47058827703177,5.593096934060341
2025-07-31 22:00:00,98.41,90.50962139580722,91.233635,89.42359152967919,7.900378604192781
2025-07-31 23:00:00,91.72,82.77441354109413,83.27371,82.02545989338475,8.945586458905865
2025-08-01 00:00:00,88.15,74.7225113723131,74.4414,75.14417668517726,13.427488627686913
2025-08-01 01:00:00,82.2,71.20601443041092,70.356766,72.47988173337592,10.993985569589086
2025-08-01 02:00:00,77.09,67.71327925253121,66.52658,69.49332119346181,9.376720747468795
2025-08-01 03:00:00,75.97,67.38161149371085,64.98542,70.97589648635233,8.58838850628915
2025-08-01 04:00:00,84.32,74.70470858398039,72.64306,77.79717566527324,9.615291416019602
2025-08-01 05:00:00,99.7,86.48427355962195,85.902405,87.35706718457732,13.215726440378049
2025-08-01 06:00:00,107.93,93.92009444075015,93.32259,94.81634366107949,14.009905559249859
2025-08-01 07:00:00,105.38,96.10325904777366,94.29138,98.82106532878475,9.276740952226334
2025-08-01 08:00:00,93.09,92.8149804733934,89.898964,97.18899956910363,0.2750195266065987
2025-08-01 09:00:00,82.77,83.15961940646147,81.171814,86.14132184684217,-0.3896194064614775
2025-08-01 10:00:00,73.81,79.17709512620328,78.50453,80.18593239558632,-5.3670951262032816
2025-08-01 11:00:00,63.63,69.87332577460086,68.476204,71.96900474411933,-6.243325774600855
2025-08-01 12:00:00,57.64,62.665017295002286,59.193657,67.87205022603109,-5.025017295002286
2025-08-01 13:00:00,56.95,62.03298302108582,58.805973,66.87349606589814,-5.082983021085816
2025-08-01 14:00:00,64.37,61.273943895099634,58.6912,65.14805553853034,3.09605610490037
2025-08-01 15:00:00,75.88,70.73316471307851,69.54184,72.52014856858494,5.146835286921487
2025-08-01 16:00:00,92.57,90.27911987706099,89.6122,91.27949334194446,2.290880122939001
2025-08-01 17:00:00,103.94,102.6798723479261,100.51362,105.92924553656329,1.2601276520738907
2025-08-01 18:00:00,111.09,110.54084957004852,108.1232,114.16731328669356,0.5491504299514816
2025-08-01 19:00:00,113.35,112.18671171412925,110.2978,115.02007823551843,1.163288285870749
2025-08-01 20:00:00,112.15,107.81554503431029,106.80582,109.33012235140072,4.334454965689716
2025-08-01 21:00:00,101.0,95.3698180886872,93.65149,97.94730752030196,5.630181911312803
2025-08-01 22:00:00,98.81,90.90079860922415,90.01185,92.23422003380259,7.9092013907758485
2025-08-01 23:00:00,93.98,82.2839199764754,81.03192,84.16191023171586,11.696080023524601
2025-08-02 00:00:00,89.42,78.09908977817736,75.9297,81.35316649256251,11.320910221822643
2025-08-02 01:00:00,85.89,71.83352964101653,68.06409,77.48768610205303,14.056470358983475
2025-08-02 02:00:00,83.91,69.44323347019585,65.52439,75.32149309931773,14.466766529804147
2025-08-02 03:00:00,81.62,68.02028355797272,64.546104,73.23154652615739,13.599716442027287
2025-08-02 04:00:00,81.2,71.58027822465841,69.71342,74.38056425976615,9.619721775341588
2025-08-02 05:00:00,82.67,76.48637145981571,76.17246,76.95722923242502,6.183628540184287
2025-08-02 06:00:00,83.83,81.94837477135601,81.66061,82.38002544462537,1.8816252286439834
2025-08-02 07:00:00,78.36,84.7881170143695,84.17206,85.71219584097744,-6.428117014369505
2025-08-02 08:00:00,77.67,80.57305313313279,75.98443,87.45598259479488,-2.9030531331327865
2025-08-02 09:00:00,77.86,76.8492418747658,70.81952,85.89381849306682,1.0107581252342044
2025-08-02 10:00:00,82.67,76.88752913003168,74.58406,80.34272609961533,5.782470869968321
2025-08-02 11:00:00,82.7,77.55362737589618,78.81868,75.65604300333911,5.146372624103819
2025-08-02 12:00:00,80.83,72.94915003703605,71.94234,74.45936190899636,7.88084996296395
2025-08-02 13:00:00,78.28,72.37659504802684,69.829926,76.19659549970578,5.903404951973158
2025-08-02 14:00:00,80.36,72.65760022987998,70.94404,75.22793726598411,7.702399770120024
2025-08-02 15:00:00,85.24,84.31160347911228,85.27594,82.86509497097404,0.9283965208877163
2025-08-02 16:00:00,96.9,95.27533421528847,94.15126,96.96144306690766,1.6246657847115387
2025-08-02 17:00:00,104.65,108.07523461516314,106.15013,110.96288016278575,-3.4252346151631343
2025-08-02 18:00:00,113.88,118.0683416027421,115.409805,122.05613461598611,-4.188341602742099
2025-08-02 19:00:00,117.15,119.25475712341779,117.41006,122.02179957734327,-2.1047571234177838
2025-08-02 20:00:00,114.76,116.54226174452313,116.38681,116.77542364841717,-1.782261744523126
2025-08-02 21:00:00,100.95,104.07174366183185,102.00767,107.16785593497514,-3.121743661831843
2025-08-02 22:00:00,93.85,98.1883841345311,96.574005,100.6099488312008,-4.338384134531111
2025-08-02 23:00:00,87.8,88.64503313795962,85.81753,92.8862816516617,-0.8450331379596179
2025-08-03 00:00:00,81.52,85.73143551642758,84.62752,87.3873084260787,-4.211435516427585
2025-08-03 01:00:00,74.31,75.15209448330691,72.020615,79.8493066428376,-0.8420944833069086
2025-08-03 02:00:00,70.57,69.09371959346718,64.90082,75.38307217702734,1.4762804065328083
2025-08-03 03:00:00,66.39,66.07312043717708,62.28917,71.74903949626301,0.31687956282291907
2025-08-03 04:00:00,64.42,66.48572854243767,63.945286,70.29639075306682,-2.065728542437668
2025-08-03 05:00:00,54.46,60.976330738113504,55.290245,69.50545544635798,-6.516330738113503
2025-08-03 06:00:00,41.62,59.797481419737395,52.179943,71.22378796859397,-18.177481419737397
2025-08-03 07:00:00,36.38,57.0332134595655,47.9395,70.67378243584002,-20.6532134595655
2025-08-03 08:00:00,34.32,58.49574769394003,53.106686,66.57933982353416,-24.175747693940032
2025-08-03 09:00:00,41.74,56.94253190835984,51.298553,65.40849766335566,-15.202531908359838
2025-08-03 10:00:00,35.0,47.25248039381832,46.441643,48.46873493535145,-12.252480393818317
2025-08-03 11:00:00,26.17,39.23036878343426,36.71302,43.00638956417646,-13.060368783434257
2025-08-03 12:00:00,10.13,40.93910688532279,36.179375,48.07870135637339,-30.80910688532279
2025-08-03 13:00:00,11.24,33.45568472896589,31.69568,36.09569089498552,-22.21568472896589
2025-08-03 14:00:00,12.43,18.52686258810461,16.311674,21.849645293198535,-6.09686258810461
2025-08-03 15:00:00,39.12,30.58526442894697,29.193901,32.67230566465258,8.534735571053027
2025-08-03 16:00:00,79.98,67.66070291768679,66.36177,69.60910134939274,12.319297082313213
2025-08-03 17:00:00,95.42,90.13280224041932,89.80455,90.62517462265473,5.287197759580678
2025-08-03 18:00:00,110.83,102.83573296008046,102.57298,103.22985058867769,7.994267039919535
2025-08-03 19:00:00,112.49,112.06277204797635,115.23486,107.30462375397408,0.4272279520236424
2025-08-03 20:00:00,114.16,109.56916592008884,113.630356,103.47737723308339,4.590834079911161
2025-08-03 21:00:00,109.43,94.99250816766256,96.44034,92.8207594023107,14.437491832337443
2025-08-03 22:00:00,98.5,89.21645880442463,89.93108,88.14451577021686,9.283541195575367
2025-08-03 23:00:00,93.94,87.28567528884722,88.287926,85.7822901050526,6.654324711152782
2025-08-04 00:00:00,92.75,81.27877131421326,81.95598,80.26295878785248,11.471228685786741
2025-08-04 01:00:00,86.81,79.12392776351527,80.549446,76.98564452780673,7.686072236484733
2025-08-04 02:00:00,81.65,76.13049189490194,77.143326,74.61124102875874,5.519508105098069
2025-08-04 03:00:00,79.76,71.4545216343348,70.05834,73.5487853938204,8.30547836566521
2025-08-04 04:00:00,82.31,75.12173544587706,73.95485,76.87206474994656,7.188264554122938
2025-08-04 05:00:00,86.13,84.48552988276961,86.10493,82.05642457569843,1.6444701172303837
2025-08-04 06:00:00,85.23,88.97949340474817,91.74919,84.82493704885772,-3.749493404748165
2025-08-04 07:00:00,77.41,84.08970065010547,86.138794,81.01605879994628,-6.679700650105474
2025-08-04 08:00:00,58.29,73.89311433522053,71.06196,78.13984455387165,-15.603114335220532
2025-08-04 09:00:00,31.06,58.43182571190353,54.780586,63.90867728635061,-27.37182571190353
2025-08-04 10:00:00,13.56,46.210218019168366,42.536613,51.720622944039064,-32.65021801916836
2025-08-04 11:00:00,9.29,35.59301669167908,31.707827,41.42080085395355,-26.303016691679083
2025-08-04 12:00:00,6.75,34.50008482760086,29.789782,41.56553971335029,-27.75008482760086
2025-08-04 13:00:00,5.48,26.536889801386373,22.901993,31.989232922502794,-21.056889801386372
2025-08-04 14:00:00,11.16,27.20093116764965,25.641226,29.54048776638365,-16.04093116764965
2025-08-04 15:00:00,21.47,28.722009790773974,33.17374,22.044411035467647,-7.252009790773975
2025-08-04 16:00:00,39.55,39.93875680141357,42.885372,35.51883185338744,-0.38875680141357094
2025-08-04 17:00:00,60.27,53.87933632124683,51.735874,57.094528585404674,6.390663678753171
2025-08-04 18:00:00,65.5,68.35164772515313,67.737465,69.27292195570507,-2.8516477251531285
2025-08-04 19:00:00,67.2,76.20652248867468,76.98734,75.03529196997772,-9.006522488674676
2025-08-04 20:00:00,59.28,72.13060327210255,74.32857,68.83365501558353,-12.850603272102546
2025-08-04 21:00:00,42.35,51.74015962056842,49.334793,55.348204646819,-9.390159620568419
2025-08-04 22:00:00,21.13,34.063432567668244,30.952606,38.729672117412804,-12.933432567668245
2025-08-04 23:00:00,11.73,23.95340013963296,20.67978,28.863829385795043,-12.223400139632961
2025-08-05 00:00:00,9.21,12.776926649648487,10.810327,15.726826521353274,-3.5669266496484866
2025-08-05 01:00:00,3.53,4.065134286961563,4.3773365,3.596830964291115,-0.5351342869615636
2025-08-05 02:00:00,1.24,1.7326801242144483,1.6297253,1.8871122155863986,-0.4926801242144483
2025-08-05 03:00:00,1.64,2.3576590865889333,1.1751801,4.131377600143139,-0.7176590865889334
2025-08-05 04:00:00,7.22,10.355478487267227,9.375346,11.825676465665623,-3.1354784872672274
2025-08-05 05:00:00,15.99,23.550031390625144,23.030775,24.32891539444006,-7.560031390625143
2025-08-05 06:00:00,22.17,23.09367185199818,21.533228,25.434336795522796,-0.9236718519981792
2025-08-05 07:00:00,7.78,18.53959052812983,18.983381,17.873903936443952,-10.759590528129827
2025-08-05 08:00:00,-0.92,3.6053377661829473,3.657106,3.5276851737810375,-4.525337766182948
2025-08-05 09:00:00,-3.09,-0.7890364195713688,1.8183907,-4.700177377911729,-2.300963580428631
2025-08-05 10:00:00,-8.34,-9.256450668943273,-7.3612094,-12.099312583536772,0.9164506689432734
2025-08-05 11:00:00,-11.01,-13.657236710107407,-12.3242,-15.656791068405113,2.647236710107407
2025-08-05 12:00:00,-10.49,-13.640815255747906,-13.495469,-13.858834499385637,3.150815255747906
2025-08-05 13:00:00,-9.73,-13.124167956522673,-12.293941,-14.369508121439736,3.394167956522672
2025-08-05 14:00:00,-4.69,-4.925921012555944,-2.2360947,-8.96066022315469,0.23592101255594322
2025-08-05 15:00:00,-1.68,6.241197699358042,9.975448,0.6398227663089244,-7.921197699358042
2025-08-05 16:00:00,14.72,25.147771080117707,29.387766,18.78777792002083,-10.427771080117706
2025-08-05 17:00:00,55.72,76.51249911786326,92.36242,52.73761337998528,-20.792499117863258
2025-08-05 18:00:00,76.1,84.67382429903975,89.51471,77.41249081656912,-8.573824299039757
2025-08-05 19:00:00,83.71,92.5169968013968,94.36852,89.73970040803303,-8.806996801396807
2025-08-05 20:00:00,88.28,89.17435517058715,92.37627,84.37148248518366,-0.8943551705871471
2025-08-05 21:00:00,77.11,75.88140202609705,74.00318,78.69873287896331,1.22859797390295
2025-08-05 22:00:00,66.42,64.560747737536,62.440514,67.74109511288299,1.8592522624639969
2025-08-05 23:00:00,50.25,46.77373842509709,43.457508,51.74807916363383,3.4762615749029067
2025-08-06 00:00:00,44.78,46.48806790155218,45.09763,48.5737235258531,-1.7080679015521767
2025-08-06 01:00:00,39.78,46.16144399736963,42.126286,52.21417975660768,-6.3814439973696295
2025-08-06 02:00:00,40.56,58.378510742738015,56.750465,60.820573045199524,-17.818510742738013
2025-08-06 03:00:00,46.81,63.11007900195882,60.324234,67.28884267701619,-16.30007900195882
2025-08-06 04:00:00,61.85,78.96014776938378,78.927925,79.00847412927001,-17.11014776938378
2025-08-06 05:00:00,90.04,93.39019901566732,95.58102,90.10396319163411,-3.3501990156673145
2025-08-06 06:00:00,84.0,92.82641219831228,92.72597,92.97707557024361,-8.826412198312283
2025-08-06 07:00:00,86.46,94.0319443238586,97.12359,89.39447415193163,-7.571944323858602
2025-08-06 08:00:00,80.66,86.65804551410174,90.3855,81.06686290024459,-5.998045514101747
2025-08-06 09:00:00,72.05,75.55154607626295,80.23338,68.52878088584782,-3.5015460762629544
2025-08-06 10:00:00,75.67,48.63564462580162,43.19293,56.79971623216761,27.034355374198384
2025-08-06 11:00:00,76.49,44.287863977802616,37.747997,54.097660203905946,32.20213602219738
2025-08-06 12:00:00,77.66,51.76546987488649,48.61283,56.494425152609296,25.894530125113505
2025-08-06 13:00:00,82.46,49.24072708765176,43.81116,57.38507424989112,33.21927291234823
2025-08-06 14:00:00,89.19,62.96446342060884,61.223793,65.57546900684434,26.22553657939116
2025-08-06 15:00:00,93.12,89.2669356440534,92.15252,84.93855073427903,3.8530643559466
2025-08-06 16:00:00,94.82,102.0154344440805,102.35747,101.50238081845319,-7.1954344440805045
2025-08-06 17:00:00,109.67,114.90131496651087,111.99459,119.26140127736114,-5.231314966510865
2025-08-06 18:00:00,116.12,117.99382903304372,112.71931,125.90561216390813,-1.8738290330437195
2025-08-06 19:00:00,115.73,112.823488773072,108.93514,118.65599289825614,2.9065112269280036
2025-08-06 20:00:00,109.64,106.67719576756994,104.546585,109.87310225766994,2.9628042324300594
2025-08-06 21:00:00,92.72,93.48257232848749,89.65514,99.22371330718065,-0.7625723284874937
2025-08-06 22:00:00,95.7,86.27097189075724,83.588844,90.29415755587257,9.429028109242765
2025-08-06 23:00:00,72.86,72.61666790415724,68.01738,79.51559821193118,0.24333209584276005
2025-08-07 00:00:00,56.61,58.35038833773999,56.252117,61.497795108876346,-1.7403883377399936
2025-08-07 01:00:00,45.91,52.49563796777305,48.970413,57.78347033904933,-6.585637967773053
2025-08-07 02:00:00,41.49,49.44503950472418,44.24172,57.250017508758674,-7.955039504724176
2025-08-07 03:00:00,40.9,42.949090592973945,39.18434,48.59621433643878,-2.049090592973947
2025-08-07 04:00:00,48.66,50.14961054836884,46.783817,55.19829757300951,-1.4896105483688444
2025-08-07 05:00:00,74.52,68.98219295724724,70.36367,66.90997114739054,5.53780704275276
2025-08-07 06:00:00,86.45,83.27890251736412,80.24808,87.82513257514856,3.1710974826358864
2025-08-07 07:00:00,73.34,89.88126337901846,91.88763,86.87170893887915,-16.54126337901846
2025-08-07 08:00:00,50.25,86.64278466081271,84.977486,89.14073125957572,-36.39278466081271
2025-08-07 09:00:00,32.08,78.32234972025552,79.87767,75.98936123911534,-46.24234972025552
2025-08-07 10:00:00,21.35,59.49048559940479,62.025677,55.6876931855237,-38.14048559940479
2025-08-07 11:00:00,12.93,44.587599725839524,44.013298,45.449049401573916,-31.657599725839525
2025-08-07 12:00:00,10.1,38.06590286165323,37.565365,38.816709897663344,-27.965902861653227
2025-08-07 13:00:00,14.86,29.584303083506917,30.331429,28.463612055996293,-14.724303083506918
2025-08-07 14:00:00,29.9,32.92210967656771,30.346355,36.78574103407064,-3.022109676567709
2025-08-07 15:00:00,59.09,49.20219674912828,47.67935,51.486460348162495,9.887803250871727
2025-08-07 16:00:00,84.34,62.11593080490027,59.69322,65.74999394340301,22.22406919509973
2025-08-07 17:00:00,97.17,86.96534347616151,85.82872,88.67027282919773,10.204656523838494
2025-08-07 18:00:00,110.92,102.8743541105213,103.520775,101.90471347759717,8.045645889478706
2025-08-07 19:00:00,116.82,101.5381282815596,101.503044,101.59074878922613,15.2818717184404
2025-08-07 20:00:00,112.68,98.18460405571349,99.8443,95.69505544262844,14.495395944286514
2025-08-07 21:00:00,102.49,88.97995089590337,90.11565,87.27640388160412,13.510049104096623
2025-08-07 22:00:00,96.62,83.03774227822021,85.702324,79.04086028844603,13.582257721779797
2025-08-07 23:00:00,85.82,73.45449793307935,75.528786,70.34306436700012,12.36550206692064
2025-08-08 00:00:00,82.01,70.10951588793637,70.79642,69.07916005065147,11.900484112063637
2025-08-08 01:00:00,75.56,66.21293831629515,66.417076,65.90672971712948,9.347061683704851
2025-08-08 02:00:00,72.48,64.19320775836937,63.489395,65.24892096147516,8.286792241630636
2025-08-08 03:00:00,71.91,67.52303311086071,66.060905,69.71622459233731,4.386966889139288
2025-08-08 04:00:00,72.3,74.83772821118137,72.860695,77.80327247802668,-2.537728211181374
2025-08-08 05:00:00,85.52,91.61989584462461,92.55735,90.21370865147853,-6.099895844624612
2025-08-08 06:00:00,92.53,94.60024752836682,93.097694,96.85406959606351,-2.0702475283668207
2025-08-08 07:00:00,80.31,90.19718067470149,91.12613,88.80375605381914,-9.887180674701483
2025-08-08 08:00:00,58.5,75.14200224896614,77.09331,72.21504247239093,-16.642002248966136
2025-08-08 09:00:00,20.36,56.15573330543438,56.35091,55.86296607608594,-35.79573330543438
2025-08-08 10:00:00,16.15,44.50987349646309,45.82294,42.54027154785939,-28.359873496463095
2025-08-08 11:00:00,7.49,39.677669815602655,40.996315,37.6997001279959,-32.18766981560265
2025-08-08 12:00:00,10.12,29.3974689857817,24.8997,36.14412174042471,-19.277468985781702
2025-08-08 13:00:00,13.05,25.061446018915376,22.08962,29.519183208299182,-12.011446018915375
2025-08-08 14:00:00,24.54,28.068984247169624,25.778387,31.50487953653368,-3.5289842471696247
2025-08-08 15:00:00,58.72,45.53369992486407,46.58848,43.95152314284863,13.186300075135932
2025-08-08 16:00:00,85.7,67.43218689045855,66.97305,68.12088203632703,18.26781310954145
2025-08-08 17:00:00,101.2,95.66290449695288,95.754654,95.52527843903746,5.5370955030471265
2025-08-08 18:00:00,115.06,106.75669993374255,104.0829,110.7673964255429,8.30330006625745
2025-08-08 19:00:00,114.4,108.22433022859764,108.24334,108.19580863423822,6.175669771402369
2025-08-08 20:00:00,111.33,103.04029325523858,104.2344,101.24912867642652,8.289706744761418
2025-08-08 21:00:00,98.42,90.96356075572947,90.18747,92.12769194364495,7.456439244270527
2025-08-08 22:00:00,87.74,84.22767499796755,83.29798,85.62221178691107,3.5123250020324406
2025-08-08 23:00:00,80.7,75.44670078582755,75.037224,76.06091433334328,5.253299214172458
2025-08-09 00:00:00,75.31,67.05337789712311,67.31281,66.66422553504412,8.25662210287689
2025-08-09 01:00:00,66.83,60.245603080500956,60.053127,60.534309138630306,6.584396919499042
2025-08-09 02:00:00,53.97,56.219165918176465,56.799408,55.3487971349187,-2.249165918176466
2025-08-09 03:00:00,43.97,47.649887287687264,45.923935,50.23881486075868,-3.679887287687265
2025-08-09 04:00:00,40.87,50.413139930936836,49.54296,51.718403378062305,-9.543139930936839
2025-08-09 05:00:00,39.58,42.18270807210851,38.01009,48.44163250784695,-2.6027080721085127
2025-08-09 06:00:00,38.45,37.26179650163027,29.637993,48.69749910472265,1.188203498369731
2025-08-09 07:00:00,12.84,25.859807679153835,20.210648,34.33354543918708,-13.019807679153836
2025-08-09 08:00:00,0.73,16.67462718610284,16.315842,17.212805453050066,-15.944627186102839
2025-08-09 09:00:00,-1.05,0.3518821154480519,1.6773124,-1.636263391761645,-1.401882115448052
2025-08-09 10:00:00,-6.48,-0.554099617780071,4.4938703,-8.126054551156415,-5.925900382219929
2025-08-09 11:00:00,-11.22,-11.089805106341373,-10.800198,-11.524215887038736,-0.13019489365862746
2025-08-09 12:00:00,-13.37,-11.337378879783875,-13.47845,-8.125771036739962,-2.032621120216124
2025-08-09 13:00:00,-11.83,-7.895916019427352,-13.274478,0.17192712786899733,-3.934083980572648
2025-08-09 14:00:00,-6.97,2.392817503444178,-6.060744,15.07315994856711,-9.362817503444177
2025-08-09 15:00:00,5.82,16.099040139386943,8.615856,27.323816092485913,-10.279040139386943
2025-08-09 16:00:00,48.54,43.30778675089162,34.135586,57.066087246186584,5.232213249108376
2025-08-09 17:00:00,87.98,70.68825151075208,56.22458,92.3837566760501,17.291748489247922
2025-08-09 18:00:00,106.63,105.08291239299095,101.0034,111.20217310283869,1.547087607009047
2025-08-09 19:00:00,106.27,106.78133735890432,103.22405,112.11726093876473,-0.5113373589043277
2025-08-09 20:00:00,107.44,103.42554637125895,100.674164,107.55261829325967,4.014453628741052
2025-08-09 21:00:00,98.2,96.64583991132874,94.95786,99.17779977527007,1.5541600886712672
2025-08-09 22:00:00,93.76,86.9288685881345,82.755424,93.18903281372005,6.831131411865499
2025-08-09 23:00:00,89.53,80.27766395390748,76.37224,86.13579692395328,9.252336046092523
2025-08-10 00:00:00,89.29,76.23380827885669,71.49532,83.34153592541318,13.056191721143321
2025-08-10 01:00:00,89.15,78.5247898593174,75.63552,82.85869133835698,10.625210140682611
2025-08-10 02:00:00,89.48,81.76204288851729,78.48175,86.68248148887133,7.717957111482718
2025-08-10 03:00:00,94.01,81.57183474209936,76.6648,88.93238112099547,12.43816525790065
2025-08-10 04:00:00,92.49,81.98582240838905,74.34988,93.43973569321386,10.50417759161094
2025-08-10 05:00:00,91.48,81.05030432668423,70.237045,97.27019288458166,10.429695673315777
2025-08-10 06:00:00,99.72,79.29839877074656,66.34554,98.72767875059685,20.42160122925344
2025-08-10 07:00:00,100.7,88.5156997084785,78.76119,103.14745506648431,12.18430029152151
2025-08-10 08:00:00,95.13,78.58365210735423,62.697205,102.41331956892265,16.54634789264577
2025-08-10 09:00:00,85.83,77.98639268857238,63.32735,99.9749557967483,7.843607311427618
2025-08-10 10:00:00,77.35,73.60658188256886,58.834667,95.76445389770635,3.7434181174311334
2025-08-10 11:00:00,74.05,68.98958884039456,53.877716,91.65739800430669,5.060411159605437
2025-08-10 12:00:00,60.79,62.61804855368486,45.496117,88.30094547326243,-1.8280485536848587
2025-08-10 13:00:00,52.2,56.08800168346537,41.31025,78.25462926206919,-3.888001683465369
2025-08-10 14:00:00,63.55,55.298494814841746,45.525726,69.95764374486802,8.251505185158251
2025-08-10 15:00:00,81.28,67.42171754781678,65.827774,69.81262898306736,13.858282452183218
2025-08-10 16:00:00,89.37,87.29720598842516,87.52208,86.95989386205409,2.0727940115748424
2025-08-10 17:00:00,106.03,103.7609678434689,100.863235,108.10755876882853,2.2690321565310967
2025-08-10 18:00:00,115.35,113.26083214132768,108.62517,120.2143247686024,2.0891678586723117
2025-08-10 19:00:00,116.86,112.1633729188325,107.77883,118.74016981539178,4.696627081167506
2025-08-10 20:00:00,108.64,109.7775931983997,107.461655,113.25148955727852,-1.1375931983996992
2025-08-10 21:00:00,93.65,101.33918714199376,97.36275,107.30383752966702,-7.689187141993756
2025-08-10 22:00:00,90.79,92.04141205380839,87.5397,98.79397317346138,-1.2514120538083802
2025-08-10 23:00:00,84.12,86.91552634379113,82.562675,93.44479310862334,-2.795526343791124
2025-08-11 00:00:00,81.78,84.55862922219862,81.94655,88.4767465479282,-2.7786292221986173
2025-08-11 01:00:00,79.92,81.84397784912139,78.461464,86.91774110107497,-1.9239778491213855
2025-08-11 02:00:00,79.81,79.84943380390749,74.97369,87.1630475529816,-0.0394338039074853
2025-08-11 03:00:00,80.59,85.74575395699677,81.75136,91.73734593680342,-5.155753956996762
2025-08-11 04:00:00,92.47,94.60232238355088,91.83533,98.75280569947779,-2.1323223835508855
2025-08-11 05:00:00,105.48,105.46099386901739,102.27726,110.23658539581005,0.01900613098261772
2025-08-11 06:00:00,98.71,113.60869687256677,110.63589,118.06789620363371,-14.898696872566774
2025-08-11 07:00:00,96.47,109.64739112318847,105.82248,115.38475702855222,-13.177391123188471
2025-08-11 08:00:00,94.95,102.98787478951712,100.70965,106.40520523856328,-8.037874789517119
2025-08-11 09:00:00,87.3,89.04729253368879,83.58411,97.2420640368587,-1.7472925336887926
2025-08-11 10:00:00,85.93,84.92261251725269,81.09787,90.65971694681824,1.007387482747319
2025-08-11 11:00:00,86.36,82.96244924164377,79.57974,88.03650182725394,3.397550758356232
2025-08-11 12:00:00,86.8,79.09800829016021,74.46219,86.05173382964858,7.701991709839788
2025-08-11 13:00:00,86.66,78.861574878578,74.66859,85.15104947061491,7.7984251214219995
2025-08-11 14:00:00,90.02,86.26582139262078,83.84889,89.89120944163494,3.7541786073792167
2025-08-11 15:00:00,92.88,94.65687655056666,92.73649,97.53745314094303,-1.7768765505666693
2025-08-11 16:00:00,102.46,107.57872258513956,107.05653,108.36199429854227,-5.118722585139565
2025-08-11 17:00:00,137.57,120.78134214866594,119.93527,122.05043941707501,16.78865785133405
2025-08-11 18:00:00,151.51,126.91253106037414,126.99647,126.78661863604275,24.597468939625855
2025-08-11 19:00:00,140.89,122.58817369385653,123.3745,121.40867428591088,18.301826306143454
2025-08-11 20:00:00,117.93,109.61120256008722,109.85105,109.25141414557937,8.318797439912785
2025-08-11 21:00:00,102.18,94.43546188169765,93.08959,96.4542648269248,7.7445381183023585
2025-08-11 22:00:00,97.95,92.38973983691429,91.72192,93.39146575744684,5.560260163085715
2025-08-11 23:00:00,89.45,89.4645124821842,88.21779,91.33459243898099,-0.014512482184201758
2025-08-12 00:00:00,86.75,89.55605304596887,90.284515,88.46335382158722,-2.8060530459688664
2025-08-12 01:00:00,85.27,86.02939222223398,86.16785,85.8217048140078,-0.7593922222339842
2025-08-12 02:00:00,84.33,84.63002752693407,84.30438,85.11849342365844,-0.3000275269340733
2025-08-12 03:00:00,86.34,85.9772867430201,85.542465,86.62951332056295,0.36271325697990164
2025-08-12 04:00:00,96.78,92.7769184370261,92.5765,93.07754046207205,4.003081562973904
2025-08-12 05:00:00,113.25,105.42309702624547,107.3148,102.58554789398283,7.826902973754528
2025-08-12 06:00:00,108.63,107.8456249164694,109.58448,105.23732660391767,0.7843750835305912
2025-08-12 07:00:00,102.47,100.83343435389622,101.17135,100.32655539768001,1.6365656461037759
2025-08-12 08:00:00,94.32,95.16563681500321,95.734276,94.31267449600412,-0.8456368150032176
2025-08-12 09:00:00,90.99,87.43843362117357,86.45528,88.9131616896527,3.551566378826422
2025-08-12 10:00:00,83.12,83.70005529284478,82.14421,86.0338143795729,-0.5800552928447757
2025-08-12 11:00:00,79.38,79.93629121696046,76.780304,84.67026829508666,-0.5562912169604601
2025-08-12 12:00:00,78.6,78.33346544355248,74.62234,83.90015568956966,0.26653455644751034
2025-08-12 13:00:00,79.41,78.99971950651985,75.16439,84.75270719830644,0.41028049348014406
2025-08-12 14:00:00,79.52,85.2131109373112,84.038536,86.97497132826334,-5.693110937311204
2025-08-12 15:00:00,88.25,91.50897630452056,90.458275,93.08502277729258,-3.2589763045205586
2025-08-12 16:00:00,103.84,103.16072926279034,103.49717,102.65606128563797,0.6792707372096629
2025-08-12 17:00:00,135.42,123.88844230207309,125.50856,121.45826166948935,11.5315576979269
2025-08-12 18:00:00,145.76,137.5308346967211,140.98625,132.3477089952207,8.229165303278904
2025-08-12 19:00:00,139.54,128.63376630429926,130.6828,125.56020769190046,10.906233695700735
2025-08-12 20:00:00,118.15,113.8689115557743,116.01836,110.64474058987518,4.281088444225702
2025-08-12 21:00:00,103.49,100.07833729067175,101.0821,98.57268954015592,3.4116627093282403
2025-08-12 22:00:00,103.07,95.64788262327312,97.030334,93.57419531245526,7.422117376726874
2025-08-12 23:00:00,97.56,91.30702698437221,92.0701,90.16241342345495,6.252973015627788
2025-08-13 00:00:00,94.29,84.45318728362656,82.57564,87.26950957564355,9.836812716373444
2025-08-13 01:00:00,91.28,84.53279318048521,84.29882,84.88374267106167,6.747206819514787
2025-08-13 02:00:00,89.2,83.68404552076629,83.43219,84.06182698245769,5.515954479233713
2025-08-13 03:00:00,93.01,85.01457795965327,83.834724,86.7843487229857,7.995422040346739
2025-08-13 04:00:00,105.57,94.72800705583086,94.593254,94.93013078349802,10.841992944169135
2025-08-13 05:00:00,112.91,111.84171432060641,113.56465,109.25730093823478,1.0682856793935827
2025-08-13 06:00:00,111.84,112.57029134628338,112.465546,112.72739844017134,-0.73029134628338
2025-08-13 07:00:00,107.13,107.38806470660094,105.17619,110.70587000319667,-0.2580647066009476
2025-08-13 08:00:00,99.72,100.6137013291309,97.92361,104.6488391992921,-0.8937013291309057
2025-08-13 09:00:00,90.98,92.84605774559942,89.86611,97.31596910154738,-1.86605774559942
2025-08-13 10:00:00,86.81,88.06865074588063,85.358925,92.1332300293744,-1.2586507458806295
2025-08-13 11:00:00,83.48,84.55061131354333,83.48189,86.15369274308685,-1.0706113135433242
2025-08-13 12:00:00,81.9,82.46750900638656,81.275154,84.2560356232662,-0.5675090063865582
2025-08-13 13:00:00,81.84,81.33756287509911,79.89239,83.50532610254271,0.5024371249008937
2025-08-13 14:00:00,85.36,83.75013213016423,82.43382,85.72458874826214,1.6098678698357674
2025-08-13 15:00:00,99.62,93.54981155161491,94.54091,92.06315802942788,6.070188448385096
2025-08-13 16:00:00,117.23,104.21751818793814,105.51739,102.26770484789708,13.012481812061864
2025-08-13 17:00:00,148.29,127.04343013987744,129.82127,122.87665320003539,21.24656986012255
2025-08-13 18:00:00,156.83,135.26264882171944,138.45868,130.4685956260759,21.567351178280575
2025-08-13 19:00:00,148.96,129.77881777560114,132.1448,126.22982413260638,19.181182224398867
2025-08-13 20:00:00,128.57,113.91868233452757,115.1546,112.06479131605525,14.651317665472419
2025-08-13 21:00:00,108.86,100.88268071374782,102.31964,98.72723057770452,7.9773192862521825
2025-08-13 22:00:00,98.81,98.2682137645231,100.58857,94.78767041289467,0.5417862354769056
2025-08-13 23:00:00,91.74,91.56849365316448,91.763725,91.27563667502545,0.17150634683551402
2025-08-14 00:00:00,87.75,88.38574864165113,88.806885,87.75403682629579,-0.6357486416511335
2025-08-14 01:00:00,85.51,86.88120476611637,88.1368,84.99780218323525,-1.3712047661163638
2025-08-14 02:00:00,86.24,85.04998771849844,85.4388,84.46677189329202,1.1900122815015521
2025-08-14 03:00:00,88.36,87.60641645049694,87.7468,87.39583429335659,0.7535835495030625
2025-08-14 04:00:00,97.51,97.6837672439037,99.36037,95.16886215577975,-0.17376724390369702
2025-08-14 05:00:00,108.91,109.264812989672,111.23221,106.31371628155303,-0.3548129896719985
2025-08-14 06:00:00,107.28,113.45774242546429,113.596725,113.24926786785994,-6.177742425464288
2025-08-14 07:00:00,101.18,109.80282353303153,110.02512,109.46936962359445,-8.622823533031521
2025-08-14 08:00:00,92.97,100.32375411405287,99.96358,100.86401174997593,-7.353754114052876
2025-08-14 09:00:00,86.92,93.9279535718477,92.95683,95.38463078630869,-7.007953571847693
2025-08-14 10:00:00,84.39,89.03540918892995,88.27299,90.179036201695,-4.645409188929946
2025-08-14 11:00:00,81.97,86.34542468153849,86.67197,85.85560806004739,-4.37542468153849
2025-08-14 12:00:00,79.92,83.01173095866409,82.63731,83.57336235454594,-3.091730958664087
2025-08-14 13:00:00,81.29,81.3100714741835,80.283264,82.85027863052713,-0.020071474183495752
2025-08-14 14:00:00,90.34,84.23083065768857,83.942924,84.66268417290794,6.109169342311432
2025-08-14 15:00:00,96.33,94.67769917017958,95.95547,92.76103755252416,1.652300829820419
2025-08-14 16:00:00,119.82,110.28743570469928,113.38301,105.6440691506642,9.532564295300716
2025-08-14 17:00:00,148.11,128.3345396969811,129.66113,126.34463857961093,19.775460303018917
2025-08-14 18:00:00,154.21,129.73822898595432,127.495445,133.10240077299125,24.471771014045686
2025-08-14 19:00:00,150.6,131.12809453129054,131.95735,129.8841973572791,19.47190546870945
2025-08-14 20:00:00,129.21,114.00505781145307,113.27069,115.10660052228499,15.204942188546937
2025-08-14 21:00:00,107.77,102.14007967044242,101.92668,102.46017499092537,5.629920329557578
2025-08-14 22:00:00,95.47,96.41896218579643,97.32719,95.05662368043343,-0.9489621857964323
2025-08-14 23:00:00,90.29,89.63659968593927,89.40526,89.98360431738723,0.6534003140607325
2025-08-15 00:00:00,87.55,86.4100907173945,86.85892,85.73684521694815,1.139909282605501
2025-08-15 01:00:00,84.66,84.12153886750804,84.84166,83.0413502205279,0.5384611324919604
2025-08-15 02:00:00,83.76,82.80974747266333,83.15651,82.28959504579407,0.9502525273366729
2025-08-15 03:00:00,84.51,85.99396008819812,86.75176,84.85725091324434,-1.483960088198117
2025-08-15 04:00:00,88.76,92.45940801751323,92.28103,92.72697501509651,-3.699408017513221
2025-08-15 05:00:00,96.82,105.34275778438901,106.01571,104.33332344656822,-8.522757784389015
2025-08-15 06:00:00,99.23,111.22282624656988,111.94492,110.13968051510633,-11.992826246569877
2025-08-15 07:00:00,99.06,105.1617104026406,104.91781,105.52755748548331,-6.101710402640592
2025-08-15 08:00:00,94.37,95.94241046905418,95.221436,97.02387094497433,-1.5724104690541765
2025-08-15 09:00:00,87.26,87.28988046821192,85.77702,89.55915856799075,-0.029880468211914035
2025-08-15 10:00:00,86.7,82.75617625003505,81.34185,84.87766329659644,3.943823749964949
2025-08-15 11:00:00,81.9,79.5323336865934,78.85488,80.54850656450594,2.367666313406602
2025-08-15 12:00:00,80.43,72.10230946872841,67.84326,78.49087537165013,8.3276905312716
2025-08-15 13:00:00,79.55,73.43970371763722,71.07379,76.98857013088502,6.110296282362782
2025-08-15 14:00:00,79.37,78.43454416550242,76.5308,81.29016061517206,0.9354558344975885
2025-08-15 15:00:00,81.64,88.7239784440199,88.03525,89.75706677655364,-7.083978444019905
2025-08-15 16:00:00,92.69,103.9607970182467,103.54486,104.58469556380521,-11.270797018246697
2025-08-15 17:00:00,110.34,123.97294147032778,124.385666,123.35385102079016,-13.63294147032778
2025-08-15 18:00:00,119.78,129.36701515901007,128.41525,130.79464742511306,-9.587015159010065
2025-08-15 19:00:00,117.35,130.359627781821,132.21596,127.57513299215015,-13.009627781820996
2025-08-15 20:00:00,107.4,113.11293047590021,112.6823,113.75886961626418,-5.712930475900208
2025-08-15 21:00:00,94.98,101.81077073880905,103.447136,99.3562191443859,-6.830770738809051
2025-08-15 22:00:00,93.47,93.55774923411968,94.669136,91.89066519955699,-0.08774923411968416
2025-08-15 23:00:00,90.51,88.24181959411791,88.5331,87.80489497833679,2.2681804058820916
2025-08-16 00:00:00,89.47,88.85437232012254,89.29737,88.18986489759638,0.6156276798774627
2025-08-16 01:00:00,86.24,84.84351500889062,84.787025,84.92823980799315,1.396484991109375
2025-08-16 02:00:00,82.66,81.78587018001016,82.00922,81.45084526508887,0.8741298199898324
2025-08-16 03:00:00,79.96,79.98866424191246,80.59372,79.08107184440519,-0.028664241912466082
2025-08-16 04:00:00,80.57,80.0557843826395,80.73484,79.03719464495325,0.5142156173604917
2025-08-16 05:00:00,81.3,82.6578189337175,83.20896,81.83109556732595,-1.3578189337174962
2025-08-16 06:00:00,86.94,83.9009552817511,82.92772,85.36080380801542,3.0390447182489027
2025-08-16 07:00:00,95.71,88.25569775121997,87.926605,88.74932891174132,7.454302248780024
2025-08-16 08:00:00,98.19,89.20753786586938,87.57068,91.66282469091857,8.982462134130614
2025-08-16 09:00:00,91.25,86.38919746524067,82.15433,92.74149685218856,4.86080253475933
2025-08-16 10:00:00,86.4,81.16966233774181,74.65473,90.94205821862212,5.230337662258194
2025-08-16 11:00:00,84.2,79.16088203805744,75.01213,85.38400898918655,5.039117961942566
2025-08-16 12:00:00,79.15,75.03465928879311,70.48825,81.85426449395541,4.115340711206898
2025-08-16 13:00:00,76.29,73.01100417542709,68.88662,79.19757536471519,3.2789958245729167
2025-08-16 14:00:00,77.05,73.63649305779077,71.40377,76.9855769743109,3.4135069422092243
2025-08-16 15:00:00,81.03,79.2155203382839,78.8916,79.70139850195974,1.8144796617161063
2025-08-16 16:00:00,90.8,84.61832813790403,83.08438,86.91924106009208,6.181671862095968
2025-08-16 17:00:00,104.98,99.2966769065871,98.33972,100.73210783958785,5.683323093412909
2025-08-16 18:00:00,111.23,111.80007443239617,112.81335,110.28015815740645,-0.5700744323961686
2025-08-16 19:00:00,109.66,110.58415105787375,110.92018,110.08010573306326,-0.9241510578737575
2025-08-16 20:00:00,105.76,103.2216755891974,102.80647,103.84447026876987,2.538324410802602
2025-08-16 21:00:00,93.04,96.89878169342515,96.98013,96.77674511185876,-3.8587816934251435
2025-08-16 22:00:00,92.26,93.82584777138672,93.91614,93.69040525610353,-1.5658477713867143
2025-08-16 23:00:00,89.04,89.72200155457298,89.14148,90.5927789261053,-0.6820015545729774
2025-08-17 00:00:00,88.77,88.38697855755615,88.57012,88.11225993148804,0.38302144244384806
2025-08-17 01:00:00,85.84,84.04079354546914,83.6345,84.6502283399912,1.7992064545308608
2025-08-17 02:00:00,85.51,81.49998368140236,81.039696,82.19040605714358,4.01001631859765
2025-08-17 03:00:00,85.43,79.72460557830902,79.53145,80.01433376999131,5.705394421690983
2025-08-17 04:00:00,83.96,80.51655094110575,80.49005,80.55629472642158,3.4434490588942452
2025-08-17 05:00:00,82.58,82.3178726961689,81.7264,83.20507450165272,0.2621273038310932
2025-08-17 06:00:00,80.48,85.20127433966896,83.36721,87.9523645448511,-4.721274339668952
2025-08-17 07:00:00,77.8,90.84830668252734,90.75314,90.99104411110349,-13.04830668252734
2025-08-17 08:00:00,74.24,90.99494938964366,90.96308,91.04274761961696,-16.75494938964367
2025-08-17 09:00:00,82.66,85.48057072017988,84.18873,87.41832476492726,-2.8205707201798873
2025-08-17 10:00:00,79.33,76.08229403145978,73.13469,80.50370108206741,3.2477059685402168
2025-08-17 11:00:00,74.92,69.14715079053128,65.482895,74.64353272278817,5.772849209468717
2025-08-17 12:00:00,77.95,64.0296290457506,59.559032,70.73552204674954,13.920370954249407
2025-08-17 13:00:00,77.08,59.87459894969775,55.997807,65.68978182859007,17.20540105030225
2025-08-17 14:00:00,77.97,62.003386410292634,59.74189,65.39562918796304,15.966613589707364
2025-08-17 15:00:00,82.9,73.72234313475421,72.720505,75.22509497372636,9.177656865245794
2025-08-17 16:00:00,93.08,86.92279386673093,84.3765,90.74222445869742,6.157206133269071
2025-08-17 17:00:00,109.81,100.73009006876539,98.16977,104.57056742655215,9.07990993123461
2025-08-17 18:00:00,119.06,109.77748187987424,107.68934,112.9096814147735,9.282518120125758
2025-08-17 19:00:00,118.35,108.91056494050531,106.44485,112.60913978351424,9.439435059494684
2025-08-17 20:00:00,109.97,104.20779447816624,103.08789,105.88764262852105,5.7622055218337636
2025-08-17 21:00:00,96.89,95.12195441752507,93.18167,98.03237551524825,1.768045582474926
2025-08-17 22:00:00,87.16,91.19292339544396,89.27602,94.068276506188,-4.032923395443959
2025-08-17 23:00:00,83.12,83.87631815952975,80.26345,89.29561183559193,-0.7563181595297408
2025-08-18 00:00:00,82.08,81.64242191084173,80.33091,83.60968636890118,0.437578089158265
2025-08-18 01:00:00,82.75,79.37730696877358,77.86059,81.652381496641,3.3726930312264187
2025-08-18 02:00:00,82.25,78.76630902462792,76.44573,82.24717438652095,3.4836909753720846
2025-08-18 03:00:00,82.42,82.09793024708543,79.47278,86.03565050785028,0.3220697529145724
2025-08-18 04:00:00,89.17,91.54079459188895,89.47149,94.64474732872142,-2.370794591888952
2025-08-18 05:00:00,103.13,103.3836853928472,101.91983,105.57946036932502,-0.2536853928472027
2025-08-18 06:00:00,106.31,107.18430487453415,101.466774,115.76059739141348,-0.8743048745341468
2025-08-18 07:00:00,105.3,107.59523493905576,101.259995,117.09808605064234,-2.29523493905576
2025-08-18 08:00:00,106.18,104.8590676413942,98.60464,114.24070766244546,1.320932358605802
2025-08-18 09:00:00,100.6,98.51580932645369,91.605225,108.88167686532856,2.0841906735463027
2025-08-18 10:00:00,94.48,94.592445131208,88.001396,104.47901665187254,-0.11244513120799127
2025-08-18 11:00:00,89.74,91.91907722117494,86.83174,99.55007151668246,-2.17907722117495
2025-08-18 12:00:00,83.69,86.47299280060508,82.23564,92.82901024553124,-2.7829928006050864
2025-08-18 13:00:00,83.04,88.3487476122302,83.93996,94.96193021831965,-5.308747612230192
2025-08-18 14:00:00,81.73,90.76611766808367,88.45088,94.23896932584881,-9.036117668083662
2025-08-18 15:00:00,91.22,94.43239490549556,93.921196,95.19919138056017,-3.2123949054955574
2025-08-18 16:00:00,101.0,105.72978923291609,105.47035,106.11893528626972,-4.72978923291609
2025-08-18 17:00:00,136.71,125.44697427338693,125.4681,125.41528343127007,11.26302572661308
2025-08-18 18:00:00,145.92,134.67535283585693,135.78154,133.0160683994568,11.24464716414306
2025-08-18 19:00:00,132.56,126.24165089693918,127.58751,124.22286350943777,6.318349103060825
2025-08-18 20:00:00,111.73,111.51117890360324,113.089485,109.14371950632254,0.21882109639676628
2025-08-18 21:00:00,96.3,96.04624246001119,95.695335,96.57260116040393,0.25375753998881123
2025-08-18 22:00:00,92.36,91.76668096035712,92.65797,90.42974294349534,0.5933190396428785
2025-08-18 23:00:00,86.05,86.54593816156608,86.27931,86.94587148118569,-0.4959381615660874
2025-08-19 00:00:00,84.57,83.6800965743977,84.068214,83.09791790388974,0.8899034256022986
2025-08-19 01:00:00,83.66,81.60106278851865,82.245766,80.63400272019797,2.05893721148135
2025-08-19 02:00:00,83.32,80.84232937178929,81.66586,79.60702505911189,2.477670628210703
2025-08-19 03:00:00,85.26,81.53749083839946,81.66861,81.34080885259044,3.7225091616005415
2025-08-19 04:00:00,90.77,88.89410180875566,88.92702,88.84472298197215,1.8758981912443318
2025-08-19 05:00:00,104.36,107.08046431475262,110.31459,102.22926366163739,-2.7204643147526184
2025-08-19 06:00:00,98.85,112.14190603807847,113.78558,109.67637840696378,-13.29190603807848
2025-08-19 07:00:00,93.43,110.73748258097194,111.460976,109.65223916727362,-17.307482580971936
2025-08-19 08:00:00,94.25,108.99900794908609,110.84096,106.23607578091833,-14.749007949086092
2025-08-19 09:00:00,92.04,101.15423150067193,102.58299,99.01108610641614,-9.11423150067192
2025-08-19 10:00:00,87.77,93.06028332439263,94.4461,90.98155891217783,-5.290283324392632
2025-08-19 11:00:00,82.3,84.55472557560827,85.18622,83.6074827317453,-2.2547255756082762
2025-08-19 12:00:00,78.34,78.3977583193749,78.463806,78.29868275522435,-0.05775831937489784
2025-08-19 13:00:00,77.68,75.21088193500572,74.991684,75.53967889757288,2.4691180649942908
2025-08-19 14:00:00,75.33,78.6774755453348,78.841805,78.43097829204794,-3.3474755453348024
2025-08-19 15:00:00,84.42,89.14888849823527,89.941444,87.96004511338603,-4.728888498235264
2025-08-19 16:00:00,96.62,102.29387799954931,103.41061,100.61877588571409,-5.673877999549305
2025-08-19 17:00:00,110.29,121.12050837856958,121.65384,120.32049702064272,-10.830508378569576
2025-08-19 18:00:00,112.6,124.77837490093575,125.43619,123.79164037733938,-12.17837490093575
2025-08-19 19:00:00,109.06,115.4195997135903,118.32596,111.06006190604606,-6.359599713590299
2025-08-19 20:00:00,96.68,99.95768499409311,101.66283,97.39996314136073,-3.277684994093107
2025-08-19 21:00:00,86.07,88.96096051696975,89.60748,87.9911712051441,-2.8909605169697556
2025-08-19 22:00:00,86.73,85.23095099402616,86.65308,83.09774796846384,1.4990490059738448
2025-08-19 23:00:00,82.03,73.69672099695732,72.566696,75.39175251985912,8.333279003042676
2025-08-20 00:00:00,78.29,69.0528472792875,67.39701,71.53659436399025,9.237152720712501
2025-08-20 01:00:00,77.07,67.50446018865418,65.02548,71.2229272050339,9.565539811345815
2025-08-20 02:00:00,77.67,67.46609007345454,64.06835,72.56269184318225,10.203909926545464
2025-08-20 03:00:00,79.5,70.76024552995793,67.091995,76.26261524396219,8.739754470042072
2025-08-20 04:00:00,86.75,79.70787920789067,76.36842,84.71705710480967,7.04212079210933
2025-08-20 05:00:00,96.9,94.65358137689704,92.809326,97.41996227708145,2.2464186231029686
2025-08-20 06:00:00,97.01,103.95364113466755,102.13399,106.68311406713761,-6.943641134667544
2025-08-20 07:00:00,93.89,104.16969551552654,101.436,108.2702413675517,-10.27969551552654
2025-08-20 08:00:00,87.08,101.78291577988762,99.68205,104.93420290186747,-14.702915779887618
2025-08-20 09:00:00,91.82,95.29335624513732,93.02559,98.69499759221338,-3.4733562451373245
2025-08-20 10:00:00,89.68,89.74884732173865,87.95043,92.44646866140229,-0.0688473217386445
2025-08-20 11:00:00,86.23,86.56214387378262,86.96044,85.96469539307469,-0.3321438737826128
2025-08-20 12:00:00,82.51,81.76489151749476,82.01922,81.38339731180332,0.7451084825052448
2025-08-20 13:00:00,82.09,79.7713173473741,80.11381,79.25757612905534,2.3186826526259097
2025-08-20 14:00:00,82.79,80.67220010991502,80.8066,80.47059274304925,2.1177998900849815
2025-08-20 15:00:00,90.08,88.71016322552143,89.3299,87.78055218306625,1.3698367744785713
2025-08-20 16:00:00,93.94,100.97846755718243,102.321884,98.96334075269729,-7.038467557182429
2025-08-20 17:00:00,108.89,119.20273172516698,119.487015,118.77629189836668,-10.312731725166984
2025-08-20 18:00:00,115.1,122.67303237707915,122.13769,123.47604178864515,-7.5730323770791586
2025-08-20 19:00:00,111.0,116.13100567838099,116.557976,115.49053528359894,-5.131005678380987
2025-08-20 20:00:00,101.15,102.73916172916256,102.924774,102.46073543862906,-1.589161729162555
2025-08-20 21:00:00,91.62,91.68319493139781,92.051,91.13148166748377,-0.06319493139780263
2025-08-20 22:00:00,93.9,89.22014163657428,90.4106,87.4344521444142,4.679858363425723
2025-08-20 23:00:00,88.73,85.56714044612886,86.69775,83.87122597799302,3.1628595538711437
2025-08-21 00:00:00,86.17,84.4275623144465,86.97003,80.61385054929983,1.7424376855534973
2025-08-21 01:00:00,85.01,81.44046552333957,83.55904,78.26259988928155,3.5695344766604364
2025-08-21 02:00:00,83.08,80.04655026409554,82.04189,77.05352661543907,3.0334497359044548
2025-08-21 03:00:00,84.41,81.72226265535625,82.232635,80.95669576192574,2.6877373446437502
2025-08-21 04:00:00,88.26,90.09241450527873,90.95221,88.80271823951514,-1.8324145052787202
2025-08-21 05:00:00,100.45,102.89216704530648,104.512764,100.46126592564414,-2.4421670453064763
2025-08-21 06:00:00,101.43,108.0963071176615,108.695946,107.1968491845346,-6.666307117661489
2025-08-21 07:00:00,94.99,104.58285457989106,102.78025,107.2867568110558,-9.592854579891068
2025-08-21 08:00:00,90.14,99.09047049774972,97.55432,101.39468477403736,-8.95047049774972
2025-08-21 09:00:00,86.56,93.86843337438447,92.68466,95.64408873076096,-7.308433374384464
2025-08-21 10:00:00,85.12,90.00972620240317,90.278625,89.60636773684288,-4.889726202403168
2025-08-21 11:00:00,84.49,85.91078519587018,87.169174,84.02319788347424,-1.420785195870181
2025-08-21 12:00:00,83.56,81.52143585294888,82.447556,80.13224868998941,2.038564147051119
2025-08-21 13:00:00,83.79,80.40269989233231,82.57328,77.14681969237861,3.3873001076676985
2025-08-21 14:00:00,82.79,82.80344084430075,85.10059,79.3577022236669,-0.01344084430074588
2025-08-21 15:00:00,86.91,90.35987375991925,92.37558,87.33630892677564,-3.4498737599192566
2025-08-21 16:00:00,94.91,102.65443110101184,105.3022,98.6827677397122,-7.744431101011841
2025-08-21 17:00:00,107.15,122.72277006278253,124.5633,119.96196589792312,-15.572770062782524
2025-08-21 18:00:00,114.49,127.87285535755242,128.6303,126.73669619417404,-13.38285535755243
2025-08-21 19:00:00,113.95,122.96534745959676,123.005356,122.90533108185319,-9.015347459596754
2025-08-21 20:00:00,106.62,109.41752855013283,109.638596,109.08592800375003,-2.7975285501328244
2025-08-21 21:00:00,93.82,99.28686810732674,99.65019,98.74187234046039,-5.466868107326746
2025-08-21 22:00:00,94.97,95.82852761049146,97.17298,93.8118414108722,-0.8585276104914641
2025-08-21 23:00:00,90.34,90.16213690432653,90.72661,89.31542603156828,0.17786309567347303
2025-08-22 00:00:00,86.78,86.63040442918134,87.28034,85.65549601252852,0.14959557081866137
2025-08-22 01:00:00,85.51,84.6210796470711,85.79547,82.85949042321974,0.8889203529289063
2025-08-22 02:00:00,83.83,83.66106684140586,84.916794,81.77747446130272,0.16893315859414315
2025-08-22 03:00:00,85.52,85.12800961977763,85.50524,84.56215814368232,0.3919903802223672
2025-08-22 04:00:00,88.09,92.2355708566194,92.739494,91.47967802655825,-4.1455708566194005
2025-08-22 05:00:00,99.27,105.3556796165045,106.64156,103.42685010327297,-6.085679616504507
2025-08-22 06:00:00,103.04,111.50914428509634,112.165306,110.52489394638343,-8.469144285096334
2025-08-22 07:00:00,101.83,107.12054746488336,106.66402,107.80533594736464,-5.29054746488336
2025-08-22 08:00:00,95.68,99.35645971189012,98.76108,100.24952673639035,-3.676459711890118
2025-08-22 09:00:00,86.86,91.75698277134933,91.17885,92.62418262112232,-4.896982771349329
2025-08-22 10:00:00,86.31,88.26849674068109,89.28202,86.74820718373394,-1.9584967406810847
2025-08-22 11:00:00,87.52,84.55178175395218,87.10104,80.72788501842535,2.9682182460478117
2025-08-22 12:00:00,86.69,80.72975078776001,81.45169,79.6468333292633,5.960249212239987
2025-08-22 13:00:00,86.7,79.96929138081288,80.462944,79.22881049854098,6.730708619187126
2025-08-22 14:00:00,88.81,83.13360097480492,85.4309,79.68764966906798,5.6763990251950815
2025-08-22 15:00:00,93.33,87.61314552980718,88.49069,86.29681989446425,5.716854470192814
2025-08-22 16:00:00,99.03,100.91236728914498,101.54209,99.96777163167593,-1.8823672891449803
2025-08-22 17:00:00,112.03,117.26129076235927,116.61126,118.2363300858298,-5.231290762359265
2025-08-22 18:00:00,118.32,123.10566406977236,122.32225,124.28076936632544,-4.785664069772366
2025-08-22 19:00:00,117.26,118.4807073921344,116.374626,121.63982924083406,-1.2207073921344005
2025-08-22 20:00:00,107.21,109.08957050196797,107.64681,111.25370378177539,-1.8795705019679758
2025-08-22 21:00:00,95.0,99.08475119023366,98.28924,100.27801528942692,-4.084751190233661
2025-08-22 22:00:00,99.54,97.48244440188049,98.16916,96.45236878668362,2.057555598119521
2025-08-22 23:00:00,96.09,90.84719113216187,90.66789,91.11613342427674,5.242808867838136
2025-08-23 00:00:00,93.61,92.65133544373617,92.01529,93.60540083468223,0.9586645562638267
2025-08-23 01:00:00,89.0,89.9810481169032,89.47367,90.74211003835171,-0.9810481169031959
2025-08-23 02:00:00,86.84,86.5401139871687,86.27455,86.93845406582213,0.29988601283130834
2025-08-23 03:00:00,85.97,84.87887888845195,85.252365,84.31864573797557,1.0911211115480484
2025-08-23 04:00:00,86.64,85.33711016795806,86.01689,84.31743057126235,1.3028898320419415
2025-08-23 05:00:00,88.28,88.7601649331157,89.42069,87.76937175966916,-0.4801649331157023
2025-08-23 06:00:00,88.34,89.94943512584672,88.43698,92.21811029081306,-1.6094351258467157
2025-08-23 07:00:00,91.55,96.32930192729403,96.08694,96.69284367016377,-4.7793019272940285
2025-08-23 08:00:00,99.42,101.36533341838908,103.462,98.22032893781841,-1.9453334183890831
2025-08-23 09:00:00,98.09,94.75891229056208,93.87303,96.08772567269423,3.3310877094379236
2025-08-23 10:00:00,94.94,89.80542089482287,88.26379,92.11786513378567,5.134579105177124
2025-08-23 11:00:00,97.23,89.06974716612973,89.84786,87.90257264249718,8.160252833870274
2025-08-23 12:00:00,96.26,84.90164742799666,84.77542,85.09098494877583,11.35835257200334
2025-08-23 13:00:00,95.72,83.8098783161162,83.56708,84.17407742786372,11.910121683883801
2025-08-23 14:00:00,95.75,86.93147015556704,87.825356,85.59063255749669,8.818529844432959
2025-08-23 15:00:00,97.64,92.33331018430472,93.46799,90.63128724054695,5.306689815695279
2025-08-23 16:00:00,104.09,101.27777985925596,102.33448,99.69271968292992,2.8122201407440457
2025-08-23 17:00:00,115.07,116.45629160415952,117.5787,114.77268320351402,-1.3862916041595241
2025-08-23 18:00:00,118.39,121.70544996538705,121.46599,122.06464267469808,-3.315449965387046
2025-08-23 19:00:00,117.24,118.40058652702425,117.93525,119.09858088054891,-1.1605865270242504
2025-08-23 20:00:00,113.3,109.10836823110404,107.51557,111.49755555700814,4.1916317688959595
2025-08-23 21:00:00,101.98,101.7623731040708,100.588135,103.52372679704224,0.21762689592920026
2025-08-23 22:00:00,105.19,102.23948097295893,102.12762,102.40726947951646,2.950519027041068
2025-08-23 23:00:00,101.84,97.81578470787986,96.50654,99.77964464628656,4.024215292120147
2025-08-24 00:00:00,96.59,96.92783835281935,97.099304,96.67063004647707,-0.3378383528193467
2025-08-24 01:00:00,93.26,92.59846683372757,92.68458,92.46929635677986,0.6615331662724344
2025-08-24 02:00:00,92.14,89.95506184933114,90.78343,88.71249898367944,2.184938150668856
2025-08-24 03:00:00,92.27,88.90704331436014,90.60751,86.35633432960151,3.3629566856398583
2025-08-24 04:00:00,92.15,88.56361190626899,90.48836,85.67648391301131,3.586388093731017
2025-08-24 05:00:00,90.51,89.28875481368635,90.5486,87.39898054007526,1.2212451863136522
2025-08-24 06:00:00,88.92,89.65205131437588,89.39385,90.03934230571508,-0.7320513143758802
2025-08-24 07:00:00,91.37,92.84591106030258,92.50536,93.35672863952598,-1.475911060302579
2025-08-24 08:00:00,90.97,95.99799674336185,95.59133,96.60798891345831,-5.027996743361854
2025-08-24 09:00:00,88.51,92.8697219710099,90.22618,96.83502575272004,-4.35972197100989
2025-08-24 10:00:00,86.4,88.39437977877795,86.00123,91.9841031334683,-1.9943797787779403
2025-08-24 11:00:00,88.0,81.00191398617427,77.660095,86.01464023582142,6.998086013825727
2025-08-24 12:00:00,88.88,77.3468439070542,75.46066,80.17611550494016,11.533156092945802
2025-08-24 13:00:00,91.52,78.4121467705054,77.77319,79.37057307250373,13.107853229494594
2025-08-24 14:00:00,92.75,84.40613686594938,85.48672,82.78525679194865,8.343863134050622
2025-08-24 15:00:00,93.75,91.21326204010987,91.19101,91.24663700335086,2.5367379598901323
2025-08-24 16:00:00,99.71,103.07252512955336,103.86231,101.88783671914706,-3.3625251295533616
2025-08-24 17:00:00,115.87,116.29702897730922,117.0215,115.21030773380039,-0.4270289773092202
2025-08-24 18:00:00,120.64,121.93288973396133,121.29689,122.88688131732518,-1.2928897339613314
2025-08-24 19:00:00,119.01,119.66153587812195,119.305466,120.19563351854707,-0.6515358781219476
2025-08-24 20:00:00,110.89,111.84585272093804,111.47586,112.40082946469862,-0.9558527209380401
2025-08-24 21:00:00,101.41,102.66256002487067,101.65345,104.1762174144716,-1.2525600248706752
2025-08-24 22:00:00,99.38,100.09177514662699,99.90055,100.37860206639655,-0.7117751466269908
2025-08-24 23:00:00,95.3,95.53499391763057,94.661995,96.84448667090746,-0.2349939176305753
2025-08-25 00:00:00,91.12,89.04565370655894,89.60705,88.2035526776522,2.0743462934410672
2025-08-25 01:00:00,89.39,86.39032996214561,87.64344,84.51065690609644,2.9996700378543864
2025-08-25 02:00:00,90.18,84.77012705533514,85.17319,84.16552721780562,5.409872944664869
2025-08-25 03:00:00,94.28,85.67463718833747,85.255196,86.30379763698139,8.60536281166253
2025-08-25 04:00:00,104.22,93.0376094622753,93.293236,92.65416235808084,11.1823905377247
2025-08-25 05:00:00,112.53,106.10865352407725,107.9294,103.37752217689234,6.421346475922746
2025-08-25 06:00:00,105.77,111.78680263908771,111.49569,112.22346869488723,-6.0168026390877145
2025-08-25 07:00:00,98.31,110.1271337932532,109.59964,110.91836320017399,-11.817133793253191
2025-08-25 08:00:00,90.44,92.82588268853785,91.41322,94.94486991409363,-2.3858826885378477
2025-08-25 09:00:00,76.48,71.11292627230344,68.649315,74.80833954550471,5.367073727696564
2025-08-25 10:00:00,49.52,62.33498176672782,61.952515,62.908682444163304,-12.814981766727819
2025-08-25 11:00:00,28.7,52.34747639650277,46.21661,61.543773197983,-23.64747639650277
2025-08-25 12:00:00,22.05,43.04364503048073,37.533154,51.30937846060124,-20.99364503048073
2025-08-25 13:00:00,29.37,36.92592778355349,31.877188,44.49903405086371,-7.555927783553489
2025-08-25 14:00:00,56.97,41.93677661777144,36.79132,49.654959389582416,15.033223382228556
2025-08-25 15:00:00,80.71,62.17615228014495,60.417866,64.81357825590436,18.533847719855046
2025-08-25 16:00:00,100.38,87.29156945681008,87.67563,86.71547111211797,13.088430543189915
2025-08-25 17:00:00,117.01,108.94750797808278,106.547585,112.54738360792668,8.062492021917222
2025-08-25 18:00:00,120.46,123.25177960193258,121.26959,126.22505676239979,-2.791779601932589
2025-08-25 19:00:00,119.21,121.8389364520331,120.73104,123.50076825410619,-2.628936452033102
2025-08-25 20:00:00,105.51,104.53580646677412,98.64891,113.3661408465007,0.9741935332258862
2025-08-25 21:00:00,93.15,97.54903798879812,93.22942,104.02845396552557,-4.3990379887981135
2025-08-25 22:00:00,95.1,76.17384944380933,67.10325,89.77974499319032,18.926150556190663
2025-08-25 23:00:00,88.73,71.47838081316569,66.62325,78.76106891523844,17.25161918683432
2025-08-26 00:00:00,79.84,65.29810847773857,60.147896,73.02342747486398,14.541891522261437
2025-08-26 01:00:00,75.39,61.2474941549429,55.018692,70.5906973624549,14.142505845057102
2025-08-26 02:00:00,79.84,59.86048019211476,51.216938,72.82579154474001,19.979519807885247
2025-08-26 03:00:00,84.36,61.599817863946086,52.728924,74.90615514875682,22.760182136053913
2025-08-26 04:00:00,97.1,77.08011621304638,68.80103,89.498739095238,20.019883786953613
2025-08-26 05:00:00,112.81,100.26073992482824,96.51072,105.88576704839873,12.549260075171759
2025-08-26 06:00:00,110.05,109.95322632009848,103.50986,119.61827812629602,0.09677367990151708
2025-08-26 07:00:00,105.76,108.16895266306346,100.4019,119.8195259752856,-2.4089526630634595
2025-08-26 08:00:00,98.76,101.33975769193881,95.10869,110.68635406871421,-2.579757691938809
2025-08-26 09:00:00,85.1,93.07102024191744,88.813,99.4580414800377,-7.971020241917444
2025-08-26 10:00:00,77.45,81.02733149251125,79.035484,84.01510035298222,-3.5773314925112487
2025-08-26 11:00:00,73.84,62.15430868744447,61.75187,62.757960286726416,11.685691312555534
2025-08-26 12:00:00,72.9,57.61082632720128,56.780144,58.85684448926784,15.289173672798725
2025-08-26 13:00:00,75.76,59.849593982886205,59.997,59.62847676324577,15.9104060171138
2025-08-26 14:00:00,89.55,63.09431074881316,62.371143,64.17905804573894,26.45568925118684
2025-08-26 15:00:00,96.18,84.07677717424033,83.42362,85.0565021091848,12.103222825759673
2025-08-26 16:00:00,99.91,113.2551385900947,116.3019,108.68498850404534,-13.345138590094706
2025-08-26 17:00:00,118.3,123.30307822458951,118.09948,131.10847604853433,-5.003078224589515
2025-08-26 18:00:00,133.18,127.19507265744397,121.94672,135.06760718071928,5.984927342556034
2025-08-26 19:00:00,128.31,126.38875286738262,122.738914,131.8635104338374,1.9212471326173812
2025-08-26 20:00:00,113.04,111.5244419293128,106.35899,119.2726068984773,1.5155580706872058
2025-08-26 21:00:00,100.64,101.01226672195523,95.481415,109.30853507576208,-0.3722667219552278
2025-08-26 22:00:00,100.94,100.32810761201321,97.93875,103.91213838428108,0.611892387986785
2025-08-26 23:00:00,94.79,90.71430599545292,85.99142,97.7986338698579,4.075694004547088
2025-08-27 00:00:00,90.01,87.18576680658177,84.28235,91.54088643784115,2.8242331934182374
2025-08-27 01:00:00,88.19,86.80035690036655,84.550804,90.17468222894374,1.389643099633446
2025-08-27 02:00:00,86.38,87.1517221799609,84.65941,90.89018878120106,-0.7717221799609035
2025-08-27 03:00:00,89.72,91.20955358281034,88.76986,94.86909117138131,-1.4895535828103448
2025-08-27 04:00:00,99.57,99.01605593501309,97.72086,100.95884291675634,0.5539440649869078
2025-08-27 05:00:00,113.62,114.90212525524814,115.797134,113.55959628021017,-1.2821252552481326
2025-08-27 06:00:00,114.79,120.41683828053746,119.24386,122.17630056584561,-5.626838280537456
2025-08-27 07:00:00,104.48,114.36110906299855,112.21303,117.5832230969495,-9.881109062998547
2025-08-27 08:00:00,95.5,103.32900955496578,101.04295,106.75808792855216,-7.829009554965779
2025-08-27 09:00:00,90.82,95.81199074643479,94.54331,97.71500112756158,-4.991990746434794
2025-08-27 10:00:00,86.23,89.12938320821348,91.36845,85.77077895864406,-2.8993832082134787
2025-08-27 11:00:00,81.58,78.5226175657998,79.2322,77.45823916596436,3.0573824342001927
2025-08-27 12:00:00,77.52,73.81471574881394,73.77805,73.86970372445185,3.7052842511860575
2025-08-27 13:00:00,77.52,67.24632645170848,66.47586,68.4020233283679,10.273673548291512
2025-08-27 14:00:00,82.75,72.86291257693932,71.90588,74.29845194405729,9.887087423060677
2025-08-27 15:00:00,93.0,84.43556857557388,88.1374,78.88281525302162,8.564431424426118
2025-08-27 16:00:00,103.73,94.53291555946181,96.80641,91.12266174716527,9.197084440538191
2025-08-27 17:00:00,114.13,116.90501066482652,118.3698,114.70782390327723,-2.7750106648265245
2025-08-27 18:00:00,119.65,125.36440296665393,128.33818,120.90372134485746,-5.714402966653921
2025-08-27 19:00:00,120.37,122.8043817169781,125.89284,118.1716903764296,-2.434381716978095
2025-08-27 20:00:00,112.27,106.76524335430588,106.59598,107.01913789626276,5.5047566456941155
2025-08-27 21:00:00,101.76,98.36089902150397,97.85358,99.1218806561769,3.399100978496037
2025-08-27 22:00:00,94.85,96.54819239934429,97.685555,94.8421416123744,-1.6981923993442933
2025-08-27 23:00:00,87.43,86.85283426792961,87.707664,85.57058702785625,0.577165732070398
2025-08-28 00:00:00,85.18,82.92851232024515,82.39723,83.72542318037358,2.2514876797548595
2025-08-28 01:00:00,84.78,83.02564316606882,82.33273,84.06500055433219,1.7543568339311832
2025-08-28 02:00:00,85.85,81.45810630982649,79.952065,83.71716328128011,4.391893690173504
2025-08-28 03:00:00,88.41,84.36558228803841,81.61319,88.49416926684893,4.044417711961586
2025-08-28 04:00:00,93.84,96.8107984076944,95.94389,98.11115205561296,-2.970798407694403
2025-08-28 05:00:00,109.44,112.26125319767777,112.0492,112.57932623149912,-2.821253197677777
2025-08-28 06:00:00,115.74,118.57493976465972,117.2369,120.58199891726454,-2.8349397646597225
2025-08-28 07:00:00,115.41,108.45929141537066,104.683975,114.12226189413953,6.950708584629339
2025-08-28 08:00:00,106.61,96.97972141885427,94.13946,101.24011127113468,9.630278581145731
2025-08-28 09:00:00,97.58,88.13104034098731,85.83984,91.56782569072513,9.448959659012687
2025-08-28 10:00:00,96.29,81.08268740905271,80.84786,81.43491752775873,15.207312590947296
2025-08-28 11:00:00,92.84,73.70005147936465,74.190056,72.96504302031101,19.139948520635357
2025-08-28 12:00:00,86.76,69.6073912221369,68.81486,70.79618420158249,17.152608777863108
2025-08-28 13:00:00,82.54,64.27033734305351,62.929928,66.28094971139353,18.269662656946494
2025-08-28 14:00:00,80.37,70.22940906480459,68.71968,72.49399385341772,10.14059093519542
2025-08-28 15:00:00,79.86,81.13462961187673,80.94775,81.41495079971133,-1.2746296118767333
2025-08-28 16:00:00,93.77,97.91367148418482,98.32379,97.29848382520814,-4.1436714841848215
2025-08-28 17:00:00,110.43,111.86390444766164,111.00763,113.14830176856816,-1.4339044476616323
2025-08-28 18:00:00,113.8,116.3409004343151,115.603546,117.44692805722329,-2.5409004343151054
2025-08-28 19:00:00,114.09,112.88939850106246,111.86124,114.43163376486318,1.2006014989375444
2025-08-28 20:00:00,101.95,99.27185930376496,96.56497,103.33218846632154,2.6781406962350474
2025-08-28 21:00:00,87.98,93.03524282958219,90.79602,96.3940686828422,-5.055242829582184
2025-08-28 22:00:00,88.14,85.59876690711772,84.5376,87.19051506137339,2.5412330928822797
2025-08-28 23:00:00,81.32,77.69593184270124,76.86856,78.93698079083512,3.624068157298751
2025-08-29 00:00:00,79.63,75.31533606170504,75.02457,75.75149017867665,4.314663938294956
2025-08-29 01:00:00,78.26,73.5223006922374,72.42339,75.17065994897729,4.737699307762611
2025-08-29 02:00:00,79.73,75.36500491992598,73.59732,78.01652765015675,4.364995080074024
2025-08-29 03:00:00,83.72,81.68723602970226,79.91254,84.34927751322047,2.0327639702977365
2025-08-29 04:00:00,93.94,93.10929794069972,91.43085,95.62697219244751,0.830702059300279
2025-08-29 05:00:00,105.13,110.39187683380045,109.63474,111.52757797927651,-5.261876833800457
2025-08-29 06:00:00,107.28,119.87244530315257,116.32094,125.19970227765684,-12.592445303152573
2025-08-29 07:00:00,110.61,120.15011203434423,115.95511,126.44261330729611,-9.540112034344233
2025-08-29 08:00:00,108.37,114.23359531942849,110.495705,119.84042750755559,-5.863595319428484
2025-08-29 09:00:00,98.73,101.79971667685616,98.018616,107.4713604787615,-3.06971667685616
2025-08-29 10:00:00,93.97,95.12727514833134,94.733955,95.71725288852852,-1.1572751483313368
2025-08-29 11:00:00,87.25,89.83608491069015,91.88316,86.76545756175955,-2.586084910690147
2025-08-29 12:00:00,80.34,83.6570083226976,85.75894,80.50410070176355,-3.3170083226976033
2025-08-29 13:00:00,78.45,80.16611318258497,82.55987,76.57547544608644,-1.7161131825849623
2025-08-29 14:00:00,83.2,81.82766154955382,84.38896,77.98570164915313,1.372338450446179
2025-08-29 15:00:00,94.92,83.94180825029318,85.06585,82.25573904003957,10.978191749706824
2025-08-29 16:00:00,102.41,95.98919291400003,96.10593,95.81408488509774,6.420807085999968
2025-08-29 17:00:00,113.18,113.42409311650464,111.16647,116.81050744946471,-0.2440931165046294
2025-08-29 18:00:00,116.75,119.21736996967574,116.74734,122.9224036534374,-2.467369969675744
2025-08-29 19:00:00,114.28,114.85356409096758,112.293594,118.69351105749709,-0.5735640909675794
2025-08-29 20:00:00,104.61,102.80573223902736,100.07964,106.89486381595219,1.8042677609726354
2025-08-29 21:00:00,94.25,92.35062538555441,90.14166,95.66406575270437,1.8993746144455912
2025-08-29 22:00:00,100.81,90.47384761010173,90.18956,90.90027149107465,10.336152389898274
2025-08-29 23:00:00,90.93,83.25376222152201,82.23173,84.78680843161266,7.676237778477997
2025-08-30 00:00:00,87.63,85.95546211320152,85.51251,86.6198793430624,1.6745378867984755
2025-08-30 01:00:00,84.55,80.90456060428302,79.72897,82.6679337983052,3.645439395716977
2025-08-30 02:00:00,82.93,79.08380543409217,78.66808,79.70738498415619,3.8461945659078367
2025-08-30 03:00:00,85.14,82.19871706650264,83.61362,80.07636534386887,2.9412829334973623
2025-08-30 04:00:00,87.87,85.81539982665319,87.94341,82.62337848814178,2.054600173346813
2025-08-30 05:00:00,94.24,90.9780592952597,92.36892,88.89176727196269,3.2619407047402973
2025-08-30 06:00:00,97.14,90.98363773024968,89.70809,92.89695481451582,6.156362269750318
2025-08-30 07:00:00,100.67,95.96627724123167,95.36463,96.86874180913384,4.703722758768336
2025-08-30 08:00:00,99.42,96.71493664155435,96.916336,96.41283369983313,2.7050633584456563
2025-08-30 09:00:00,95.19,90.35651681490016,90.936646,89.48631996083438,4.833483185099837
2025-08-30 10:00:00,88.56,70.15006869505572,68.668365,72.37262351986587,18.40993130494428
2025-08-30 11:00:00,75.16,57.013419493466614,56.01335,58.51351585097609,18.146580506533383
2025-08-30 12:00:00,46.24,51.75697823937453,49.228546,55.549624477220505,-5.516978239374531
2025-08-30 13:00:00,24.27,47.48353095858248,44.82452,51.47204627615591,-23.213530958582478
2025-08-30 14:00:00,18.15,46.00758001811441,43.904934,49.16154438274941,-27.85758001811441
2025-08-30 15:00:00,53.14,55.5181425131276,59.060238,50.20499182664224,-2.3781425131275995
2025-08-30 16:00:00,75.47,60.106475759982814,63.055355,55.68315488457617,15.363524240017185
2025-08-30 17:00:00,76.96,68.28412315097651,68.56768,67.85878352441395,8.675876849023481
2025-08-30 18:00:00,69.79,71.59345812613662,71.74718,71.36287199991187,-1.8034581261366185
2025-08-30 19:00:00,69.35,66.45729886387043,67.45141,64.96612695093586,2.89270113612956
2025-08-30 20:00:00,61.96,52.657946819362806,51.738667,54.036863432074,9.302053180637195
2025-08-30 21:00:00,47.88,39.579557206900475,39.037224,40.39305633969991,8.300442793099528
2025-08-30 22:00:00,19.16,22.97397168236889,17.923244,30.550061060933217,-3.8139716823688907
2025-08-30 23:00:00,13.65,16.641963404085253,13.148829,21.881663604741334,-2.9919634040852525
2025-08-31 00:00:00,9.82,8.781127224357487,7.680593,10.43192806341142,1.0388727756425133
2025-08-31 01:00:00,5.55,5.323228830697815,4.9825044,5.834315405792694,0.226771169302185
2025-08-31 02:00:00,4.6,9.231036448325302,9.931828,8.179848849389913,-4.631036448325302
2025-08-31 03:00:00,4.94,12.805038739112751,15.690671,8.476589443454486,-7.865038739112751
2025-08-31 04:00:00,9.68,12.858076146547546,11.539153,14.836460479360198,-3.1780761465475464
2025-08-31 05:00:00,13.26,11.571228086557802,10.064685,13.831042199350435,1.6887719134421975
2025-08-31 06:00:00,12.67,12.357718384752388,5.562063,22.551200778508473,0.31228161524761155
2025-08-31 07:00:00,6.35,10.562916886750543,3.3720741,21.34918066845259,-4.212916886750543
2025-08-31 08:00:00,-0.05,2.4985396033311194,-5.318762,14.224492104297951,-2.548539603331119
2025-08-31 09:00:00,-0.4,-1.1444354470946108,-8.081619,9.261340991562179,0.7444354470946107
2025-08-31 10:00:00,-2.09,-4.662934627417224,-8.550269,1.1680678370508133,2.572934627417224
2025-08-31 11:00:00,-2.13,-12.328541653104661,-13.943988,-9.905371409525571,10.198541653104662
2025-08-31 12:00:00,-2.53,-17.024431530850734,-18.833643,-14.310613434060429,14.494431530850735
2025-08-31 13:00:00,-2.13,-18.19027171342135,-17.586697,-19.09563386958243,16.06027171342135
2025-08-31 14:00:00,-1.36,-15.673821627331904,-15.071123,-16.577868906739184,14.313821627331905
2025-08-31 15:00:00,-0.81,6.581792323727825,13.401912,-3.6483872708195975,-7.391792323727826
2025-08-31 16:00:00,15.98,28.25929852741326,36.752483,15.519519359304638,-12.27929852741326
2025-08-31 17:00:00,53.51,71.08967046884231,88.49491,44.98179984459114,-17.579670468842316
2025-08-31 18:00:00,75.27,64.94600833758605,71.12172,55.682434174043266,10.323991662413945
2025-08-31 19:00:00,76.15,61.26340106873529,60.113297,62.98855790865463,14.886598931264714
2025-08-31 20:00:00,73.97,59.860342900963374,61.151382,57.9237816756262,14.109657099036625
2025-08-31 21:00:00,50.6,46.91938331531645,49.944366,42.38190479097668,3.6806166846835495
2025-08-31 22:00:00,38.43,26.300769471378793,29.034311,22.200454829264856,12.129230528621207
2025-08-31 23:00:00,22.62,16.807450926745265,21.809162,9.304882676512818,5.812549073254736
2025-09-01 00:00:00,14.54,17.74820791019447,20.911098,13.003871101474942,-3.2082079101944707
2025-09-01 01:00:00,10.81,21.897032414386047,22.460339,21.05207123982254,-11.087032414386046
2025-09-01 02:00:00,9.33,22.589407153534943,21.736471,23.868809212267536,-13.259407153534942
2025-09-01 03:00:00,10.52,27.417564067310572,25.738314,29.93643917904913,-16.897564067310572
2025-09-01 04:00:00,22.27,41.908542977763844,40.20323,44.46650591242718,-19.638542977763844
2025-09-01 05:00:00,56.45,78.82609883228027,93.604805,56.65803768433835,-22.376098832280263
2025-09-01 06:00:00,87.26,63.55799074087756,59.562847,69.55070423866849,23.70200925912245
2025-09-01 07:00:00,86.32,71.36332198798678,72.173805,70.14759711474235,14.956678012013214
2025-09-01 08:00:00,76.73,48.36058095261892,44.06029,54.81101163142523,28.369419047381086
2025-09-01 09:00:00,56.15,26.26155805835059,19.484594,36.42700315140016,29.888441941649408
2025-09-01 10:00:00,38.41,13.499061563479938,10.764513,17.600883192986345,24.91093843652006
2025-09-01 11:00:00,24.15,6.76453801298544,3.3596277,11.871903446922829,17.38546198701456
2025-09-01 12:00:00,23.28,2.1967910107749162,-3.6193526,10.921006395612523,21.083208989225085
2025-09-01 13:00:00,18.95,0.7170017133597639,-7.412254,12.910885306806392,18.232998286640235
2025-09-01 14:00:00,29.58,7.022653504341179,-3.7635162,23.201908280773296,22.55734649565882
2025-09-01 15:00:00,62.22,21.02512500921553,13.066828,32.9625701467113,41.19487499078447
2025-09-01 16:00:00,92.42,49.62692862990586,45.79504,55.37475661047023,42.79307137009414
2025-09-01 17:00:00,107.64,80.72865531360603,77.976616,84.85670679597794,26.911344686393974
2025-09-01 18:00:00,117.48,95.55507199999929,91.06273,102.29358476989569,21.92492800000072
2025-09-01 19:00:00,117.1,93.8892416678579,90.208725,99.41001289156858,23.210758332142092
2025-09-01 20:00:00,103.52,83.79491744284395,79.92719,89.59649885308156,19.725082557156043
2025-09-01 21:00:00,89.62,70.23422571503437,66.4943,75.84410539476366,19.385774284965635
2025-09-01 22:00:00,80.72,57.6683269954724,51.67677,66.65565883542172,23.0516730045276
2025-09-01 23:00:00,75.29,55.96169754104568,54.336136,58.40003242683295,19.328302458954326
2025-09-02 00:00:00,77.38,53.250292272947405,51.377136,56.06002442931674,24.12970772705259
2025-09-02 01:00:00,81.25,62.014225455250454,61.95241,62.106944253360496,19.235774544749546
2025-09-02 02:00:00,83.24,67.920160982322,66.61725,69.87452202367609,15.319839017677992
2025-09-02 03:00:00,88.61,74.17554521332623,71.51753,78.16255688097183,14.434454786673768
2025-09-02 04:00:00,96.88,85.20456580786433,82.28729,89.58046626221451,11.675434192135668
2025-09-02 05:00:00,103.74,100.93099299172391,97.34826,106.3050863916633,2.809007008276083
2025-09-02 06:00:00,107.55,115.81899375805884,111.6302,122.10216808044983,-8.26899375805884
2025-09-02 07:00:00,107.11,110.17429740041212,105.95784,116.4989759229053,-3.0642974004121157
2025-09-02 08:00:00,98.86,100.86777890123626,95.788124,108.48725349698714,-2.0077789012362643
2025-09-02 09:00:00,86.19,90.39542184240034,85.24954,98.11423743681138,-4.205421842400341
2025-09-02 10:00:00,81.04,87.43463391623968,83.269135,93.68287728632671,-6.39463391623967
2025-09-02 11:00:00,80.81,83.66850333324574,81.80477,86.46409166136141,-2.8585033332457357
2025-09-02 12:00:00,82.31,82.22523688961795,77.70487,89.00578021232613,0.08476311038205608
2025-09-02 13:00:00,86.49,77.2876594925757,74.24732,81.84816560765995,9.202340507424296
2025-09-02 14:00:00,88.96,81.57652588577375,80.77759,82.77492334175369,7.383474114226246
2025-09-02 15:00:00,99.73,88.81215946704376,85.83366,93.27991229370801,10.917840532956248
2025-09-02 16:00:00,112.16,103.7413315214807,99.3386,110.34542665831603,8.418668478519294
2025-09-02 17:00:00,122.12,117.67459920711417,114.385124,122.60879644918188,4.445400792885835
2025-09-02 18:00:00,122.03,126.58405929489865,124.48035,129.7396244030181,-4.55405929489865
2025-09-02 19:00:00,114.15,120.94123052962799,119.56701,123.00254760702894,-6.791230529627981
2025-09-02 20:00:00,97.63,105.02456753560611,104.46273,105.86732132009435,-7.3945675356061145
2025-09-02 21:00:00,94.15,93.16228202397369,91.18646,96.12600573437271,0.9877179760263175
2025-09-02 22:00:00,92.33,89.77506218354422,89.10641,90.77803517382637,2.5549378164557766
2025-09-02 23:00:00,91.85,83.88547671571243,83.01024,85.19833000339239,7.964523284287566
2025-09-03 00:00:00,87.62,78.79769042546282,77.83932,80.23525008099102,8.822309574537186
2025-09-03 01:00:00,84.02,78.13819625911688,77.3282,79.35318298482835,5.8818037408831145
2025-09-03 02:00:00,80.73,78.57653581976724,77.18147,80.66913038193763,2.15346418023276
2025-09-03 03:00:00,80.37,80.04068563394685,77.90821,83.23939795327533,0.3293143660531541
2025-09-03 04:00:00,82.59,88.17353483635097,87.03761,89.8774158109702,-5.583534836350964
2025-09-03 05:00:00,94.56,101.19659746060543,101.06618,101.39221996987294,-6.636597460605429
2025-09-03 06:00:00,101.4,111.95368151734735,109.00773,116.37260329898362,-10.553681517347343
2025-09-03 07:00:00,106.42,111.31848802668716,108.82091,115.06484723346597,-4.898488026687161
2025-09-03 08:00:00,107.39,101.70876701360274,98.45996,106.58197422040818,5.681232986397262
2025-09-03 09:00:00,100.03,92.64049105006438,89.24684,97.73095975711894,7.3895089499356175
2025-09-03 10:00:00,90.61,86.10376273332164,82.706,91.20039728130214,4.506237266678355
2025-09-03 11:00:00,88.93,82.26387340285824,80.186,85.38068608588094,6.666126597141769
2025-09-03 12:00:00,79.32,82.29576124087971,80.38591,85.16053232888385,-2.97576124087972
2025-09-03 13:00:00,73.74,77.52586211919945,76.527214,79.02383422255917,-3.78586211919945
2025-09-03 14:00:00,74.44,77.18839472170367,76.4651,78.27333017278946,-2.7483947217036757
2025-09-03 15:00:00,77.51,84.2489288743015,84.155914,84.38844881844418,-6.738928874301493
2025-09-03 16:00:00,92.22,97.66870209231172,98.81459,95.94986192023242,-5.44870209231172
2025-09-03 17:00:00,103.96,106.38580064359718,105.37237,107.90594409861697,-2.425800643597185
2025-09-03 18:00:00,106.83,111.24122529127885,111.18729,111.32213366276746,-4.411225291278853
2025-09-03 19:00:00,103.44,103.96270176975077,104.01068,103.89072888116401,-0.5227017697507677
2025-09-03 20:00:00,83.25,91.52592113067462,90.70256,92.760954560085,-8.275921130674618
2025-09-03 21:00:00,64.79,83.33101820729829,82.280045,84.90746914800647,-18.54101820729828
2025-09-03 22:00:00,59.33,76.90300910150572,76.696884,77.21219461350552,-17.57300910150572
2025-09-03 23:00:00,51.92,71.67756233146592,71.6177,71.76735782451442,-19.75756233146592
2025-09-04 00:00:00,52.55,66.98275463814232,67.00549,66.94864494191341,-14.432754638142328
2025-09-04 01:00:00,54.02,63.34802613466674,61.31446,66.39837229772641,-9.328026134666736
2025-09-04 02:00:00,59.2,64.37709276616367,62.18299,67.6682434663125,-5.177092766163668
2025-09-04 03:00:00,65.74,65.82905963135225,61.384308,72.49618537903982,-0.08905963135225647
2025-09-04 04:00:00,87.67,76.19120464809501,73.05189,80.90017462988106,11.478795351904992
2025-09-04 05:00:00,107.23,93.01349331610842,91.02938,95.98965827806401,14.21650668389158
2025-09-04 06:00:00,98.75,105.9512059418117,102.17861,111.61008768472942,-7.201205941811693
2025-09-04 07:00:00,104.62,111.06315879410248,109.307434,113.69673441811752,-6.443158794102473
2025-09-04 08:00:00,106.15,104.2765908163577,102.752266,106.5630686088874,1.873409183642309
2025-09-04 09:00:00,96.89,96.10487755226968,95.154335,97.53068944036659,0.7851224477303163
2025-09-04 10:00:00,86.97,85.4433698554216,85.382484,85.53469416980397,1.5266301445784052
2025-09-04 11:00:00,82.01,80.19895686977775,82.084145,77.37117147131937,1.8110431302222594
2025-09-04 12:00:00,79.01,73.82855993380534,73.8261,73.83224501883953,5.181440066194668
2025-09-04 13:00:00,75.15,69.42972160635989,67.85101,71.79778042581185,5.720278393640115
2025-09-04 14:00:00,79.57,70.94222435388504,69.48617,73.12630139374579,8.627775646114955
2025-09-04 15:00:00,95.06,76.3626507987543,75.00989,78.39178782452248,18.6973492012457
2025-09-04 16:00:00,108.32,93.48635687306273,93.05589,94.13204704410703,14.833643126937261
2025-09-04 17:00:00,127.92,107.63216167703212,105.98614,110.10118857063203,20.287838322967886
2025-09-04 18:00:00,135.31,114.99275015925372,113.83185,116.73409936664014,20.317249840746285
2025-09-04 19:00:00,120.03,106.87843561382326,105.68024,108.67572427320557,13.151564386176744
2025-09-04 20:00:00,97.85,93.01269682015803,92.01278,94.51257128928665,4.8373031798419674
2025-09-04 21:00:00,91.26,83.19722155624245,81.60345,85.5878777278864,8.062778443757551
2025-09-04 22:00:00,88.85,80.71779310077399,79.300026,82.84444002732559,8.132206899226006
2025-09-04 23:00:00,83.37,76.96054416016828,75.770836,78.74510658572345,6.409455839831722
2025-09-05 00:00:00,78.89,76.52252767262021,76.69941,76.2572049542556,2.3674723273797866
2025-09-05 01:00:00,79.36,74.47943935628993,74.470665,74.49259901633516,4.880560643710069
2025-09-05 02:00:00,77.53,73.5727876089797,72.650055,74.95688281029103,3.957212391020306
2025-09-05 03:00:00,77.84,75.6759135618502,74.07618,78.07551083333644,2.164086438149809
2025-09-05 04:00:00,94.48,87.1593118659213,86.11871,88.72020387439798,7.320688134078708
2025-09-05 05:00:00,115.65,104.1799901548661,104.025475,104.41175784260959,11.470009845133902
2025-09-05 06:00:00,119.67,110.39370600706071,108.9426,112.57035892023967,9.276293992939287
2025-09-05 07:00:00,108.23,112.17440587920335,111.70146,112.88381056592829,-3.9444058792033445
2025-09-05 08:00:00,92.75,104.64926996231901,105.451164,103.44641900064613,-11.89926996231901
2025-09-05 09:00:00,87.08,91.75017063513312,91.35688,92.34010439850172,-4.670170635133118
2025-09-05 10:00:00,80.45,83.28748668881576,84.16557,81.97034750512046,-2.8374866888157584
2025-09-05 11:00:00,79.67,79.8960126330438,82.56428,75.89360557247764,-0.22601263304379415
2025-09-05 12:00:00,79.83,78.19831877527523,81.14531,73.7778289511275,1.6316812247247725
2025-09-05 13:00:00,79.18,77.155721936137,80.35013,72.36410685755442,2.024278063863008
2025-09-05 14:00:00,83.71,80.47804525665495,82.84929,76.92117400894696,3.2319547433450424
2025-09-05 15:00:00,93.2,92.0616994837311,93.24408,90.28812550986484,1.1383005162688988
2025-09-05 16:00:00,108.88,106.37443262075953,105.32957,107.9417253965033,2.5055673792404605
2025-09-05 17:00:00,134.32,128.79262099780985,127.63616,130.52729452943672,5.527379002190145
2025-09-05 18:00:00,140.71,137.99774043979215,138.36096,137.45290441368934,2.7122595602078547
2025-09-05 19:00:00,123.53,124.62698662790044,123.2584,126.67986662468273,-1.096986627900435
2025-09-05 20:00:00,107.34,107.71981108291106,105.65364,110.81906467932355,-0.37981108291106125
2025-09-05 21:00:00,97.52,97.22398725067343,95.38953,99.97567094650779,0.2960127493265645
2025-09-05 22:00:00,97.84,94.62507298726038,94.27819,95.14538891956698,3.214927012739622
2025-09-05 23:00:00,95.46,89.42431112975636,88.92221,90.17745606230594,6.035688870243632
2025-09-06 00:00:00,95.02,90.16531197134697,89.37155,91.35594884316231,4.85468802865303
2025-09-06 01:00:00,92.36,86.16745064745488,84.810684,88.20259268309033,6.1925493525451145
2025-09-06 02:00:00,88.22,84.7532234646686,84.49452,85.14126789018712,3.4667765353314053
2025-09-06 03:00:00,88.85,82.46571431678953,81.99093,83.17788328037716,6.384285683210464
2025-09-06 04:00:00,95.9,85.84751506599505,86.25148,85.2415656038304,10.052484934004951
2025-09-06 05:00:00,99.63,93.61209441619121,95.783035,90.3556812156489,6.017905583808783
2025-09-06 06:00:00,98.01,96.46620313001637,97.471245,94.95863297762881,1.5437968699836375
2025-09-06 07:00:00,94.33,93.70140874778056,92.385796,95.67482085016428,0.6285912522194366
2025-09-06 08:00:00,97.53,91.34644125063403,89.84018,93.60582823950011,6.183558749365972
2025-09-06 09:00:00,71.79,83.97909313229061,81.94592,87.02884092398824,-12.189093132290608
2025-09-06 10:00:00,43.97,64.71089396818368,62.09007,68.64212597270529,-20.740893968183684
2025-09-06 11:00:00,27.84,41.658277610995,39.148323,45.42320753151583,-13.818277610995
2025-09-06 12:00:00,8.48,19.497911736962998,13.3896885,28.660245651001247,-11.017911736962997
2025-09-06 13:00:00,8.62,18.727523424715333,14.919088,24.44017553947998,-10.107523424715334
2025-09-06 14:00:00,35.11,27.67953422784531,25.604866,30.79153605102806,7.43046577215469
2025-09-06 15:00:00,64.45,42.80322678481875,44.31301,40.53854543952488,21.646773215181256
2025-09-06 16:00:00,81.64,51.946326848406024,45.09745,62.219637921796306,29.693673151593977
2025-09-06 17:00:00,96.15,84.77152458780057,83.44863,86.75586263222115,11.378475412199435
2025-09-06 18:00:00,96.91,84.85219508757055,80.81981,90.90077237163635,12.057804912429447
2025-09-06 19:00:00,83.26,77.9325088057021,71.91566,86.95778454172108,5.327491194297906
2025-09-06 20:00:00,62.62,69.56644681558728,64.11098,77.74964937234222,-6.9464468155872865
2025-09-06 21:00:00,28.57,56.702208688847236,51.416794,64.63033003358049,-28.132208688847236
2025-09-06 22:00:00,1.51,36.271829099020536,29.024405,47.142962144218814,-34.76182909902054
2025-09-06 23:00:00,0.37,24.736839301288285,19.912472,31.97339059636036,-24.366839301288284
2025-09-07 00:00:00,-0.37,16.02337468589087,13.39863,19.960489594060675,-16.393374685890873
2025-09-07 01:00:00,-2.57,6.89436886117129,4.68852,10.20314210169684,-9.46436886117129
2025-09-07 02:00:00,-2.43,0.609462382104482,-1.7243216,4.110138420528386,-3.039462382104482
2025-09-07 03:00:00,-3.73,-3.186160588215216,-4.9314036,-0.5682957767209018,-0.5438394117847838
2025-09-07 04:00:00,-5.39,-5.519334295418775,-7.641846,-2.3355662301851225,0.12933429541877572
2025-09-07 05:00:00,-2.7,1.101048106781127,1.5388823,0.4442967346099067,-3.8010481067811273
2025-09-07 06:00:00,-1.58,-3.3357350299450106,-5.90217,0.5139179354676742,1.7557350299450105
2025-09-07 07:00:00,-2.45,-5.115193112706606,-1.9598838,-9.848156829713446,2.665193112706606
2025-09-07 08:00:00,-4.75,-10.994104507208544,-5.21275,-19.666136211754576,6.244104507208544
2025-09-07 09:00:00,-11.22,-14.285547130145984,-8.333089,-23.214233797883878,3.0655471301459833
2025-09-07 10:00:00,-13.25,-19.58677048903089,-12.019825,-30.937187557950153,6.33677048903089
2025-09-07 11:00:00,-13.86,-20.845351224451427,-14.432827,-30.46413661367984,6.985351224451428
2025-09-07 12:00:00,-14.21,-12.03174106864865,-12.713287,-11.009421164511025,-2.178258931351351
2025-09-07 13:00:00,-8.23,-4.859729050422368,-5.090455,-4.513639804782116,-3.370270949577632
2025-09-07 14:00:00,-3.09,-0.1897901391808543,-4.404259,6.131913936181775,-2.9002098608191456
2025-09-07 15:00:00,3.99,27.78989028381087,24.427448,32.833552346795244,-23.799890283810868
2025-09-07 16:00:00,78.34,55.85407511012849,55.76385,55.98940530461809,22.485924889871512
2025-09-07 17:00:00,103.69,81.48997913784058,81.63919,81.26615611181333,22.20002086215942
2025-09-07 18:00:00,100.12,89.32064936205902,87.46145,92.10944467895123,10.79935063794099
2025-09-07 19:00:00,99.77,79.32761272261936,76.46151,83.62676343496639,20.442387277380632
2025-09-07 20:00:00,89.61,74.73475547868027,74.06608,75.7377695102993,14.875244521319729
2025-09-07 21:00:00,80.56,54.48117165249984,53.426872,56.06261502907674,26.078828347500163
2025-09-07 22:00:00,73.93,57.61595185130727,60.889465,52.705679722872674,16.314048148692734
2025-09-07 23:00:00,73.09,52.05204651952212,51.73302,52.53058131040197,21.03795348047788
2025-09-08 00:00:00,78.43,58.819947621171906,61.47647,54.83516072468268,19.6100523788281
2025-09-08 01:00:00,78.43,66.2437013910453,70.44776,59.937609266797836,12.1862986089547
2025-09-08 02:00:00,79.57,69.34357408541487,72.96699,63.90845189139361,10.226425914585121
2025-09-08 03:00:00,83.44,74.32085255822315,78.13593,68.59822819731568,9.119147441776846
2025-09-08 04:00:00,100.99,81.3458784442879,84.13329,77.16475447558793,19.64412155571209
2025-09-08 05:00:00,122.44,94.67733555490321,98.67285,88.68405772881073,27.76266444509679
2025-09-08 06:00:00,126.02,106.72378488818772,107.255554,105.92613092164117,19.296215111812273
2025-09-08 07:00:00,115.44,101.36889488107451,103.150505,98.69647578911204,14.071105118925487
2025-09-08 08:00:00,95.66,95.7271042259435,100.70555,88.25943002897009,-0.06710422594350973
2025-09-08 09:00:00,91.38,83.02734573518204,87.79967,75.86885948566018,8.352654264817957
2025-09-08 10:00:00,77.55,70.4470737037312,75.044815,63.55045975676455,7.102926296268791
2025-09-08 11:00:00,72.3,63.46060079736941,68.107506,56.49023757386786,8.839399202630588
2025-09-08 12:00:00,71.99,58.85152267276035,60.382328,56.55531463172997,13.138477327239642
2025-09-08 13:00:00,76.83,59.62694430012279,60.054283,58.985936037172195,17.20305569987721
2025-09-08 14:00:00,87.35,64.31639047054904,64.33488,64.28865302573783,23.033609529450956
2025-09-08 15:00:00,103.08,79.04404995202819,80.61,76.69512205719448,24.03595004797181
2025-09-08 16:00:00,118.82,100.46391398223298,98.7901,102.97462717970356,18.356086017767012
2025-09-08 17:00:00,154.08,118.69161945395942,114.879105,124.41038026942002,35.388380546040594
2025-09-08 18:00:00,152.58,122.91681246501986,118.2486,129.91913687544024,29.663187534980153
2025-09-08 19:00:00,137.96,118.26923189908752,113.762794,125.02887274698637,19.690768100912493
2025-09-08 20:00:00,109.48,106.64686586556999,101.977875,113.65035062278726,2.8331341344300114
2025-09-08 21:00:00,97.56,97.26909554486878,93.81547,102.4495294810684,0.2909044551312263
2025-09-08 22:00:00,95.04,93.79266254458506,91.88938,96.64757471168235,1.2473374554149501
2025-09-08 23:00:00,90.53,91.27844513042945,90.80166,91.9936153437738,-0.7484451304294453
2025-09-09 00:00:00,87.61,89.2357918010419,89.76171,88.44690709965062,-1.625791801041899
2025-09-09 01:00:00,84.99,86.80882585348623,87.35086,85.99576801811497,-1.8188258534862314
2025-09-09 02:00:00,84.42,87.13386028383144,87.764465,86.18795080418309,-2.713860283831437
2025-09-09 03:00:00,84.47,90.67517079850879,90.24321,91.32310842327394,-6.205170798508789
2025-09-09 04:00:00,95.19,102.33432023497565,102.9372,101.42998737027605,-7.144320234975652
2025-09-09 05:00:00,117.34,119.84118771568426,122.09695,116.45754158535321,-2.501187715684253
2025-09-09 06:00:00,130.01,129.26340474714718,130.73802,127.05146764789721,0.7465952528528135
2025-09-09 07:00:00,122.39,120.84933000980614,122.096695,118.97827879038448,1.5406699901938623
2025-09-09 08:00:00,104.33,104.60020347939269,106.005356,102.49247303869166,-0.2702034793926913
2025-09-09 09:00:00,95.55,92.04608402218898,93.583694,89.73966264641481,3.503915977811019
2025-09-09 10:00:00,85.44,80.87501915936022,82.48442,78.46091291915249,4.564980840639777
2025-09-09 11:00:00,83.29,75.29160919557101,76.13796,74.02207947696465,7.998390804428993
2025-09-09 12:00:00,82.27,72.9151272592756,74.237816,70.93109245543997,9.354872740724403
2025-09-09 13:00:00,81.41,73.53656371580503,74.3352,72.3386093017196,7.873436284194966
2025-09-09 14:00:00,84.65,81.08721697784364,81.35078,80.69187552871551,3.562783022156367
2025-09-09 15:00:00,94.15,99.18281082607308,101.65254,95.47820817175005,-5.032810826073074
2025-09-09 16:00:00,121.56,115.62712283317975,116.85299,113.78832328778336,5.932877166820248
2025-09-09 17:00:00,130.05,136.0384128999965,136.87628,134.7816058278721,-5.98841289999649
2025-09-09 18:00:00,129.75,132.48477893051944,133.58687,130.83164108240211,-2.7347789305194397
2025-09-09 19:00:00,108.65,122.47642760110577,124.02731,120.15009533943433,-13.826427601105763
2025-09-09 20:00:00,92.12,105.65080586306166,105.48873,105.89391567388948,-13.530805863061659
2025-09-09 21:00:00,83.64,94.909165820556,93.6173,96.84695591796714,-11.269165820555997
2025-09-09 22:00:00,83.6,88.31687189809278,89.64455,86.32535044530519,-4.716871898092791
2025-09-09 23:00:00,76.34,79.88271329879078,80.76796,78.55484004018982,-3.5427132987907726
2025-09-10 00:00:00,74.05,73.12696727041155,75.62975,69.37278469214218,0.9230327295884422
2025-09-10 01:00:00,72.28,73.09420837063783,74.53979,70.92583808052524,-0.8142083706378287
2025-09-10 02:00:00,70.5,70.06306646404775,70.73965,69.04819007064182,0.4369335359522495
2025-09-10 03:00:00,68.69,74.07729927626539,73.53929,74.88430539586369,-5.387299276265395
2025-09-10 04:00:00,78.71,83.70622347768808,85.334465,81.26385924658837,-4.9962234776880905
2025-09-10 05:00:00,103.82,100.2406206823093,103.57318,95.24177806990897,3.5793793176906945
2025-09-10 06:00:00,120.72,109.47622660906956,110.54712,107.86987255294733,11.243773390930443
2025-09-10 07:00:00,117.82,111.62139092597143,111.28707,112.12285902879574,6.1986090740285675
2025-09-10 08:00:00,100.96,97.15498084598988,96.2355,98.53420542613193,3.805019154010111
2025-09-10 09:00:00,87.37,86.62744664705374,86.594,86.67761205525642,0.7425533529462598
2025-09-10 10:00:00,72.65,68.03946367502041,66.24807,70.72654882072973,4.610536324979591
2025-09-10 11:00:00,68.04,66.46018869014648,65.2396,68.29107002248534,1.5798113098535254
2025-09-10 12:00:00,68.16,62.08728616697236,61.470253,63.012834023998295,6.072713833027635
2025-09-10 13:00:00,69.79,60.9457572499762,58.15993,65.12448872125395,8.84424275002381
2025-09-10 14:00:00,78.37,62.437437946489055,59.40857,66.9807408623164,15.93256205351095
2025-09-10 15:00:00,89.24,79.39785458493932,76.40389,83.88879005731903,9.84214541506067
2025-09-10 16:00:00,112.59,108.05982032873642,109.422874,106.01523914581566,4.530179671263582
2025-09-10 17:00:00,118.08,118.10508356550238,118.33068,117.76667619891221,-0.025083565502384886
2025-09-10 18:00:00,116.03,120.50674301847427,122.36113,117.72515909037512,-4.4767430184742665
2025-09-10 19:00:00,103.73,104.23759150790707,102.42434,106.95746601342003,-0.5075915079070654
2025-09-10 20:00:00,81.15,91.32585469094751,88.912834,94.9453816614508,-10.175854690947503
2025-09-10 21:00:00,47.49,82.12593554269583,80.58447,84.43812605766729,-34.635935542695826
2025-09-10 22:00:00,26.17,64.4057105168426,62.085556,67.88593843199908,-38.2357105168426
2025-09-10 23:00:00,15.55,44.70949385301495,42.242603,48.40982491116284,-29.159493853014947
2025-09-11 00:00:00,17.16,36.51031932967178,37.06094,35.684386733603276,-19.35031932967178
2025-09-11 01:00:00,21.11,33.56711719830487,34.372578,32.35892649490768,-12.457117198304871
2025-09-11 02:00:00,19.18,33.51374099407055,33.518772,33.506194297310174,-14.333740994070553
2025-09-11 03:00:00,16.37,33.54138126962759,31.219784,37.023776545956196,-17.17138126962759
2025-09-11 04:00:00,22.57,43.18102579519281,37.944447,51.035893688726645,-20.61102579519281
2025-09-11 05:00:00,65.64,76.39646537840389,78.09818,73.84388942867574,-10.756465378403888
2025-09-11 06:00:00,88.88,88.68761821336759,91.18408,84.94291294980081,0.19238178663241
2025-09-11 07:00:00,82.64,91.12790851325043,92.281525,89.39748238847275,-8.487908513250431
2025-09-11 08:00:00,54.24,66.69882763018957,66.97598,66.28308744705595,-12.458827630189568
2025-09-11 09:00:00,19.4,32.90281658107754,30.693533,36.21674012975683,-13.50281658107754
2025-09-11 10:00:00,9.25,14.352490634484685,12.942704,16.467170046676188,-5.102490634484685
2025-09-11 11:00:00,9.94,8.470045144111463,6.8282995,10.93266262300449,1.4699548558885365
2025-09-11 12:00:00,10.42,11.796087316588057,10.208084,14.178091416546437,-1.3760873165880572
2025-09-11 13:00:00,14.29,8.693218153777025,6.8394203,11.473914191281551,5.596781846222974
2025-09-11 14:00:00,23.7,11.143765669982043,4.4833674,21.13436277190945,12.556234330017956
2025-09-11 15:00:00,69.97,27.495121785514776,22.204056,35.431718400401934,42.47487821448522
2025-09-11 16:00:00,103.9,49.428008022207166,43.040703,59.00896296475864,54.47199197779284
2025-09-11 17:00:00,119.5,92.10094389345747,93.168175,90.50009571081651,27.39905610654253
2025-09-11 18:00:00,124.32,93.034977795692,92.73387,93.48663539193996,31.285022204307992
2025-09-11 19:00:00,110.4,82.29137679746054,77.75486,89.09615210717675,28.108623202539462
2025-09-11 20:00:00,93.75,74.14359955432352,71.43012,78.21381341522775,19.606400445676485
2025-09-11 21:00:00,75.64,49.71160313833292,44.063274,58.18409436316628,25.928396861667082
2025-09-11 22:00:00,10.25,25.725695742745394,18.223866,36.97844061647652,-15.475695742745394
2025-09-11 23:00:00,4.75,14.543572428203959,8.731986,23.260951048079477,-9.793572428203959
2025-09-12 00:00:00,4.08,9.209998535949445,7.4978523,11.778217374877272,-5.129998535949445
2025-09-12 01:00:00,1.93,0.07124350727168582,-0.7436482,1.2935810849211578,1.8587564927283142
2025-09-12 02:00:00,0.91,2.211642230737812,-0.031825103,5.576843234868363,-1.3016422307378117
2025-09-12 03:00:00,0.12,1.908098638980778,-0.64614725,5.739467518849153,-1.7880986389807778
2025-09-12 04:00:00,9.78,7.3245568932082055,3.342707,13.297331497317998,2.455443106791794
2025-09-12 05:00:00,57.04,56.670135247261406,73.894226,30.83399709947676,0.369864752738593
2025-09-12 06:00:00,63.44,71.18569891380699,78.37049,60.40850502072354,-7.74569891380699
2025-09-12 07:00:00,52.06,61.63870262995586,59.98128,64.12483274676464,-9.578702629955856
2025-09-12 08:00:00,23.82,26.330589222562956,18.313488,38.356239616008224,-2.510589222562956
2025-09-12 09:00:00,7.99,6.089998563952031,-1.489759,17.459634892212307,1.900001436047969
2025-09-12 10:00:00,4.45,-1.358843726090356,-6.5567565,6.438026025464723,5.808843726090356
2025-09-12 11:00:00,2.02,-0.5375617816719798,-8.095674,10.799606125882917,2.55756178167198
2025-09-12 12:00:00,1.39,-3.4302527906022533,-11.222534,8.258170485118512,4.820252790602253
2025-09-12 13:00:00,1.47,-4.912345621903455,-11.312308,4.687599604527861,6.382345621903455
2025-09-12 14:00:00,10.56,1.565371881837371,-5.9756055,12.876838174747235,8.99462811816263
2025-09-12 15:00:00,60.95,20.084338550770156,13.844663,29.44385142376987,40.86566144922985
2025-09-12 16:00:00,99.17,65.38284115371815,61.187313,71.67612563514984,33.787158846281855
2025-09-12 17:00:00,123.87,105.93267345774504,106.261284,105.43975592524636,17.937326542254965
2025-09-12 18:00:00,126.88,115.01890989853304,112.08449,119.42053905907673,11.861090101466957
2025-09-12 19:00:00,113.65,105.33104647463483,102.72149,109.24537512823744,8.318953525365174
2025-09-12 20:00:00,96.97,94.88910866065441,92.88813,97.89057255495632,2.080891339345584
2025-09-12 21:00:00,82.41,78.26604595846192,74.82714,83.4243998692993,4.1439540415380804
2025-09-12 22:00:00,64.3,67.93490450994565,64.21325,73.51738555770106,-3.634904509945656
2025-09-12 23:00:00,51.23,53.972108801787556,46.350807,65.40405740485951,-2.742108801787559
2025-09-13 00:00:00,43.43,37.68664249732083,31.25608,47.33248434846564,5.743357502679167
2025-09-13 01:00:00,39.04,33.79618135071826,24.266874,48.09013999941527,5.243818649281742
2025-09-13 02:00:00,35.96,32.24007307519584,21.46099,48.40869394516122,3.719926924804163
2025-09-13 03:00:00,34.5,24.55625219637517,16.048462,37.31793571249554,9.94374780362483
2025-09-13 04:00:00,36.76,30.27594521266144,22.072412,42.58124238803788,6.4840547873385574
2025-09-13 05:00:00,43.73,33.9723761915226,25.721954,46.34800752974033,9.757623808477398
2025-09-13 06:00:00,45.86,38.54607531399489,29.77087,51.708882971876875,7.313924686005109
2025-09-13 07:00:00,43.23,35.9438801791233,29.224703,46.02264428783511,7.286119820876699
2025-09-13 08:00:00,22.22,21.69145805023667,10.104704,39.07158807870141,0.5285419497633299
2025-09-13 09:00:00,10.14,17.825448005525903,11.957548,26.62729732475836,-7.6854480055259025
2025-09-13 10:00:00,6.71,4.870022838952627,2.3380022,8.668053611225105,1.839977161047373
2025-09-13 11:00:00,7.86,-0.17461099133105318,-2.5894585,3.4476604584552035,8.034610991331053
2025-09-13 12:00:00,5.42,-6.430375203376661,-10.698543,-0.028122923984255976,11.850375203376661
2025-09-13 13:00:00,6.8,-2.814464267172127,-5.010462,0.4795326389925947,9.614464267172128
2025-09-13 14:00:00,20.29,2.663996851088621,1.677589,4.143608300988916,17.62600314891138
2025-09-13 15:00:00,63.28,25.167016676797743,21.790592,30.231651494240452,38.11298332320226
2025-09-13 16:00:00,103.48,59.26229400963233,54.51221,66.38741303311403,44.217705990367676
2025-09-13 17:00:00,121.35,106.63332128517712,109.828766,101.84014677983734,14.716678714822876
2025-09-13 18:00:00,123.0,117.11128476064448,118.997025,114.28267128271472,5.88871523935552
2025-09-13 19:00:00,114.52,108.26041986225204,110.758896,104.5127058445949,6.25958013774796
2025-09-13 20:00:00,100.34,96.65520228571805,99.16215,92.89477680194162,3.684797714281956
2025-09-13 21:00:00,93.02,85.73425881792397,88.81166,81.11815017286168,7.285741182076023
2025-09-13 22:00:00,90.96,75.37677754612261,77.861046,71.65037129450573,15.583222453877383
2025-09-13 23:00:00,84.28,71.28726935746977,73.41423,68.09682787365489,12.992730642530233
2025-09-14 00:00:00,85.7,73.55975343160011,77.669716,67.39480975697882,12.140246568399888
2025-09-14 01:00:00,86.51,70.41187150465089,72.89508,66.68705600466922,16.098128495349115
2025-09-14 02:00:00,86.02,66.66234534370001,68.77635,63.49133355883498,19.357654656299985
2025-09-14 03:00:00,89.24,68.23375226415381,71.3954,63.4912753442224,21.006247735846188
2025-09-14 04:00:00,93.86,73.6754445435914,76.22668,69.84859213290426,20.184555456408603
2025-09-14 05:00:00,100.6,79.931216079554,81.761795,77.18534191092115,20.66878392044599
2025-09-14 06:00:00,106.45,85.94062620832199,85.642586,86.38767735247,20.509373791678016
2025-09-14 07:00:00,108.36,89.55758616858981,89.75363,89.26351421908194,18.802413831410192
2025-09-14 08:00:00,107.65,90.945731515127,89.757515,92.72805063535165,16.704268484873012
2025-09-14 09:00:00,104.91,90.99620437819482,87.77203,95.83245277898314,13.913795621805178
2025-09-14 10:00:00,98.25,87.35762109641695,85.75408,89.76292824458238,10.892378903583051
2025-09-14 11:00:00,92.07,79.67037511359268,77.51254,82.90712178971901,12.39962488640731
2025-09-14 12:00:00,58.15,71.33461566205226,68.46621,75.63722122300175,-13.18461566205226
2025-09-14 13:00:00,30.05,61.12837177522855,60.16509,62.57328882833016,-31.07837177522855
2025-09-14 14:00:00,23.81,60.92158132257894,56.0968,68.15875066972859,-37.11158132257894
2025-09-14 15:00:00,60.36,71.88730535980592,68.68518,76.69049049607241,-11.527305359805922
2025-09-14 16:00:00,71.99,82.71800555169298,79.00668,88.28498694746978,-10.728005551692988
2025-09-14 17:00:00,70.7,88.26354155963767,82.69178,96.62117804155025,-17.56354155963767
2025-09-14 18:00:00,63.99,90.40079768506456,87.71345,94.43181713441433,-26.41079768506456
2025-09-14 19:00:00,52.07,79.72370220193247,74.43265,87.66027631781944,-27.653702201932468
2025-09-14 20:00:00,29.61,68.65856109351401,64.50318,74.89162291811121,-39.04856109351401
2025-09-14 21:00:00,9.5,55.301371573858866,52.049904,60.17856836183222,-45.801371573858866
2025-09-14 22:00:00,2.24,34.080557281369785,29.158735,41.46329029052163,-31.840557281369783
2025-09-14 23:00:00,0.86,13.812025407328349,9.016432,21.005415567194774,-12.95202540732835
2025-09-15 00:00:00,-0.68,3.622656945166284,-0.32281247,9.540861072086528,-4.302656945166284
2025-09-15 01:00:00,-1.73,2.288896602235684,1.2782854,3.8048132803103556,-4.018896602235683
2025-09-15 02:00:00,-1.57,-2.7372045663992255,-5.0672393,0.7578479876121662,1.1672045663992254
2025-09-15 03:00:00,-1.38,3.2750827062496226,2.1819663,4.914757308455478,-4.6550827062496225
2025-09-15 04:00:00,-0.01,8.979110424477676,9.086953,8.817345362799415,-8.989110424477676
2025-09-15 05:00:00,13.19,58.8827932257431,78.871506,28.899716829006195,-45.6927932257431
2025-09-15 06:00:00,29.99,77.93579228944682,86.62896,64.89603361057993,-47.94579228944683
2025-09-15 07:00:00,42.18,72.45932249429265,75.55519,67.81551967567304,-30.27932249429265
2025-09-15 08:00:00,21.75,58.80247437286059,60.00939,56.99209062575497,-37.05247437286059
2025-09-15 09:00:00,6.34,35.466742628863415,32.76014,39.52664642048617,-29.126742628863415
2025-09-15 10:00:00,1.86,18.34137327764921,16.026402,21.813830914459942,-16.48137327764921
2025-09-15 11:00:00,-0.06,8.349709360507575,7.1007376,10.223166566857316,-8.409709360507575
2025-09-15 12:00:00,-1.05,0.5015908869916872,-0.90208745,2.607108452125061,-1.5515908869916872
2025-09-15 13:00:00,-1.31,-2.8442198220021053,-5.869843,1.6942151926143652,1.5342198220021053
2025-09-15 14:00:00,-1.44,1.0110918868080603,-3.3923728,7.616289106134531,-2.4510918868080602
2025-09-15 15:00:00,3.56,15.140098599382304,11.037162,21.2945032809875,-11.580098599382303
2025-09-15 16:00:00,32.97,53.44239255670125,54.35136,52.0789390028371,-20.47239255670125
2025-09-15 17:00:00,53.65,79.12255392592637,77.90597,80.94742561681787,-25.47255392592637
2025-09-15 18:00:00,56.82,84.77822957408574,85.62467,83.50856030911572,-27.958229574085742
2025-09-15 19:00:00,44.26,78.44700329128469,79.84705,76.34692412176642,-34.18700329128469
2025-09-15 20:00:00,15.15,56.76416224766249,55.915302,58.037448389541964,-41.61416224766249
2025-09-15 21:00:00,0.77,34.979069046565634,33.052094,37.869530450276386,-34.20906904656563
2025-09-15 22:00:00,1.2,16.36709110655489,15.053908,18.336863336913353,-15.167091106554892
2025-09-15 23:00:00,0.31,3.434893057108957,6.9332695,-1.8126716083262409,-3.124893057108957
2025-09-16 00:00:00,-0.72,-3.6276878444363323,1.2326325,-10.918168507022074,2.9076878444363325
2025-09-16 01:00:00,-0.84,-8.240774605983358,-4.1268506,-14.411660369023338,7.400774605983358
2025-09-16 02:00:00,-0.94,-4.777296156246064,-1.4273913,-9.80215333540886,3.837296156246064
2025-09-16 03:00:00,-1.09,-1.0843979721293637,-0.27704558,-2.2954265413249004,-0.00560202787063635
2025-09-16 04:00:00,-0.06,8.533257185723437,7.928085,9.441014973585936,-8.593257185723438
2025-09-16 05:00:00,15.0,54.557766386705566,73.547905,26.072550884976806,-39.557766386705566
2025-09-16 06:00:00,37.4,67.69985367629299,76.35926,54.7107357227149,-30.29985367629299
2025-09-16 07:00:00,38.73,60.966509068434426,63.736664,56.8112712215011,-22.23650906843443
2025-09-16 08:00:00,24.5,35.68341460918997,29.880024,44.388499634852366,-11.183414609189967
2025-09-16 09:00:00,3.3,21.95208025847611,19.639557,25.42086484220468,-18.652080258476108
2025-09-16 10:00:00,4.7,10.668816267942987,11.431125,9.525353162228072,-5.968816267942986
2025-09-16 11:00:00,5.32,7.846563221432154,7.2937884,8.67572516554938,-2.526563221432154
2025-09-16 12:00:00,2.11,5.218347962397274,3.8267365,7.305764992281638,-3.1083479623972745
2025-09-16 13:00:00,1.09,-0.7865100326803027,-5.4569707,6.219181313448473,1.8765100326803028
2025-09-16 14:00:00,2.21,0.978218280535498,-5.350034,10.47059765274713,1.231781719464502
2025-09-16 15:00:00,50.3,28.369783743670745,27.590496,29.5387133569796,21.930216256329253
2025-09-16 16:00:00,95.65,72.56802533191974,75.644196,67.95376236544388,23.081974668080264
2025-09-16 17:00:00,116.65,98.64144620859253,101.62951,94.1593482485321,18.00855379140748
2025-09-16 18:00:00,118.4,102.59033333457131,105.30265,98.52185575158941,15.809666665428693
2025-09-16 19:00:00,120.17,93.34754889661309,95.029144,90.82514627412547,26.82245110338691
2025-09-16 20:00:00,104.34,85.8999375117453,87.55721,83.41402262762986,18.440062488254696
2025-09-16 21:00:00,87.37,81.75890560576877,83.16036,79.65671111220024,5.61109439423123
2025-09-16 22:00:00,90.78,79.70477987589217,81.17336,77.50189605508689,11.07522012410783
2025-09-16 23:00:00,85.2,78.84406831081431,80.98741,75.62904780645471,6.355931689185695
2025-09-17 00:00:00,83.88,80.33396435263492,83.034424,76.28327132470253,3.5460356473650734
2025-09-17 01:00:00,80.6,75.52563112395812,76.81212,73.59589619978789,5.0743688760418735
2025-09-17 02:00:00,77.9,70.42038634111678,70.449165,70.37721402173727,7.479613658883224
2025-09-17 03:00:00,74.77,73.54845265266059,74.101494,72.71888324908312,1.2215473473394098
2025-09-17 04:00:00,78.54,73.53774583052048,71.9468,75.92415659900627,5.002254169479528
2025-09-17 05:00:00,102.93,89.5441455460993,93.169655,84.10587778126387,13.385854453900706
2025-09-17 06:00:00,112.3,103.00957581955183,107.24177,96.66128390923112,9.29042418044817
2025-09-17 07:00:00,117.38,103.38755824758937,105.87311,99.65922421699588,13.992441752410627
2025-09-17 08:00:00,109.57,90.05489448911572,90.10887,89.97391949610471,19.51510551088427
2025-09-17 09:00:00,91.36,78.74452339712163,77.55035,80.53578702368785,12.615476602878374
2025-09-17 10:00:00,87.11,77.24596435561935,76.707596,78.05351333655815,9.86403564438065
2025-09-17 11:00:00,71.25,69.79550623326423,68.20056,72.1879213906557,1.4544937667357658
2025-09-17 12:00:00,53.13,62.180131082209385,59.97521,65.48751146712013,-9.050131082209383
2025-09-17 13:00:00,49.54,58.71134391222021,56.506912,62.017989526033915,-9.171343912220209
2025-09-17 14:00:00,53.23,56.38232723876804,52.956005,61.52180949859246,-3.152327238768045
2025-09-17 15:00:00,74.92,63.56870637950429,61.884594,66.09487500332617,11.35129362049571
2025-09-17 16:00:00,98.38,78.51176002724488,75.088295,83.64695377904968,19.86823997275512
2025-09-17 17:00:00,116.07,89.5165476453258,86.14468,94.57434526382721,26.553452354674192
2025-09-17 18:00:00,118.37,91.04877292385035,88.77947,94.45271996831727,27.321227076149654
2025-09-17 19:00:00,101.34,86.71141975709011,82.39108,93.19192333986885,14.62858024290989
2025-09-17 20:00:00,81.99,76.51625676330397,74.35137,79.7635804458576,5.4737432366960235
2025-09-17 21:00:00,60.44,62.04728710674881,59.95794,65.1813033229023,-1.6072871067488137
2025-09-17 22:00:00,33.65,44.171393304549696,38.491573,52.691123260763874,-10.521393304549697
2025-09-17 23:00:00,21.37,29.102366160022278,23.338581,37.748042818573765,-7.732366160022277
2025-09-18 00:00:00,16.81,18.13888877677931,13.289273,25.41331157207523,-1.328888776779312
2025-09-18 01:00:00,14.81,17.45001742291204,15.1853075,20.847080872648746,-2.64001742291204
2025-09-18 02:00:00,14.65,13.221314245419876,7.319185,22.074508204949836,1.4286857545801244
2025-09-18 03:00:00,20.24,16.929129600453315,10.958484,25.885097980320296,3.3108703995466833
2025-09-18 04:00:00,38.37,30.088827975555276,26.0498,36.147367676009765,8.281172024444722
2025-09-18 05:00:00,84.59,56.81846728324533,58.254864,54.66387069224419,27.77153271675467
2025-09-18 06:00:00,97.82,88.6156630343531,89.25824,87.65179033734759,9.204336965646888
2025-09-18 07:00:00,88.0,104.1078443411911,105.76581,101.62089106538008,-16.107844341191097
2025-09-18 08:00:00,76.89,90.85644930469465,90.909454,90.77693983583328,-13.966449304694649
2025-09-18 09:00:00,52.35,72.01293871030273,66.94429,79.61590581201173,-19.662938710302733
2025-09-18 10:00:00,30.44,61.035760242522784,58.863407,64.2942841817464,-30.595760242522783
2025-09-18 11:00:00,16.65,47.68568934016398,43.42928,54.0702995909495,-31.035689340163984
2025-09-18 12:00:00,12.74,33.97043711857914,26.622566,44.992242031219575,-21.23043711857914
2025-09-18 13:00:00,9.88,28.460296773394987,19.75529,41.51780640950065,-18.580296773394984
2025-09-18 14:00:00,25.39,26.84987063441979,15.157398,44.38857781972257,-1.45987063441979
2025-09-18 15:00:00,60.65,44.83274110454556,36.924606,56.69494232282631,15.817258895454437
2025-09-18 16:00:00,92.71,78.95101459476564,75.46337,84.18247957163086,13.758985405234355
2025-09-18 17:00:00,114.76,106.53905911061105,106.91646,105.97294913761162,8.220940889388956
2025-09-18 18:00:00,118.86,114.42105442034199,119.46558,106.8542565342534,4.438945579658011
2025-09-18 19:00:00,111.26,99.54969486747916,101.23973,97.01463900890786,11.710305132520844
2025-09-18 20:00:00,97.33,79.52703135672974,80.649124,77.84388645151674,17.802968643270262
2025-09-18 21:00:00,78.41,60.658435524504625,61.54293,59.33169290672055,17.75156447549537
2025-09-18 22:00:00,70.13,36.98032546450625,34.75522,40.3179830414536,33.149674535493745
2025-09-18 23:00:00,62.59,28.856616660871044,28.42925,29.49766557643298,33.73338333912896
2025-09-19 00:00:00,59.26,18.911011392625312,18.11646,20.102836327632616,40.348988607374686
2025-09-19 01:00:00,54.47,17.11834781000466,15.5434265,19.480728323992366,37.351652189995335
2025-09-19 02:00:00,54.56,22.52352553753896,19.490831,27.072566304327125,32.036474462461044
2025-09-19 03:00:00,54.79,27.222895483926187,24.407627,31.445796143897496,27.56710451607381
2025-09-19 04:00:00,63.44,42.59317302349072,41.186146,44.70371007032347,20.846826976509277
2025-09-19 05:00:00,94.93,69.10066858485182,71.45063,65.57572045810122,25.82933141514819
2025-09-19 06:00:00,113.61,90.65285070294036,89.679504,92.1128644435081,22.957149297059644
2025-09-19 07:00:00,113.65,93.75009035960689,91.271065,97.4686211321715,19.89990964039312
2025-09-19 08:00:00,111.31,85.06034408964376,83.19394,87.85994378123831,26.24965591035624
2025-09-19 09:00:00,95.0,79.44650682272909,80.96369,77.17072567498678,15.553493177270909
2025-09-19 10:00:00,76.19,70.12455361544077,72.30938,66.84731467214687,6.065446384559223
2025-09-19 11:00:00,71.18,58.360241808677614,57.630745,59.454481398525076,12.819758191322393
2025-09-19 12:00:00,69.08,53.96950092403256,53.16836,55.17120695333091,15.11049907596744
2025-09-19 13:00:00,70.32,55.023556935526884,55.795444,53.86572179133185,15.29644306447311
2025-09-19 14:00:00,76.97,63.29696242053744,64.385666,61.66390339631431,13.673037579462559
2025-09-19 15:00:00,92.85,81.04934160576609,80.801956,81.42041784192986,11.800658394233906
2025-09-19 16:00:00,111.44,107.6860608951445,105.05836,111.62761447235832,3.7539391048555046
2025-09-19 17:00:00,136.95,127.75165566148446,124.36357,132.8337671444338,9.198344338515525
2025-09-19 18:00:00,139.17,132.5136484531081,129.74915,136.66040287105147,6.656351546891898
2025-09-19 19:00:00,118.28,117.9872698149165,113.81308,124.24855097161742,0.29273018508349935
2025-09-19 20:00:00,105.74,103.76126685011906,100.065186,109.30538689763652,1.978733149880938
2025-09-19 21:00:00,99.35,93.72307513660925,90.56971,98.4531193600778,5.626924863390741
2025-09-19 22:00:00,91.68,93.56548853706406,93.76,93.27371050891989,-1.8854885370640488
2025-09-19 23:00:00,93.03,91.0666042034947,92.426,89.0274991256801,1.9633957965052957
2025-09-20 00:00:00,89.33,88.74339280528693,89.32153,87.8761764864839,0.5866071947130678
2025-09-20 01:00:00,86.62,84.5042235946424,83.75978,85.6208819388765,2.1157764053576074
2025-09-20 02:00:00,83.64,81.71379965670742,80.67495,83.27206895072851,1.926200343292578
2025-09-20 03:00:00,85.6,81.00656473165722,80.68238,81.49283318534424,4.593435268342773
2025-09-20 04:00:00,86.95,82.10635456835588,81.789894,82.58103572814068,4.84364543164412
2025-09-20 05:00:00,93.16,88.27877287287113,88.85605,87.41284976945809,4.8812271271288665
2025-09-20 06:00:00,97.49,98.49733103139252,101.32022,94.26299425023424,-1.0073310313925248
2025-09-20 07:00:00,109.88,100.53706013665462,102.72246,97.25895969832601,9.342939863345379
2025-09-20 08:00:00,111.74,102.87568087734601,106.00207,98.1860970297908,8.864319122653981
2025-09-20 09:00:00,107.5,97.69017856485033,97.501396,97.97334832862973,9.809821435149672
2025-09-20 10:00:00,105.12,91.6898054238253,88.699455,96.1753211309744,13.4301945761747
2025-09-20 11:00:00,108.9,89.72053644426248,86.21942,94.97220330853219,19.179463555737527
2025-09-20 12:00:00,99.82,83.68264844367651,79.448654,90.03363793963561,16.13735155632348
2025-09-20 13:00:00,84.77,79.21718588880601,76.31359,83.57257821688808,5.552814111193982
2025-09-20 14:00:00,77.88,78.93436867833839,77.77905,80.66733496488894,-1.0543686783383919
2025-09-20 15:00:00,84.66,88.67110588617308,88.30408,89.22164327073054,-4.011105886173084
2025-09-20 16:00:00,106.79,101.21104640388779,103.05328,98.44768093586694,5.578953596112214
2025-09-20 17:00:00,106.02,111.7046085810065,114.75815,107.12429916247717,-5.684608581006501
2025-09-20 18:00:00,97.5,103.38208074488921,106.32403,98.96915602482068,-5.882080744889208
2025-09-20 19:00:00,82.84,89.35197630276244,88.55066,90.55394626532896,-6.511976302762434
2025-09-20 20:00:00,67.85,76.79002571735649,75.8385,78.21731092119882,-8.940025717356491
2025-09-20 21:00:00,39.61,66.0770932196082,64.24526,68.82483983002635,-26.467093219608202
2025-09-20 22:00:00,8.89,49.82622550720164,42.92532,60.177579492186226,-40.93622550720164
2025-09-20 23:00:00,3.74,27.560548675048736,20.35502,38.36883994934058,-23.820548675048734
2025-09-21 00:00:00,1.8,19.167039979979734,10.938491,31.509863410108636,-17.367039979979733
2025-09-21 01:00:00,1.56,17.616614379663737,12.921673,24.65902576391764,-16.05661437966374
2025-09-21 02:00:00,1.15,9.227370772040683,5.8691773,14.264660560282067,-8.077370772040682
2025-09-21 03:00:00,1.77,11.798732721047656,12.213269,11.176926998389405,-10.028732721047657
2025-09-21 04:00:00,3.53,18.801958322767426,22.563974,13.15893232883019,-15.271958322767427
2025-09-21 05:00:00,10.13,29.422165727087123,32.53609,24.751274226775422,-19.292165727087124
2025-09-21 06:00:00,15.58,34.9365295292842,33.019745,37.811704606291556,-19.356529529284202
2025-09-21 07:00:00,15.87,46.2890147723038,43.275513,50.80926407309349,-30.419014772303804
2025-09-21 08:00:00,11.41,32.95896869892128,27.103922,41.741537004566396,-21.548968698921282
2025-09-21 09:00:00,13.41,20.20231117250065,12.302737,32.05167088512431,-6.79231117250065
2025-09-21 10:00:00,13.62,16.595489789263684,10.971719,25.031145337264434,-2.975489789263685
2025-09-21 11:00:00,18.1,14.204034105785617,10.588704,19.62702814700188,3.8959658942143847
2025-09-21 12:00:00,32.25,10.106890103255774,3.820504,19.536469332960905,22.143109896744228
2025-09-21 13:00:00,33.04,3.2113157117231257,-2.6239822,11.964262625541181,29.828684288276875
2025-09-21 14:00:00,49.74,10.379749187953246,3.104459,21.292684100883633,39.36025081204676
2025-09-21 15:00:00,79.55,39.38576671294307,35.180378,45.69384984205004,40.16423328705693
2025-09-21 16:00:00,97.24,87.55204767013987,89.812325,84.16162476006645,9.687952329860124
2025-09-21 17:00:00,115.25,105.13872198409963,106.02447,103.81010185050786,10.111278015900368
2025-09-21 18:00:00,121.03,105.2320517828642,104.957855,105.64333899085193,15.797948217135797
2025-09-21 19:00:00,115.58,96.20412645289964,95.31036,97.54476094120906,19.375873547100355
2025-09-21 20:00:00,102.53,85.82820912423637,86.8388,84.31231548942392,16.701790875763635
2025-09-21 21:00:00,83.56,76.32671649970986,77.12405,75.13071794605199,7.233283500290142
2025-09-21 22:00:00,79.36,73.48121546725831,75.317696,70.72648761223758,5.87878453274169
2025-09-21 23:00:00,69.33,68.51360137089665,69.93261,66.38508336803753,0.8163986291033467
2025-09-22 00:00:00,66.81,65.75633135439203,66.955666,63.95732618871446,1.0536686456079707
2025-09-22 01:00:00,63.31,69.85876553252271,72.6482,65.67461234815246,-6.548765532522708
2025-09-22 02:00:00,61.2,63.90664661063957,64.261086,63.37498635386942,-2.7066466106395666
2025-09-22 03:00:00,62.38,69.73050291526145,70.41834,68.69873958795833,-7.350502915261451
2025-09-22 04:00:00,78.24,77.2373304010479,78.66805,75.09124508526133,1.002669598952096
2025-09-22 05:00:00,108.81,90.47235635901419,93.84453,85.41408906342903,18.337643640985817
2025-09-22 06:00:00,121.02,102.91818390214708,106.68994,97.26053620190089,18.101816097852918
2025-09-22 07:00:00,118.5,96.82190826976938,99.187225,93.27392884703085,21.67809173023062
2025-09-22 08:00:00,100.93,89.00439626769668,91.79225,84.82261138152194,11.92560373230333
2025-09-22 09:00:00,91.59,77.6932854940882,76.530716,79.43713791429764,13.896714505911802
2025-09-22 10:00:00,82.63,66.1582343625456,64.64291,68.43122662291674,16.471765637454396
2025-09-22 11:00:00,80.32,58.944284397660205,55.325596,64.37231530323254,21.37571560233979
2025-09-22 12:00:00,75.49,58.99397392061256,54.816147,65.2607088036066,16.496026079387434
2025-09-22 13:00:00,82.01,60.17627928613763,58.336807,62.93548161683333,21.833720713862377
2025-09-22 14:00:00,84.39,68.74890362987291,69.158066,68.1351527514401,15.641096370127087
2025-09-22 15:00:00,93.42,81.62254868859864,78.9992,85.55756953643802,11.79745131140136
2025-09-22 16:00:00,115.74,99.18394645331371,95.736206,104.35554942185848,16.556053546686286
2025-09-22 17:00:00,144.5,121.04393211903081,122.46006,118.91974011813366,23.456067880969186
2025-09-22 18:00:00,142.85,128.1233725713449,131.79036,122.62288455336224,14.726627428655092
2025-09-22 19:00:00,126.8,120.33854810340254,124.57638,113.98180345552784,6.461451896597453
2025-09-22 20:00:00,101.98,107.05251230415521,110.07364,102.52080712757552,-5.072512304155211
2025-09-22 21:00:00,95.36,92.87095414670799,92.10461,94.02046588739987,2.489045853292012
2025-09-22 22:00:00,94.96,91.56899726321785,90.71355,92.85216539925554,3.3910027367821414
2025-09-22 23:00:00,88.14,90.09363879387794,89.33723,91.22825477583257,-1.9536387938779427
2025-09-23 00:00:00,85.73,88.00871883883232,87.468376,88.8192233208357,-2.2787188388323187
2025-09-23 01:00:00,85.98,86.83266333755691,86.51073,87.31556604347725,-0.8526633375569048
2025-09-23 02:00:00,85.15,85.92565733855972,85.303894,86.85829655990025,-0.7756573385597108
2025-09-23 03:00:00,86.67,86.49852727689373,84.808655,89.03332647775676,0.1714727231062767
2025-09-23 04:00:00,95.23,91.6949531049784,89.13041,95.54176127196746,3.5350468950216083
2025-09-23 05:00:00,111.46,109.09664007433116,110.67307,106.73198333402128,2.3633599256688314
2025-09-23 06:00:00,141.4,121.01910562083762,124.58902,115.66421913021905,20.380894379162385
2025-09-23 07:00:00,128.15,119.28777078558673,123.799446,112.52025017563672,8.862229214413276
2025-09-23 08:00:00,107.7,104.51015459835968,105.14683,103.55513541252516,3.1898454016403264
2025-09-23 09:00:00,86.05,96.41958149483344,92.4896,102.31454631215684,-10.36958149483344
2025-09-23 10:00:00,78.46,90.59431099424856,87.25277,95.60661374355595,-12.134310994248565
2025-09-23 11:00:00,83.48,86.30834067779156,83.87034,89.96534021986952,-2.8283406777915587
2025-09-23 12:00:00,83.9,81.7224402724328,78.272194,86.89780600334765,2.1775597275672
2025-09-23 13:00:00,85.02,82.84548726072474,79.956375,87.17914974666047,2.174512739275258
2025-09-23 14:00:00,95.75,84.69070359032602,81.42884,89.58349039061,11.059296409673976
2025-09-23 15:00:00,107.68,92.83457490614029,89.47257,97.87757686801186,14.845425093859717
2025-09-23 16:00:00,143.29,117.4508465938176,117.84176,116.86447839250297,25.83915340618239
2025-09-23 17:00:00,160.85,137.76604754747333,138.72934,136.32109421048023,23.08395245252666
2025-09-23 18:00:00,146.12,141.86630434846856,144.81802,137.43872153401318,4.253695651531444
2025-09-23 19:00:00,123.03,127.55837012705607,129.72339,124.31083086573588,-4.528370127056064
2025-09-23 20:00:00,103.2,106.47048863585633,107.2923,105.2377679153244,-3.2704886358563243
2025-09-23 21:00:00,93.48,96.19041952868338,96.31173,96.00844704558537,-2.7104195286833743
2025-09-23 22:00:00,94.74,93.20414498061753,92.34373,94.4947660617733,1.535855019382467
2025-09-23 23:00:00,87.15,88.02641308423873,85.82717,91.3252738147228,-0.8764130842387203
2025-09-24 00:00:00,85.02,86.24914492283472,85.70351,87.06759306575375,-1.2291449228347204
2025-09-24 01:00:00,84.84,84.61222412454015,84.65471,84.54849129584741,0.22777587545985511
2025-09-24 02:00:00,84.75,83.47071073773887,83.20298,83.8722991526968,1.2792892622611305
2025-09-24 03:00:00,86.0,85.37254587083672,84.459404,86.74225487484571,0.6274541291632829
2025-09-24 04:00:00,91.71,93.13421311347773,92.69465,93.7935558549834,-1.4242131134777338
2025-09-24 05:00:00,112.35,109.20602195745587,109.97011,108.05987758651078,3.14397804254412
2025-09-24 06:00:00,131.87,126.69802691957238,127.93148,124.84784668735871,5.17197308042762
2025-09-24 07:00:00,122.09,123.04179817866415,126.23196,118.25656072375999,-0.9517981786641485
2025-09-24 08:00:00,106.78,107.74168797218687,110.166275,104.10479594975428,-0.9616879721868656
2025-09-24 09:00:00,92.77,90.3770622069157,88.746445,92.82298655671795,2.3929377930843003
2025-09-24 10:00:00,87.17,84.49097102289511,83.50044,85.97675426317036,2.679028977104892
2025-09-24 11:00:00,82.66,81.85681969359183,81.77453,81.98024884945806,0.8031803064081657
2025-09-24 12:00:00,80.85,78.53137161169761,77.825516,79.59014777924403,2.318628388302386
2025-09-24 13:00:00,80.88,76.39671468099826,74.76557,78.84342549644094,4.483285319001737
2025-09-24 14:00:00,82.9,83.11341551902146,82.80825,83.57115934198723,-0.21341551902145284
2025-09-24 15:00:00,94.25,94.25864340842988,94.96796,93.1946641698784,-0.008643408429875876
2025-09-24 16:00:00,115.14,120.32111709665259,123.67764,115.2863208788385,-5.181117096652585
2025-09-24 17:00:00,127.48,136.13949118090198,139.34941,131.32460380674712,-8.65949118090198
2025-09-24 18:00:00,123.44,131.72390031976644,134.69505,127.26717114853719,-8.283900319766445
2025-09-24 19:00:00,103.55,114.7267711362557,116.388565,112.23406498663535,-11.17677113625571
2025-09-24 20:00:00,96.17,99.43979726928475,100.56689,97.7491590057314,-3.2697972692847515
2025-09-24 21:00:00,89.49,89.9657000470336,89.784706,90.23718331460546,-0.47570004703359814
2025-09-24 22:00:00,80.48,90.56615867475733,90.545555,90.59705829272826,-10.086158674757328
2025-09-24 23:00:00,85.6,86.06700264734485,84.63429,88.216060085159,-0.46700264734485586
2025-09-25 00:00:00,82.03,84.68214799641183,84.319305,85.22640232440358,-2.652147996411827
2025-09-25 01:00:00,78.83,82.49042840248008,82.45983,82.53631461276757,-3.660428402480079
2025-09-25 02:00:00,75.1,81.29414455702035,81.184166,81.45910483127156,-6.194144557020351
2025-09-25 03:00:00,78.08,81.48132210700533,80.50372,82.94771864336778,-3.4013221070053277
2025-09-25 04:00:00,89.06,87.69808861353695,86.6945,89.20346013552697,1.3619113864630492
2025-09-25 05:00:00,107.64,103.09872635200813,102.538704,103.93875618763748,4.541273647991872
2025-09-25 06:00:00,122.33,119.07166882974619,120.563354,116.8341403360842,3.258331170253811
2025-09-25 07:00:00,121.78,109.9760668686981,111.35134,107.9131514857101,11.803933131301903
2025-09-25 08:00:00,100.07,97.28141307590542,98.44224,95.54016827936317,2.7885869240945738
2025-09-25 09:00:00,85.96,84.18319731931282,83.001785,85.95530584405842,1.7768026806871688
2025-09-25 10:00:00,83.84,75.43159902174935,74.25202,77.20095724065268,8.408400978250654
2025-09-25 11:00:00,78.67,66.51004342554874,63.994987,70.28261970278788,12.159956574451257
2025-09-25 12:00:00,77.44,63.89888506002207,61.845562,66.97886777090477,13.54111493997793
2025-09-25 13:00:00,78.2,64.86140866671938,62.991512,67.66624558952796,13.338591333280618
2025-09-25 14:00:00,80.57,66.94193542723957,64.2613,70.96288414610186,13.628064572760422
2025-09-25 15:00:00,91.85,81.48816589066556,82.29783,80.27366408579474,10.361834109334438
2025-09-25 16:00:00,108.2,100.31821999640445,99.76772,101.14395582902384,7.881780003595551
2025-09-25 17:00:00,121.18,117.16319184127704,117.802055,116.20488893546799,4.0168081587229665
2025-09-25 18:00:00,121.01,118.42470367958225,118.38773,118.48014375095758,2.585296320417754
2025-09-25 19:00:00,101.84,108.9907816610896,107.59259,111.08806102528258,-7.150781661089596
2025-09-25 20:00:00,92.48,99.89657629070061,98.48743,102.01029868268412,-7.416576290700604
2025-09-25 21:00:00,83.66,90.9046695442787,88.44836,94.58913510337254,-7.2446695442787075
2025-09-25 22:00:00,85.44,87.80810952471002,85.48024,91.29990638013442,-2.3681095247100217
2025-09-25 23:00:00,82.21,84.70494401179468,82.46963,88.05791705158143,-2.4949440117946864
2025-09-26 00:00:00,79.55,84.54564521585189,85.05748,83.77789134468344,-4.995645215851894
2025-09-26 01:00:00,78.84,81.3048126909284,81.383484,81.18679826784836,-2.4648126909283974
2025-09-26 02:00:00,77.65,79.2322614222011,79.057106,79.4949907137059,-1.5822614222010998
2025-09-26 03:00:00,79.08,81.33961256869557,79.667625,83.84759328086977,-2.259612568695573
2025-09-26 04:00:00,90.72,89.24605664014018,87.32913,92.1214415728846,1.4739433598598168
2025-09-26 05:00:00,108.71,106.06435460420346,106.38023,105.59052632679281,2.645645395796535
2025-09-26 06:00:00,121.7,119.14020315176502,118.50015,120.10026373878755,2.5597968482349813
2025-09-26 07:00:00,114.09,116.7885230525516,117.334236,115.9699495991524,-2.698523052551593
2025-09-26 08:00:00,100.49,105.92302193178138,107.66121,103.31574116978547,-5.433021931781383
2025-09-26 09:00:00,88.31,92.15356363142283,91.313,93.4143999538012,-3.8435636314228248
2025-09-26 10:00:00,82.91,85.55871463443506,85.220505,86.06602372292849,-2.6487146344350663
2025-09-26 11:00:00,80.94,81.64118490978149,82.08618,80.97368027677305,-0.7011849097814888
2025-09-26 12:00:00,82.11,81.88770310243315,81.9372,81.81345026096568,0.22229689756684934
2025-09-26 13:00:00,83.3,82.90422437252069,82.646645,83.29058641347945,0.39577562747930983
2025-09-26 14:00:00,87.19,86.65110874695335,85.862015,87.83474208222714,0.5388912530466428
2025-09-26 15:00:00,94.56,96.94910660189427,96.091995,98.23476410910581,-2.3891066018942695
2025-09-26 16:00:00,111.31,114.89896993558352,116.118416,113.06979727548226,-3.5889699355835205
2025-09-26 17:00:00,120.02,126.0171168742007,126.27246,125.63408933515994,-5.9971168742006995
2025-09-26 18:00:00,121.83,128.88936578482702,131.39098,125.13694671914764,-7.059365784827023
2025-09-26 19:00:00,105.21,107.81543811583401,107.29417,108.59733781277836,-2.605438115834019
2025-09-26 20:00:00,96.39,97.47720878329176,98.08481,96.56580371176943,-1.0872087832917572
2025-09-26 21:00:00,89.6,90.55582104912853,90.81331,90.16958382704493,-0.9558210491285308
2025-09-26 22:00:00,90.67,88.52586243041651,88.784004,88.13864403685668,2.144137569583492
2025-09-26 23:00:00,82.83,86.13395668133575,87.01845,84.8072141673286,-3.303956681335748
2025-09-27 00:00:00,80.73,88.31836380150557,88.45903,88.10735855466723,-7.588363801505565
2025-09-27 01:00:00,78.47,84.86952341713385,84.3191,85.69515558873303,-6.3995234171338495
2025-09-27 02:00:00,77.21,81.42166277988699,81.23745,81.69797294398015,-4.211662779886993
2025-09-27 03:00:00,78.5,79.03330869188224,78.60126,79.68138383602886,-0.5333086918822403
2025-09-27 04:00:00,80.92,81.4335391365512,81.474686,81.37180980121687,-0.5135391365512021
2025-09-27 05:00:00,92.41,86.19720720300754,86.3562,85.95870671296319,6.21279279699246
2025-09-27 06:00:00,102.43,94.71236894487961,95.80185,93.07813877760432,7.717631055120393
2025-09-27 07:00:00,103.56,94.08582427940848,92.51611,96.44038505460031,9.474175720591518
2025-09-27 08:00:00,102.88,97.90702397592153,97.87032,97.96207326072667,4.972976024078463
2025-09-27 09:00:00,89.53,92.3792269845077,91.57075,93.59193876864228,-2.8492269845076947
2025-09-27 10:00:00,84.69,85.35677710466425,84.95473,85.95984437298873,-0.6667771046642486
2025-09-27 11:00:00,86.04,81.93224464192014,82.53622,81.02628077899465,4.107755358079871
2025-09-27 12:00:00,85.9,82.66868685911001,84.17161,80.41429756159337,3.231313140889995
2025-09-27 13:00:00,86.05,77.80486028322524,78.43452,76.86037344060705,8.245139716774759
2025-09-27 14:00:00,85.53,81.00979809653484,81.95433,79.59299576013592,4.520201903465164
2025-09-27 15:00:00,95.78,86.70832834675201,87.29718,85.8250429738136,9.07167165324799
2025-09-27 16:00:00,116.98,103.12048037559387,103.74943,102.1770497091263,13.859519624406133
2025-09-27 17:00:00,120.84,115.85218149828121,117.99512,112.63777033505849,4.987818501718792
2025-09-27 18:00:00,116.5,111.81629223923659,113.17477,109.77857697260316,4.683707760763411
2025-09-27 19:00:00,103.0,101.96417706573862,101.6391,102.45178444596274,1.0358229342613754
2025-09-27 20:00:00,96.36,96.69867144925746,96.67131,96.73970726389072,-0.3386714492574612
2025-09-27 21:00:00,88.76,90.30615373111382,90.055855,90.68159450234512,-1.5461537311138187
2025-09-27 22:00:00,86.04,89.97640354641055,90.23835,89.58347636480568,-3.9364035464105456
2025-09-27 23:00:00,85.55,90.22834587861266,91.8165,87.8461122703842,-4.67834587861266
2025-09-28 00:00:00,84.1,91.13430867329643,94.949234,85.41191304066297,-7.034308673296437
2025-09-28 01:00:00,85.23,86.5753539766691,88.85629,83.15394013271279,-1.3453539766691023
2025-09-28 02:00:00,84.12,83.73205906303059,86.15253,80.10135546702472,0.38794093696941445
2025-09-28 03:00:00,84.73,83.61831278921332,86.97076,78.58963954749618,1.111687210786684
2025-09-28 04:00:00,85.62,83.95672996910653,87.22613,79.05262967130147,1.6632700308934716
2025-09-28 05:00:00,85.64,87.67199402899482,91.06094,82.58856013047046,-2.0319940289948164
2025-09-28 06:00:00,91.75,93.64529241833853,97.27702,88.19769416535317,-1.8952924183385278
2025-09-28 07:00:00,88.49,97.14810653388787,100.64311,91.90559615344526,-8.658106533887874
2025-09-28 08:00:00,91.92,100.44625995955757,104.738464,94.00794382894762,-8.526259959557564
2025-09-28 09:00:00,94.53,94.90427635850997,95.66003,93.77064344144094,-0.37427635850997376
2025-09-28 10:00:00,91.73,92.20236017636451,92.55403,91.6748476607599,-0.47236017636450356
2025-09-28 11:00:00,92.45,91.56803144919766,92.10573,90.76148067682718,0.8819685508023412
2025-09-28 12:00:00,92.62,87.62480927234948,87.687515,87.53074647799284,4.995190727650524
2025-09-28 13:00:00,94.46,84.05106432968707,84.57705,83.26208312646375,10.408935670312928
2025-09-28 14:00:00,96.09,89.01706135774486,91.711555,84.97531445088072,7.072938642255139
2025-09-28 15:00:00,98.94,97.96251092788987,99.36275,95.86215462380181,0.9774890721101315
2025-09-28 16:00:00,139.49,121.74471779384429,124.28062,117.94085790013806,17.74528220615572
2025-09-28 17:00:00,156.25,134.88833392633586,134.83238,134.97226151261702,21.36166607366414
2025-09-28 18:00:00,140.86,134.9039854287123,133.23787,137.40314823364602,5.95601457128771
2025-09-28 19:00:00,124.63,123.08984858717818,121.66301,125.23009555852164,1.540151412821814
2025-09-28 20:00:00,107.83,108.85375116791587,106.693726,112.09378954088345,-1.0237511679158757
2025-09-28 21:00:00,97.23,102.18566505244655,103.10709,100.80351809986635,-4.955665052446548
2025-09-28 22:00:00,92.57,99.73866691102872,101.555626,97.01322649693213,-7.168666911028723
2025-09-28 23:00:00,91.7,95.49922790560049,95.94336,94.83302688680396,-3.799227905600489
2025-09-29 00:00:00,89.05,86.47098640199451,86.53535,86.3744378982968,2.5790135980054885
2025-09-29 01:00:00,89.13,84.17071441576823,84.9458,83.00807723815106,4.959285584231765
2025-09-29 02:00:00,88.73,81.29162086635975,81.113556,81.55871067420017,7.438379133640254
2025-09-29 03:00:00,87.21,82.39360802205229,81.66754,83.48270398457407,4.816391977947703
2025-09-29 04:00:00,94.92,88.00530364897254,86.719475,89.93403739696748,6.914696351027459
2025-09-29 05:00:00,122.81,103.39525680162501,104.24037,102.12758254056152,19.414743198374993
2025-09-29 06:00:00,145.95,117.26124135987394,118.93861,114.74518637697975,28.688758640126053
2025-09-29 07:00:00,122.7,112.99366891068175,111.792755,114.7950395862747,9.706331089318255
2025-09-29 08:00:00,100.0,104.21849663248679,103.155334,105.81323224283804,-4.21849663248679
2025-09-29 09:00:00,81.9,96.24672433565883,94.48105,98.89522842642734,-14.34672433565882
2025-09-29 10:00:00,80.49,89.43850730345181,88.75477,90.46410616451334,-8.94850730345182
2025-09-29 11:00:00,80.34,85.05168809822544,85.10412,84.97303700276575,-4.711688098225437
2025-09-29 12:00:00,80.79,83.59979574310866,84.04786,82.92769294053531,-2.8097957431086513
2025-09-29 13:00:00,82.28,85.90152053679108,86.41514,85.13108443829117,-3.621520536791081
2025-09-29 14:00:00,90.13,90.79671178341921,90.669464,90.98757947685857,-0.6667117834192169
2025-09-29 15:00:00,107.25,102.052452720275,100.94764,103.7096706953408,5.197547279725001
2025-09-29 16:00:00,169.89,138.8414750968831,141.61589,134.67984817311597,31.048524903116885
2025-09-29 17:00:00,199.02,158.77616761677092,162.64987,152.96559985857772,40.24383238322909
2025-09-29 18:00:00,176.88,143.65226306942108,143.66753,143.62936830587694,33.227736930578914
2025-09-29 19:00:00,122.13,128.74737702913762,130.18172,126.59586337972883,-6.617377029137629
2025-09-29 20:00:00,99.74,110.06903566877867,111.708374,107.61002813679042,-10.329035668778673
2025-09-29 21:00:00,88.86,99.93312124526234,101.17683,98.06756149023104,-11.073121245262342
2025-09-29 22:00:00,89.45,94.54237541971989,94.07465,95.24395429637002,-5.092375419719886
2025-09-29 23:00:00,82.94,91.86386031432768,91.34038,92.64907644499888,-8.923860314327683
2025-09-30 00:00:00,81.78,86.86991235081783,86.568184,87.32249549191275,-5.089912350817826
2025-09-30 01:00:00,81.78,84.82134573079693,85.57286,83.69406562093764,-3.041345730796934
2025-09-30 02:00:00,81.16,83.99923420476048,84.88547,82.66988040325865,-2.839234204760487
2025-09-30 03:00:00,81.72,83.90057605114842,83.743416,84.13631065704584,-2.180576051148421
2025-09-30 04:00:00,85.45,93.50697420360947,94.59545,91.8742489398098,-8.056974203609471
2025-09-30 05:00:00,105.69,114.70011481785411,118.545235,108.93242739497708,-9.010114817854117
2025-09-30 06:00:00,132.65,135.1291093617475,138.6747,129.81072659040393,-2.479109361747504
2025-09-30 07:00:00,123.57,125.99507057719882,129.1012,121.3358667506142,-2.4250705771988237
2025-09-30 08:00:00,102.46,107.41101096516454,108.972946,105.06809290363398,-4.951010965164542
2025-09-30 09:00:00,90.05,91.3485913938517,90.95506,91.93887846326695,-1.2985913938517086
2025-09-30 10:00:00,83.02,84.0709992524178,82.78359,86.00210216546836,-1.0509992524178102
2025-09-30 11:00:00,80.56,82.15835139993908,81.25561,83.51245755563383,-1.5983513999390766
2025-09-30 12:00:00,79.89,79.41899694917058,78.06062,81.45655189746256,0.47100305082942384
2025-09-30 13:00:00,81.43,78.79927355330278,77.40983,80.88343397480969,2.630726446697224
2025-09-30 14:00:00,84.58,84.48278509291166,84.10103,85.05541053196174,0.09721490708834324
2025-09-30 15:00:00,95.98,99.69921307672666,98.84991,100.97316277299339,-3.7192130767266605
2025-09-30 16:00:00,133.59,134.39949594431596,133.57852,135.63094582392463,-0.8094959443159553
2025-09-30 17:00:00,141.64,155.72325685337495,156.01422,155.2868027169335,-14.083256853374962
2025-09-30 18:00:00,130.8,153.77081330781485,161.44432,142.26053317798437,-22.970813307814836
2025-09-30 19:00:00,101.78,117.8726581530553,120.3412,114.16982745050933,-16.092658153055297
2025-09-30 20:00:00,89.87,97.64530474237253,97.28856,98.1804157865954,-7.775304742372526
2025-09-30 21:00:00,79.43,90.35852086467742,90.15743,90.66014379072183,-10.92852086467741
2025-09-30 22:00:00,91.25,87.76578735650563,86.34172,89.90188179763612,3.4842126434943737
2025-09-30 23:00:00,82.28,82.19124141981084,79.898285,85.63067236666575,0.0887585801891646
2025-10-01 00:00:00,79.56,79.65685827391583,79.29719,80.19635634763137,-0.09685827391582791
2025-10-01 01:00:00,75.91,75.90238683746955,75.32308,76.7713384163057,0.007613162530446971
2025-10-01 02:00:00,75.01,73.53873007115763,72.18529,75.56889396451518,1.471269928842375
2025-10-01 03:00:00,75.57,74.85575288887152,73.13888,77.43106351185165,0.7142471111284721
2025-10-01 04:00:00,78.34,84.10943143513228,83.903305,84.41861909991565,-5.769431435132276
2025-10-01 05:00:00,99.92,101.92949940539803,104.028404,98.78113453034078,-2.0094994053980315
2025-10-01 06:00:00,118.98,122.03393776068168,125.276115,117.17066364608898,-3.053937760681677
2025-10-01 07:00:00,111.97,114.58608523867936,114.404045,114.85913018043863,-2.6160852386793607
2025-10-01 08:00:00,97.33,105.79718205914827,105.414604,106.37104505265584,-8.467182059148271
2025-10-01 09:00:00,82.72,94.3906803106218,93.59505,95.58412074420588,-11.670680310621805
2025-10-01 10:00:00,81.2,86.17602831511198,85.37614,87.37585798870768,-4.976028315111975
2025-10-01 11:00:00,79.9,82.6203312899192,82.01372,83.53024602570133,-2.7203312899192014
2025-10-01 12:00:00,80.13,77.37187925648955,76.293785,78.98901859105297,2.758120743510446
2025-10-01 13:00:00,82.28,75.40512163518507,74.19196,77.22485738691287,6.874878364814933
2025-10-01 14:00:00,86.51,78.37582230686353,77.6072,79.5287472039264,8.134177693136479
2025-10-01 15:00:00,92.79,89.23608389865184,89.51596,88.816261077196,3.5539161013481646
2025-10-01 16:00:00,115.04,114.21927870416863,116.18096,111.27674671769694,0.8207212958313761
2025-10-01 17:00:00,129.68,124.78632469942052,125.71071,123.3997373772134,4.893675300579488
2025-10-01 18:00:00,118.32,120.92530409486346,123.30393,117.3573581375493,-2.6053040948634703
2025-10-01 19:00:00,98.64,101.00114470507779,101.14965,100.77838018005286,-2.361144705077791
2025-10-01 20:00:00,91.07,90.3719818627081,90.37028,90.37453473489524,0.6980181372918963
2025-10-01 21:00:00,86.79,84.52560647179327,85.22548,83.47579558316968,2.264393528206739
2025-10-01 22:00:00,84.02,85.78424807235521,87.12406,83.77451826743587,-1.7642480723552154
2025-10-01 23:00:00,81.77,77.47176278784727,77.679855,77.15962204224999,4.298237212152728
2025-10-02 00:00:00,81.34,72.83173129968955,73.220116,72.24914903474632,8.508268700310452
2025-10-02 01:00:00,80.97,69.12446003648574,67.798096,71.11400081448096,11.845539963514256
2025-10-02 02:00:00,81.78,70.48221154743703,69.494934,71.9631277455457,11.297788452562969
2025-10-02 03:00:00,84.97,71.840700603571,70.0046,74.59484690687671,13.129299396429005
2025-10-02 04:00:00,89.71,81.61779139544325,81.18154,82.27216060225558,8.092208604556745
2025-10-02 05:00:00,105.4,98.24936394077855,98.37532,98.06041966334772,7.150636059221455
2025-10-02 06:00:00,126.49,112.50944689587726,111.50429,114.01718566010331,13.980553104122734
2025-10-02 07:00:00,110.2,111.13434187988656,110.2922,112.39754598389607,-0.9343418798865599
2025-10-02 08:00:00,97.62,100.55202681635873,100.352974,100.85059659717123,-2.9320268163587286
2025-10-02 09:00:00,90.02,89.52675288375356,87.70826,92.2544871135587,0.4932471162464367
2025-10-02 10:00:00,90.65,82.37833262166893,80.76481,84.79860903525142,8.271667378331074
2025-10-02 11:00:00,85.93,79.24024987988582,77.58001,81.73060478699483,6.689750120114184
2025-10-02 12:00:00,75.6,74.5323921488827,73.243546,76.46565825916966,1.0676078511172875
2025-10-02 13:00:00,74.03,71.42096549331491,71.30785,71.5906293704943,2.6090345066850915
2025-10-02 14:00:00,78.96,72.89619275190871,72.14208,74.02735283619268,6.06380724809128
2025-10-02 15:00:00,90.1,80.2420707520666,79.69535,81.06214900235886,9.857929247933399
2025-10-02 16:00:00,104.54,95.55567617572302,94.73556,96.78585219773038,8.984323824276984
2025-10-02 17:00:00,114.6,109.50656647848587,111.24288,106.90207827507207,5.093433521514129
2025-10-02 18:00:00,101.41,100.03240895785902,98.771614,101.92359746788975,1.3775910421409776
2025-10-02 19:00:00,79.4,86.04612459191954,82.430016,91.47028241180567,-6.646124591919531
2025-10-02 20:00:00,70.84,77.37879530441066,76.47708,78.73136440543581,-6.538795304410655
2025-10-02 21:00:00,48.74,58.95928521320576,56.4795,62.67895567827807,-10.219285213205758
2025-10-02 22:00:00,27.85,42.07763087756983,39.269924,46.289190948197046,-14.22763087756983
2025-10-02 23:00:00,23.91,34.95250182846621,39.09081,28.745037453855957,-11.04250182846621
2025-10-03 00:00:00,23.07,26.301612518958336,29.093288,22.114094850252286,-3.231612518958336
2025-10-03 01:00:00,20.67,23.85901598800632,27.769497,17.993291732405936,-3.189015988006318
2025-10-03 02:00:00,18.12,23.4152453642414,24.729729,21.443517978322006,-5.295245364241399
2025-10-03 03:00:00,23.85,24.53827097205316,24.860128,24.05548339555648,-0.6882709720531572
2025-10-03 04:00:00,41.52,30.78377349238999,29.046787,33.38924902333338,10.736226507610013
2025-10-03 05:00:00,82.42,59.85490166153593,66.43905,49.97867909585642,22.565098338464068
2025-10-03 06:00:00,106.11,95.88631185373494,98.41411,92.09461531243792,10.223688146265062
2025-10-03 07:00:00,105.49,96.0028270779878,93.72474,99.41995717556034,9.487172922012192
2025-10-03 08:00:00,106.75,90.1978049025071,87.79299,93.80502098429508,16.5521950974929
2025-10-03 09:00:00,96.11,84.402586285777,81.29181,89.06874255465246,11.707413714222994
2025-10-03 10:00:00,83.63,79.94931118211414,76.95208,84.44515448116428,3.6806888178858514
2025-10-03 11:00:00,78.55,77.27882697359549,74.47727,81.4811593834516,1.2711730264045116
2025-10-03 12:00:00,65.08,72.77019274927275,70.07572,76.81189926209791,-7.690192749272754
2025-10-03 13:00:00,56.52,67.99521492769992,66.55475,70.15591260916679,-11.475214927699916
2025-10-03 14:00:00,60.37,64.19298518061377,62.097828,67.33571917712038,-3.8229851806137773
2025-10-03 15:00:00,66.49,70.47632860306341,68.47862,73.47288785287336,-3.986328603063413
2025-10-03 16:00:00,74.15,82.59748019696585,83.46289,81.29936074021734,-8.447480196965842
2025-10-03 17:00:00,82.23,91.76554980650957,91.48856,92.18102730252878,-9.535549806509565
2025-10-03 18:00:00,76.02,85.16509762242066,83.541504,87.60048247463075,-9.145097622420664
2025-10-03 19:00:00,46.73,72.77656580303099,69.84244,77.17775407666929,-26.046565803030994
2025-10-03 20:00:00,22.5,60.56585818581315,59.647038,61.94408729802896,-38.06585818581315
2025-10-03 21:00:00,7.27,44.42592365097738,45.407913,42.952936454408785,-37.155923650977385
2025-10-03 22:00:00,0.02,22.84949039314951,20.858593,25.835834118097154,-22.82949039314951
2025-10-03 23:00:00,-0.44,3.64784313178011,1.609718,6.705030822156573,-4.08784313178011
2025-10-04 00:00:00,-1.1,-5.120751396267485,-4.615823,-5.8781439449610104,4.020751396267485
2025-10-04 01:00:00,-3.3,-10.941095142375525,-8.718128,-14.275545549420258,7.641095142375526
2025-10-04 02:00:00,-4.05,-10.884328507474379,-9.161327,-13.468829748757969,6.834328507474379
2025-10-04 03:00:00,-4.61,-18.310650673375836,-14.431917,-24.12874899026332,13.700650673375836
2025-10-04 04:00:00,-4.22,-15.746875655385532,-13.107985,-19.70521184735665,11.526875655385531
2025-10-04 05:00:00,-2.31,-12.044895797273137,-12.147611,-11.89082301979417,9.734895797273136
2025-10-04 06:00:00,-0.28,1.3768785154153078,1.8807554,0.6210631517890022,-1.6568785154153078
2025-10-04 07:00:00,-0.03,5.8528612172401155,6.8560266,4.348113068887642,-5.882861217240116
2025-10-04 08:00:00,-0.24,3.9498866431064017,7.6488605,-1.5985743124915643,-4.1898866431064015
2025-10-04 09:00:00,-0.8,-15.869180457926745,-11.823065,-21.938353223445404,15.069180457926745
2025-10-04 10:00:00,-2.33,-22.430396124347887,-13.568144,-35.723774543962975,20.10039612434789
2025-10-04 11:00:00,-4.35,-30.40265858682601,-23.835976,-40.25268108925741,26.052658586826013
2025-10-04 12:00:00,-4.55,-27.580021842861946,-24.713646,-31.87958475089266,23.030021842861945
2025-10-04 13:00:00,-3.72,-23.057852731128904,-23.468122,-22.442445720186754,19.337852731128905
2025-10-04 14:00:00,-2.37,-15.041986041475003,-12.453676,-18.924449814380864,12.671986041475002
2025-10-04 15:00:00,0.0,2.726931881734515,5.8805676,-2.003521740861771,-2.726931881734515
2025-10-04 16:00:00,6.61,45.749153445318576,56.843845,29.107113654800344,-39.13915344531858
2025-10-04 17:00:00,21.68,55.52966559102708,56.005013,54.81664330190853,-33.84966559102708
2025-10-04 18:00:00,13.76,65.07589457903013,65.74744,64.06857784772183,-51.315894579030136
2025-10-04 19:00:00,2.34,51.98486829397291,49.839134,55.2034646420978,-49.644868293972905
2025-10-04 20:00:00,1.03,34.59024373725049,32.367672,37.924097578599856,-33.56024373725049
2025-10-04 21:00:00,-2.03,17.745220439385765,19.638884,14.904723805068414,-19.775220439385766
2025-10-04 22:00:00,-0.42,-2.073922139521244,2.7782314,-9.352152601172037,1.653922139521244
2025-10-04 23:00:00,-1.07,-13.510982677272478,-7.7617393,-22.134846858510173,12.440982677272478
2025-10-05 00:00:00,-1.52,-15.24079831575748,-6.318431,-28.624348842486654,13.72079831575748
2025-10-05 01:00:00,-2.49,-16.437455724097028,-6.408695,-31.480596240403088,13.947455724097027
2025-10-05 02:00:00,-2.25,-18.56677573291997,-7.8532605,-34.63704807978223,16.31677573291997
2025-10-05 03:00:00,-2.64,-19.14087874334682,-8.068862,-35.74890391631993,16.50087874334682
2025-10-05 04:00:00,-2.69,-18.037235604730927,-7.8381553,-33.335855868974534,15.347235604730928
2025-10-05 05:00:00,-1.6,-15.984633476593286,-8.164984,-27.714107113724424,14.384633476593287
2025-10-05 06:00:00,-0.41,-13.206356661593338,-8.320471,-20.535184485404244,12.796356661593338
2025-10-05 07:00:00,-0.42,-13.780087469987098,-7.926645,-22.560250756571747,13.360087469987098
2025-10-05 08:00:00,-0.42,-19.63126260014542,-10.666139,-33.078947811627586,19.211262600145417
2025-10-05 09:00:00,-1.5,-28.985558325021568,-16.55119,-47.63711167864278,27.485558325021568
2025-10-05 10:00:00,-1.98,-26.11327127229099,-11.935359,-47.38013872531366,24.13327127229099
2025-10-05 11:00:00,-1.26,-24.779880292004577,-9.346998,-47.929202931091766,23.519880292004576
2025-10-05 12:00:00,-0.92,-25.761776721320143,-13.534543,-44.1026253398299,24.84177672132014
2025-10-05 13:00:00,-0.34,-21.006102007591153,-11.2987795,-35.56708554914451,20.666102007591153
2025-10-05 14:00:00,0.57,-9.557605032276435,-3.3304963,-18.898268054304822,10.127605032276435
2025-10-05 15:00:00,12.66,17.506875481002474,22.785757,9.588552628440027,-4.846875481002474
2025-10-05 16:00:00,61.51,62.741441716397766,70.90703,50.4930543642366,-1.231441716397768
2025-10-05 17:00:00,81.93,89.74968983655404,92.50575,85.61559383882161,-7.8196898365540335
2025-10-05 18:00:00,79.34,94.6865959805294,98.34251,89.20272843093778,-15.3465959805294
2025-10-05 19:00:00,62.47,82.63683598827659,84.06059,80.50119145689752,-20.16683598827659
2025-10-05 20:00:00,51.91,66.39132631016228,67.01226,65.45991749049361,-14.481326310162288
2025-10-05 21:00:00,28.2,51.26878827500278,49.67333,53.66197331964804,-23.068788275002778
2025-10-05 22:00:00,28.25,38.28581140095836,36.184338,41.43801921742275,-10.035811400958359
2025-10-05 23:00:00,23.5,33.00243267821848,30.631836,36.558324928273265,-9.502432678218483
2025-10-06 00:00:00,21.44,30.09639853379723,27.0327,34.69194695705167,-8.65639853379723
2025-10-06 01:00:00,20.99,32.558214846073724,29.781418,36.72341034516478,-11.568214846073726
2025-10-06 02:00:00,22.55,27.990927650739717,19.83411,40.226151829486014,-5.440927650739717
2025-10-06 03:00:00,30.87,27.753845500793194,20.287813,38.952892541503246,3.1161544992068073
2025-10-06 04:00:00,64.36,38.69533960754704,31.399931,49.638448773201105,25.66466039245296
2025-10-06 05:00:00,105.21,71.81776440236203,73.20656,69.7345736645965,33.39223559763796
2025-10-06 06:00:00,110.91,97.18699403533154,95.409744,99.85286106489133,13.72300596466846
2025-10-06 07:00:00,106.26,107.78654158033467,109.53782,105.15961795840505,-1.5265415803346656
2025-10-06 08:00:00,94.1,95.90844553102175,98.292725,92.33202500614325,-1.8084455310217606
2025-10-06 09:00:00,85.08,80.46057535105544,84.88777,73.81977143122748,4.619424648944559
2025-10-06 10:00:00,73.16,50.69436844903109,50.61362,50.8154871244698,22.465631550968908
2025-10-06 11:00:00,73.13,34.45677324545824,34.348186,34.619649559568444,38.67322675454176
2025-10-06 12:00:00,74.1,36.203364740868174,36.316174,36.034148660947295,37.89663525913182
2025-10-06 13:00:00,79.5,39.56808306180208,39.790554,39.2343765845589,39.93191693819792
2025-10-06 14:00:00,88.96,65.42674349918587,71.57108,56.2102341446932,23.53325650081412
2025-10-06 15:00:00,95.06,84.3178550103083,89.86265,76.000659788344,10.742144989691695
2025-10-06 16:00:00,114.66,114.86328608844434,118.17247,109.89949482316165,-0.2032860884443437
2025-10-06 17:00:00,137.13,133.99169705959716,137.07045,129.3735640906433,3.1383029404028377
2025-10-06 18:00:00,131.03,124.58153768367329,126.65616,121.46959890889025,6.448462316326712
2025-10-06 19:00:00,104.11,105.78478470188057,106.80614,104.25274468316819,-1.6747847018805686
2025-10-06 20:00:00,93.93,95.95590121145153,97.7556,93.256347343204,-2.025901211451526
2025-10-06 21:00:00,92.36,88.95007211854309,90.18943,87.0910330337845,3.409927881456909
2025-10-06 22:00:00,95.14,86.86552474947658,88.83214,83.91559715201174,8.274475250523423
2025-10-06 23:00:00,86.52,81.79926823750408,84.74575,77.37953541614789,4.720731762495916
2025-10-07 00:00:00,84.83,75.88279828061982,77.927055,72.81641266321947,8.947201719380175
2025-10-07 01:00:00,78.22,66.27686454407191,65.93707,66.78655032197176,11.943135455928086
2025-10-07 02:00:00,77.95,65.67724562349663,63.99786,68.1963241264906,12.272754376503372
2025-10-07 03:00:00,79.05,66.34372301325656,63.057957,71.27237248980646,12.706276986743433
2025-10-07 04:00:00,87.92,80.8378216046025,81.49677,79.84938532559315,7.082178395397506
2025-10-07 05:00:00,110.52,102.17029558879273,104.34654,98.90591589764097,8.34970441120727
2025-10-07 06:00:00,118.0,117.23926421686633,115.50416,119.84191588274199,0.7607357831336685
2025-10-07 07:00:00,113.41,119.02370841146559,117.70928,120.99534051718936,-5.613708411465595
2025-10-07 08:00:00,107.69,105.31777699023556,102.140495,110.0836976178008,2.37222300976444
2025-10-07 09:00:00,97.7,96.12221029624466,92.75816,101.16827674769172,1.577789703755343
2025-10-07 10:00:00,87.33,91.85600362889451,90.890686,93.30397811215326,-4.5260036288945145
2025-10-07 11:00:00,86.75,90.12670853826654,88.48481,92.58954890303937,-3.3767085382665414
2025-10-07 12:00:00,87.18,90.7779258818276,89.796036,92.25075342527214,-3.5979258818275923
2025-10-07 13:00:00,90.42,90.66155583359529,89.33201,92.65586750452042,-0.2415558335952852
2025-10-07 14:00:00,100.3,94.77214598102799,93.74225,96.31699024248695,5.527854018972008
2025-10-07 15:00:00,108.44,104.14405279317725,103.00283,105.85588050284058,4.295947206822746
2025-10-07 16:00:00,137.14,124.42857126334974,125.15322,123.34159264812041,12.711428736650248
2025-10-07 17:00:00,153.89,142.2434426567144,143.19151,140.82133323480355,11.646557343285593
2025-10-07 18:00:00,145.24,130.6285697760079,127.78573,134.89282412874047,14.611430223992102
2025-10-07 19:00:00,118.83,108.2554712697592,103.90813,114.7764802984214,10.5745287302408
2025-10-07 20:00:00,106.04,99.89024207781733,97.64689,103.25526828048085,6.149757922182673
2025-10-07 21:00:00,98.44,98.51112911132563,98.70256,98.22397641906113,-0.07112911132563227
2025-10-07 22:00:00,98.42,97.10636171759529,97.14136,97.05386243912983,1.3136382824047104
2025-10-07 23:00:00,92.87,91.1660195920891,90.26827,92.51263656567198,1.7039804079109047
2025-10-08 00:00:00,87.74,88.01874611902527,88.12026,87.86647017122039,-0.27874611902527135
2025-10-08 01:00:00,86.5,85.14196394924369,85.597946,84.45798871527231,1.3580360507563114
2025-10-08 02:00:00,86.42,83.42409820072528,82.6809,84.53888701182296,2.9959017992747192
2025-10-08 03:00:00,88.76,85.45947997790464,84.3692,87.09488791778406,3.3005200220953697
2025-10-08 04:00:00,99.66,93.73236071976353,93.64222,93.86756866952604,5.927639280236463
2025-10-08 05:00:00,118.78,110.4046003588301,111.04898,109.43801456895025,8.375399641169906
2025-10-08 06:00:00,136.19,121.0582277240116,120.95148,121.21833847506804,15.131772275988396
2025-10-08 07:00:00,137.69,118.02586006110275,116.88334,119.73963794572559,19.66413993889725
2025-10-08 08:00:00,118.95,112.10911460371246,111.929184,112.37899531055066,6.840885396287547
2025-10-08 09:00:00,102.48,103.97864784886406,104.81824,102.71925603573436,-1.498647848864053
2025-10-08 10:00:00,92.83,94.69018169530092,94.40134,95.12344351132359,-1.8601816953009234
2025-10-08 11:00:00,89.07,90.96745178118468,91.04594,90.84972076155543,-1.8974517811846852
2025-10-08 12:00:00,86.21,87.76397484345856,87.634796,87.95773908008192,-1.5539748434585618
2025-10-08 13:00:00,86.37,87.43592914459215,87.601685,87.18729219131436,-1.0659291445921468
2025-10-08 14:00:00,88.23,91.30374019572588,92.156334,90.02484006756174,-3.0737401957258754
2025-10-08 15:00:00,101.52,100.86957626055207,102.62542,98.23580931898269,0.6504237394479304
2025-10-08 16:00:00,129.1,128.16000698685076,133.39587,120.30619498787888,0.939993013149234
2025-10-08 17:00:00,147.1,145.83154348253547,151.44089,137.41752752958087,1.2684565174645286
2025-10-08 18:00:00,135.22,131.17747911853505,130.75662,131.80874906586888,4.042520881464952
2025-10-08 19:00:00,113.17,115.17595737482817,115.96182,113.99715585772472,-2.0059573748281707
2025-10-08 20:00:00,102.65,100.34164826058583,99.76578,101.20544473288547,2.308351739414178
2025-10-08 21:00:00,91.1,92.24278233423743,90.66681,94.60673267580353,-1.1427823342374381
2025-10-08 22:00:00,95.73,91.2938091998702,90.11781,93.05779761210226,4.436190800129808
2025-10-08 23:00:00,91.84,87.99399760619707,87.40182,88.8822604034321,3.8460023938029337
2025-10-09 00:00:00,88.82,84.09695910214221,84.14662,84.02245756980864,4.723040897857786
2025-10-09 01:00:00,86.44,81.16453641422727,81.10624,81.25197633525079,5.275463585772727
2025-10-09 02:00:00,85.03,79.3163963617531,78.25906,80.90238960128215,5.713603638246894
2025-10-09 03:00:00,85.8,80.90365030132996,78.91134,83.89211182205048,4.896349698670036
2025-10-09 04:00:00,92.41,89.98231964590016,88.95609,91.52165604834417,2.4276803540998344
2025-10-09 05:00:00,113.85,106.73445199734962,107.80249,105.1323908271143,7.115548002650371
2025-10-09 06:00:00,133.95,122.3126067698976,122.284195,122.35521306121858,11.63739323010239
2025-10-09 07:00:00,123.26,122.02594949663737,122.75696,120.92943672987468,1.2340505033626386
2025-10-09 08:00:00,104.36,112.04038935642308,114.77872,107.93289020013972,-7.680389356423078
2025-10-09 09:00:00,92.08,97.73263931994376,97.56668,97.98156740081151,-5.652639319943759
2025-10-09 10:00:00,85.92,89.80187753443457,89.42486,90.36739715945066,-3.8818775344345653
2025-10-09 11:00:00,80.94,86.09105365793133,87.138855,84.51934976677654,-5.151053657931328
2025-10-09 12:00:00,79.17,83.11223055000349,82.60448,83.87385907459367,-3.9422305500034867
2025-10-09 13:00:00,84.35,83.5911577642405,83.50045,83.72721157979069,0.758842235759488
2025-10-09 14:00:00,93.99,86.50864497856345,85.52401,87.9855940748266,7.481355021436542
2025-10-09 15:00:00,95.17,96.36423341774355,94.12094,99.72916226445165,-1.194233417743547
2025-10-09 16:00:00,120.8,120.04280389889655,121.38876,118.02386079094254,0.757196101103446
2025-10-09 17:00:00,139.37,135.4914133497282,138.12445,131.54185353423262,3.8785866502718136
2025-10-09 18:00:00,126.14,125.86297076052614,125.47809,126.44028288886416,0.2770292394738618
2025-10-09 19:00:00,104.07,111.82314426547956,111.79393,111.86695413904069,-7.753144265479563
2025-10-09 20:00:00,99.03,100.3108832017968,99.947716,100.85562864353008,-1.2808832017967973
2025-10-09 21:00:00,93.36,92.6675057501877,92.74599,92.5497782457085,0.6924942498122988
2025-10-09 22:00:00,90.25,93.65339953548177,94.303764,92.67784850911457,-3.4033995354817677
2025-10-09 23:00:00,87.75,89.33231576520166,88.54833,90.50828536942504,-1.5823157652016562
2025-10-10 00:00:00,84.75,87.03756292170306,87.38559,86.51552099749495,-2.2875629217030564
2025-10-10 01:00:00,83.13,83.47819387011765,83.19917,83.89671949279901,-0.34819387011765457
2025-10-10 02:00:00,82.92,82.03774761314662,81.34635,83.07483969021516,0.8822523868533807
2025-10-10 03:00:00,84.45,82.40143738548696,80.62005,85.07351304989902,2.0485626145130453
2025-10-10 04:00:00,95.36,89.71119579474473,88.44632,91.60850248735008,5.648804205255274
2025-10-10 05:00:00,113.29,104.07313973135824,102.52828,106.39042035805868,9.216860268641767
2025-10-10 06:00:00,125.59,120.96845328414116,120.91518,121.04835717885877,4.621546715858841
2025-10-10 07:00:00,115.66,118.20912122309642,118.37378,117.96213029773126,-2.549121223096421
2025-10-10 08:00:00,100.58,111.26765993923354,113.35316,108.13941428289829,-10.68765993923354
2025-10-10 09:00:00,88.78,99.24043834917856,99.995285,98.10816259963099,-10.46043834917856
2025-10-10 10:00:00,87.34,92.55821950873525,93.74704,90.77498335740938,-5.218219508735245
2025-10-10 11:00:00,86.36,88.62268855710929,90.383316,85.98174161066873,-2.2626885571092856
2025-10-10 12:00:00,83.29,86.66328906766131,88.79344,83.46805810311321,-3.373289067661304
2025-10-10 13:00:00,83.61,85.86531807007532,87.14496,83.94585552369904,-2.255318070075319
2025-10-10 14:00:00,87.9,91.56684862447503,93.01997,89.38715902151472,-3.6668486244750227
2025-10-10 15:00:00,101.0,100.42145307087841,101.94746,98.13244241535523,0.5785469291215861
2025-10-10 16:00:00,116.41,121.74075110500186,124.62656,117.41202790898905,-5.330751105001866
2025-10-10 17:00:00,134.03,140.98826840133245,147.94121,130.55885917471784,-6.958268401332447
2025-10-10 18:00:00,125.34,128.65459155841904,132.2465,123.26670884599874,-3.314591558419039
2025-10-10 19:00:00,114.14,106.93433990599266,107.4947,106.09380340878049,7.205660094007342
2025-10-10 20:00:00,101.95,97.27984940885892,97.81252,96.48083537517462,4.6701505911410806
2025-10-10 21:00:00,98.79,91.55151818549282,91.62362,91.44335921495275,7.238481814507182
2025-10-10 22:00:00,98.68,89.40359200101085,89.15205,89.78090497506128,9.276407998989157
2025-10-10 23:00:00,92.46,89.0884404251985,88.725716,89.6325218851398,3.371559574801495
2025-10-11 00:00:00,88.59,91.5934446685753,92.570656,90.12762030791288,-3.0034446685752982
2025-10-11 01:00:00,87.86,87.51991969838505,88.013016,86.78026990331125,0.34008030161494673
2025-10-11 02:00:00,87.17,84.15909047262079,84.44619,83.7284337316008,3.010909527379212
2025-10-11 03:00:00,85.66,82.78309529745297,83.553894,81.62688954978475,2.876904702547023
2025-10-11 04:00:00,88.13,86.25491966786825,88.792114,82.44911824620868,1.8750803321317449
2025-10-11 05:00:00,97.08,92.93605383438737,97.23005,86.49505516397133,4.143946165612633
2025-10-11 06:00:00,105.32,101.92500066379725,109.67806,90.29540418634858,3.394999336202744
2025-10-11 07:00:00,109.73,98.49226340286626,104.63312,89.28097627144786,11.237736597133747
2025-10-11 08:00:00,112.38,95.91081263736038,101.321945,87.79410427101323,16.469187362639616
2025-10-11 09:00:00,99.36,93.08174373280127,96.61192,87.78647069064573,6.278256267198728
2025-10-11 10:00:00,88.63,90.496000144277,91.992,88.25199567624426,-1.8660001442770096
2025-10-11 11:00:00,85.27,87.74784680418983,89.087105,85.73895027768648,-2.477846804189838
2025-10-11 12:00:00,82.8,84.20540719355199,85.172165,82.75526297899717,-1.4054071935519943
2025-10-11 13:00:00,82.56,81.85186304638384,82.73891,80.52129541808364,0.7081369536161617
2025-10-11 14:00:00,87.47,82.37320440091807,83.89893,80.08460325693386,5.096795599081929
2025-10-11 15:00:00,99.95,92.5039581136244,97.39435,85.16836734521826,7.446041886375596
2025-10-11 16:00:00,120.52,110.06267560513683,118.69502,97.11414369423855,10.457324394863164
2025-10-11 17:00:00,133.92,128.85818522803717,138.60487,114.23814876955582,5.0618147719628155
2025-10-11 18:00:00,125.61,123.75725212394565,130.41873,113.7650213315926,1.8527478760543517
2025-10-11 19:00:00,113.39,116.40863905966981,122.994286,106.53015401514132,-3.018639059669809
2025-10-11 20:00:00,101.8,103.2033377648784,106.31901,98.52982306515008,-1.4033377648784011
2025-10-11 21:00:00,95.96,97.19048939751895,99.41836,93.84868290541843,-1.2304893975189515
2025-10-11 22:00:00,96.78,97.37859418124503,100.49479,92.70429795311259,-0.5985941812450335
2025-10-11 23:00:00,91.0,95.56659101607946,97.89062,92.08054957694182,-4.566591016079457
2025-10-12 00:00:00,92.1,93.68468040205222,95.81456,90.48985347095086,-1.5846804020522285
2025-10-12 01:00:00,88.21,89.14147210340448,90.15596,87.61973441195357,-0.9314721034044879
2025-10-12 02:00:00,85.53,85.7287972864877,86.5517,84.494446142855,-0.19879728648770367
2025-10-12 03:00:00,84.14,83.7845034277538,85.156235,81.72690264287084,0.3554965722461958
2025-10-12 04:00:00,86.69,83.66525210554983,85.422,81.03012893635989,3.0247478944501722
2025-10-12 05:00:00,92.13,86.4147904055613,88.60477,83.12982383799994,5.71520959443869
2025-10-12 06:00:00,96.02,96.18725646397782,102.72255,86.38430746548653,-0.16725646397782157
2025-10-12 07:00:00,98.54,98.26112450758139,104.38663,89.07286856570639,0.27887549241862075
2025-10-12 08:00:00,106.12,103.3796244247005,112.10524,90.29119744480789,2.7403755752995096
2025-10-12 09:00:00,101.21,98.38401523058094,104.91762,88.5836056576291,2.825984769419051
2025-10-12 10:00:00,90.01,92.71024272841852,96.52229,86.99215764807266,-2.700242728418516
2025-10-12 11:00:00,85.49,91.80359473652494,95.46462,86.31205118762583,-6.313594736524948
2025-10-12 12:00:00,85.11,87.72532574312379,89.20332,85.50832549672549,-2.6153257431237904
2025-10-12 13:00:00,86.36,86.73961155809873,89.88785,82.01724750791772,-0.3796115580987305
2025-10-12 14:00:00,91.96,88.63527783247312,92.441216,82.92636177173455,3.324722167526872
2025-10-12 15:00:00,101.57,97.40043743197931,103.25456,88.61924429100785,4.16956256802068
2025-10-12 16:00:00,126.87,120.48253861814888,128.06664,109.10639384761828,6.387461381851125
2025-10-12 17:00:00,137.12,138.02665078257024,143.69092,129.5302423739061,-0.9066507825702388
2025-10-12 18:00:00,128.56,133.12164774606828,137.09933,127.15510584588361,-4.5616477460682745
2025-10-12 19:00:00,116.18,118.57098986271319,120.79157,115.24011198588451,-2.390989862713184
2025-10-12 20:00:00,101.89,103.26335256615279,104.05346,102.0781831274181,-1.3733525661527892
2025-10-12 21:00:00,89.93,95.84805521859215,96.59178,94.73246180746668,-5.918055218592144
2025-10-12 22:00:00,87.48,95.5435128334743,96.3175,94.3825304815129,-8.063512833474292
2025-10-12 23:00:00,83.57,93.50144016828318,93.3402,93.74329120134757,-9.931440168283189
2025-10-13 00:00:00,82.33,89.3322269253861,90.73977,87.2209100258676,-7.002226925386097
2025-10-13 01:00:00,81.48,86.19529284084423,88.81769,82.2616943976428,-4.715292840844228
2025-10-13 02:00:00,81.36,81.9565833510784,83.60411,79.48528848633856,-0.5965833510783938
2025-10-13 03:00:00,83.55,81.65441589203846,83.014336,79.61452674486665,1.8955841079615396
2025-10-13 04:00:00,91.73,86.59534957242973,87.64618,85.01909559550302,5.1346504275702785
2025-10-13 05:00:00,111.7,99.02929943293125,100.207855,97.26146383806542,12.67070056706875
2025-10-13 06:00:00,136.38,114.17161605978626,118.92368,107.0435153997098,22.208383940213736
2025-10-13 07:00:00,138.4,113.03092662780679,113.65773,112.09071378631387,25.369073372193213
2025-10-13 08:00:00,135.77,114.87712364796033,115.50973,113.92821027346528,20.89287635203968
2025-10-13 09:00:00,117.11,109.1018403885517,108.903145,109.3998799020433,8.008159611448306
2025-10-13 10:00:00,105.64,101.5330808014354,100.83633,102.57821019755823,4.106919198564597
2025-10-13 11:00:00,102.96,97.6457517170106,96.72983,99.01963174919155,5.314248282989396
2025-10-13 12:00:00,103.72,98.49772341468034,96.73311,101.14464003389321,5.222276585319662
2025-10-13 13:00:00,105.91,101.39125566466475,98.983185,105.00336003263355,4.518744335335242
2025-10-13 14:00:00,117.77,106.52619573987877,103.82033,110.58499389681607,11.243804260121223
2025-10-13 15:00:00,144.21,114.56943911364402,110.37017,120.86833045012567,29.640560886355985
2025-10-13 16:00:00,222.76,140.71743476434776,141.66621,139.29425448289086,82.04256523565223
2025-10-13 17:00:00,250.2,160.70660995589142,166.10521,152.60869560506057,89.49339004410857
2025-10-13 18:00:00,174.56,146.3970126613347,145.31218,148.02425849049496,28.16298733866529
2025-10-13 19:00:00,128.26,127.2241566602832,123.78402,132.3843510012939,1.0358433397167914
2025-10-13 20:00:00,108.1,111.80315030080482,110.035255,114.45498497442416,-3.703150300804822
2025-10-13 21:00:00,96.47,105.01620510406697,106.60417,102.63424940872699,-8.54620510406697
2025-10-13 22:00:00,95.85,98.98501972936054,99.01713,98.93685352262008,-3.1350197293605504
2025-10-13 23:00:00,90.27,96.86927794393182,97.309265,96.20928761800826,-6.599277943931824
2025-10-14 00:00:00,87.44,93.66766497468845,95.578804,90.80094687580805,-6.227664974688452
2025-10-14 01:00:00,85.16,90.94886908013618,94.2286,86.02926574843613,-5.78886908013618
2025-10-14 02:00:00,84.3,88.4973041571863,91.72543,83.65510273915714,-4.197304157186309
2025-10-14 03:00:00,84.38,88.65421112365178,91.25126,84.75862999723978,-4.2742111236517815
2025-10-14 04:00:00,90.72,94.20043440409381,96.21818,91.17381740977066,-3.4804344040938133
2025-10-14 05:00:00,111.97,108.74781060016224,110.26258,106.47563993424347,3.2221893998377595
2025-10-14 06:00:00,132.38,128.91916972214207,131.381,125.22642924920282,3.460830277857923
2025-10-14 07:00:00,124.95,134.73571868039164,136.45229,132.160856606985,-9.78571868039164
2025-10-14 08:00:00,118.97,134.7163454565247,136.36423,132.24450744013984,-15.746345456524693
2025-10-14 09:00:00,105.64,123.63161657198272,123.44112,123.91735548635327,-17.991616571982718
2025-10-14 10:00:00,95.61,115.94144966488699,116.04446,115.78692799522528,-20.33144966488699
2025-10-14 11:00:00,93.06,113.64198674817754,113.52074,113.82386182893994,-20.581986748177542
2025-10-14 12:00:00,94.25,112.834583052944,112.07534,113.97343578177407,-18.584583052943998
2025-10-14 13:00:00,94.17,114.98906672421765,114.31975,115.9930411086398,-20.81906672421765
2025-10-14 14:00:00,103.83,117.0401976390024,117.03241,117.05186433676378,-13.210197639002402
2025-10-14 15:00:00,129.32,133.29507944016137,134.62581,131.29897408258114,-3.9750794401613803
2025-10-14 16:00:00,169.19,174.6986373867219,177.57411,170.38541411499813,-5.508637386721915
2025-10-14 17:00:00,202.62,211.78983134915995,230.52232,183.69107770151314,-9.16983134915995
2025-10-14 18:00:00,162.08,159.28496676076475,161.53404,155.9113342908279,2.7950332392352664
2025-10-14 19:00:00,129.98,127.60586135999665,126.98211,128.5414783511635,2.3741386400033377
2025-10-14 20:00:00,106.32,109.93232033156374,110.34017,109.32052784917305,-3.612320331563751
2025-10-14 21:00:00,95.67,100.09130795400512,101.30249,98.27452499670713,-4.4213079540051154
2025-10-14 22:00:00,97.23,96.90741734543207,97.72799,95.67655575371688,0.3225826545679382
2025-10-14 23:00:00,91.05,92.93579312828228,92.64806,93.36738160915783,-1.8857931282822875
2025-10-15 00:00:00,86.52,89.66166352233832,89.87295,89.34473154449324,-3.1416635223383196
2025-10-15 01:00:00,85.1,86.92197500169853,88.3788,84.73673071713694,-1.821975001698533
2025-10-15 02:00:00,84.3,84.83373531001105,86.54674,82.26422986133133,-0.5337353100110533
2025-10-15 03:00:00,84.3,84.57478631411404,85.830734,82.69085677649602,-0.27478631411403853
2025-10-15 04:00:00,87.21,90.06460595197086,90.99952,88.66223395036172,-2.8546059519708677
2025-10-15 05:00:00,105.49,107.52386407637631,110.28068,103.38863205373374,-2.033864076376318
2025-10-15 06:00:00,132.82,121.7034636617384,123.13454,119.55685403959988,11.116536338261596
2025-10-15 07:00:00,138.84,126.06382654485523,127.82527,123.42164750837831,12.776173455144772
2025-10-15 08:00:00,134.69,125.25070205814399,127.96197,121.18379631357284,9.439297941856012
2025-10-15 09:00:00,117.0,115.92678398250061,116.24696,115.44649944599763,1.0732160174993908
2025-10-15 10:00:00,103.9,111.50519092325365,112.70705,109.70240373025327,-7.6051909232536445
2025-10-15 11:00:00,101.15,106.69032169610327,106.93742,106.31965342238706,-5.540321696103263
2025-10-15 12:00:00,99.37,106.38374608166336,106.74997,105.83439572173654,-7.013746081663356
2025-10-15 13:00:00,104.45,109.32387729799066,109.47158,109.10231104282822,-4.87387729799066
2025-10-15 14:00:00,125.55,114.72966819014371,113.7305,116.2284101299003,10.820331809856285
2025-10-15 15:00:00,158.96,131.55391541890546,131.16064,132.1438179356914,27.406084581094547
2025-10-15 16:00:00,218.25,156.63411946669618,157.28639,155.65569509008026,61.61588053330382
2025-10-15 17:00:00,240.59,176.544377949931,178.14424,174.1445676165267,64.045622050069
2025-10-15 18:00:00,191.14,159.6174215978475,161.10422,157.3872124418844,31.522578402152476
2025-10-15 19:00:00,136.43,134.0097036750822,132.52354,136.2389350910258,2.420296324917814
2025-10-15 20:00:00,113.59,114.76281170477624,115.280075,113.98691665207731,-1.1728117047762368
2025-10-15 21:00:00,96.88,104.85679237330783,107.13022,101.44663791569144,-7.9767923733078305
2025-10-15 22:00:00,90.96,99.94982372171941,100.8521,98.59640683847823,-8.989823721719418
2025-10-15 23:00:00,85.82,98.20916301815602,99.88865,95.68992452842227,-12.389163018156026
2025-10-16 00:00:00,84.57,94.10335265237936,95.901215,91.40655782418571,-9.533352652379364
2025-10-16 01:00:00,83.23,91.79113604763688,94.95691,87.04247062751506,-8.561136047636879
2025-10-16 02:00:00,82.17,90.13103812542087,93.70226,84.77419718122795,-7.96103812542087
2025-10-16 03:00:00,83.45,90.64517120158547,94.09549,85.46969184368533,-7.195171201585467
2025-10-16 04:00:00,87.75,94.40544642226968,97.17853,90.24582240027868,-6.6554464222696765
2025-10-16 05:00:00,106.36,107.503434387559,109.376,104.69457916347754,-1.1434343875589974
2025-10-16 06:00:00,125.77,128.50157507199637,130.77228,125.09550948785223,-2.7315750719963745
2025-10-16 07:00:00,122.42,136.63436879712555,139.56288,132.24159215882952,-14.214368797125545
2025-10-16 08:00:00,113.65,132.02306346745698,134.48732,128.32666349041978,-18.373063467456973
2025-10-16 09:00:00,94.06,122.88325933751003,124.722374,120.12457977077703,-28.823259337510024
2025-10-16 10:00:00,88.29,111.7143559289901,112.60069,110.38484688424283,-23.424355928990096
2025-10-16 11:00:00,90.16,103.63154495843949,103.423325,103.94386979661144,-13.471544958439495
2025-10-16 12:00:00,90.32,104.28774431837287,104.31134,104.25234266849077,-13.96774431837288
2025-10-16 13:00:00,87.9,107.35238176364356,107.13837,107.67340436028077,-19.452381763643558
2025-10-16 14:00:00,98.32,121.43187054970107,123.241264,118.71776841526832,-23.11187054970108
2025-10-16 15:00:00,122.07,144.0287274353434,145.98811,141.08963703928623,-21.958727435343405
2025-10-16 16:00:00,147.59,178.00406591421643,179.97371,175.04958968178124,-30.414065914216422
2025-10-16 17:00:00,164.04,209.65233310367398,224.2946,187.6889153397513,-45.61233310367399
2025-10-16 18:00:00,143.48,163.81218848944116,164.83533,162.2774728715521,-20.332188489441165
2025-10-16 19:00:00,122.91,137.76378923122252,140.75008,133.28434719304653,-14.853789231222521
2025-10-16 20:00:00,100.11,113.41124058673513,113.76218,112.88482906693548,-13.301240586735133
2025-10-16 21:00:00,88.85,100.22819985088313,101.50238,98.316919533824,-11.378199850883135
2025-10-16 22:00:00,89.99,93.3125386744847,93.64007,92.82123697551836,-3.3225386744847043
2025-10-16 23:00:00,87.28,91.92117421088167,92.44785,91.13114635789267,-4.6411742108816725
2025-10-17 00:00:00,87.18,87.85441273625094,88.424675,86.99901745158922,-0.6744127362509289
2025-10-17 01:00:00,86.24,85.8451863518695,87.786415,82.93333560013275,0.39481364813049424
2025-10-17 02:00:00,85.26,83.80062845502417,85.77791,80.83470292772154,1.4593715449758378
2025-10-17 03:00:00,84.72,83.8922899273332,85.24626,81.86132860861616,0.8277100726668039
2025-10-17 04:00:00,99.63,89.47801193202136,90.788635,87.51207313449677,10.151988067978635
2025-10-17 05:00:00,109.94,106.0494860915152,108.71968,102.04418642019428,3.8905139084847917
2025-10-17 06:00:00,130.68,123.87352631322018,127.22776,118.84216005184928,6.806473686779825
2025-10-17 07:00:00,126.59,125.20227945338009,127.278625,122.08774895693654,1.3877205466199172
2025-10-17 08:00:00,114.13,123.7832306519104,125.19466,121.66608062757872,-9.653230651910405
2025-10-17 09:00:00,101.73,113.09346676456198,113.838585,111.97578193215688,-11.363466764561977
2025-10-17 10:00:00,96.59,104.75413393355714,104.391914,105.29745756033326,-8.164133933557139
2025-10-17 11:00:00,90.02,103.94933830391173,104.14355,103.65802135792386,-13.929338303911734
2025-10-17 12:00:00,87.92,100.46302168822314,100.128624,100.96461636960566,-12.543021688223135
2025-10-17 13:00:00,87.44,100.06805663874422,99.73522,100.56729926592794,-12.628056638744226
2025-10-17 14:00:00,95.12,104.24952669427,103.08952,105.9895222257873,-9.129526694269998
2025-10-17 15:00:00,113.04,124.69110551848252,126.71994,121.64784588849145,-11.65110551848251
2025-10-17 16:00:00,132.63,148.5519646801851,153.38425,141.30354146120496,-15.921964680185113
2025-10-17 17:00:00,143.17,166.15018441708943,174.29173,153.93785423120016,-22.980184417089447
2025-10-17 18:00:00,122.63,147.8318459016354,151.952,141.6516057208854,-25.20184590163541
2025-10-17 19:00:00,102.36,126.12843091459874,126.606575,125.41119950939722,-23.76843091459874
2025-10-17 20:00:00,99.48,107.18850963982618,106.78446,107.7945773222217,-7.708509639826175
2025-10-17 21:00:00,90.48,97.56761009327904,97.69134,97.38201694767514,-7.087610093279039
2025-10-17 22:00:00,100.2,92.90080443647545,91.81128,94.53508833117886,7.299195563524549
2025-10-17 23:00:00,95.41,91.49170358265314,91.100945,92.07783836337111,3.918296417346852
2025-10-18 00:00:00,93.41,93.56369413983846,90.80582,97.70050083726704,-0.15369413983846414
2025-10-18 01:00:00,89.15,90.10359034680184,87.66393,93.76307094451923,-0.9535903468018319
2025-10-18 02:00:00,86.8,85.86222260546892,83.59747,89.25934298217814,0.9377773945310821
2025-10-18 03:00:00,86.35,83.34802782877489,81.57302,86.01053626200067,3.0019721712251055
2025-10-18 04:00:00,89.55,87.14867583549434,86.604164,87.96543577403858,2.4013241645056524
2025-10-18 05:00:00,101.44,89.72085032984582,88.7191,91.22346485964871,11.71914967015418
2025-10-18 06:00:00,112.08,99.3867539930832,100.64817,97.49462355387499,12.693246006916794
2025-10-18 07:00:00,107.98,101.13193262421413,103.1833,98.05487962572087,6.848067375785874
2025-10-18 08:00:00,103.15,99.53283829371352,101.333755,96.83145867984044,3.617161706286481
2025-10-18 09:00:00,93.43,94.28470180505022,94.20625,94.40236921294294,-0.8547018050502118
2025-10-18 10:00:00,85.52,89.63757007366857,87.606804,92.68371743575835,-4.117570073668574
2025-10-18 11:00:00,82.31,86.82000688418404,84.53887,90.2417076554064,-4.510006884184037
2025-10-18 12:00:00,82.35,85.04448673897608,83.24222,87.74788791372438,-2.6944867389760816
2025-10-18 13:00:00,83.25,83.63583024369055,81.65612,86.60538752939237,-0.38583024369054897
2025-10-18 14:00:00,91.32,87.6674143572541,86.15742,89.93240041034719,3.6525856427458905
2025-10-18 15:00:00,106.85,97.22878220705522,97.66935,96.5679252899769,9.621217792944776
2025-10-18 16:00:00,121.66,111.91234956147315,114.475784,108.06719745104616,9.747650438526847
2025-10-18 17:00:00,116.8,118.73720225886399,122.049706,113.76843594501153,-1.9372022588639908
2025-10-18 18:00:00,108.19,104.51657869160894,102.78968,107.10692410023819,3.673421308391056
2025-10-18 19:00:00,95.3,94.54084618543331,92.98177,96.87944967684012,0.7591538145666874
2025-10-18 20:00:00,93.15,87.94177017858496,86.598595,89.95652581877687,5.2082298214150455
2025-10-18 21:00:00,85.74,81.23928696556506,79.685455,83.5700287084683,4.500713034434938
2025-10-18 22:00:00,85.67,80.69276617554279,80.05649,81.64718147584426,4.977233824457215
2025-10-18 23:00:00,75.4,76.06922664116829,74.90383,77.81731938002034,-0.6692266411682795
2025-10-19 00:00:00,64.46,62.520336053314665,57.98451,69.32407354698296,1.9396639466853287
2025-10-19 01:00:00,58.32,65.27485282791523,63.226864,68.34683437081344,-6.954852827915225
2025-10-19 02:00:00,54.74,53.413404028654014,49.075268,59.92060552299,1.3265959713459878
2025-10-19 03:00:00,49.88,37.70916211023231,30.278759,48.85476677155245,12.17083788976769
2025-10-19 04:00:00,48.71,34.462403328009174,28.99115,42.66927965181003,14.247596671990827
2025-10-19 05:00:00,45.47,46.088000477940284,46.60532,45.31201646126917,-0.618000477940285
2025-10-19 06:00:00,60.75,56.44648610311428,58.293797,53.67551472677985,4.303513896885718
2025-10-19 07:00:00,67.57,53.56845056586375,53.012596,54.40223126542841,14.001549434136244
2025-10-19 08:00:00,64.6,56.98046713123615,56.930763,57.055021053798384,7.619532868763841
2025-10-19 09:00:00,57.65,64.54860024616102,66.81374,61.15087759904512,-6.898600246161017
2025-10-19 10:00:00,47.74,64.66377326429667,66.58038,61.78885630222115,-16.923773264296663
2025-10-19 11:00:00,44.24,66.38226344956823,67.89682,64.1104227993356,-22.142263449568226
2025-10-19 12:00:00,48.37,71.29972412552726,71.15477,71.5171516529295,-22.929724125527265
2025-10-19 13:00:00,57.09,72.78633743541985,72.43668,73.31081047697737,-15.69633743541985
2025-10-19 14:00:00,71.96,76.61145799976865,75.4,78.42864080325464,-4.6514579997686525
2025-10-19 15:00:00,88.45,84.99097361782967,83.007286,87.9664973075136,3.459026382170336
2025-10-19 16:00:00,102.36,101.82704977170266,103.259735,99.67801223138068,0.532950228297338
2025-10-19 17:00:00,105.75,112.5838920890792,113.94297,110.54527099418239,-6.8338920890792
2025-10-19 18:00:00,102.09,106.98430145222562,104.45616,110.77650756733163,-4.894301452225619
2025-10-19 19:00:00,89.18,91.68314351476485,87.61971,97.77828191313282,-2.5031435147648438
2025-10-19 20:00:00,70.95,83.43537541582239,81.882675,85.7644181538138,-12.48537541582239
2025-10-19 21:00:00,57.11,74.28926254033782,73.72218,75.1398796021873,-17.179262540337817
2025-10-19 22:00:00,59.44,67.58055271415638,68.97754,65.48507128429233,-8.140552714156385
2025-10-19 23:00:00,54.32,54.91156767050761,54.622456,55.34523005883739,-0.5915676705076081
2025-10-20 00:00:00,54.35,48.98507151641515,49.78581,47.78396213149196,5.364928483584855
2025-10-20 01:00:00,51.65,54.281828811161375,54.75315,53.574845617991315,-2.631828811161377
2025-10-20 02:00:00,55.58,56.26074476521599,55.701653,57.099377400710864,-0.6807447652159908
2025-10-20 03:00:00,63.15,60.95804734601738,60.030037,62.35005725359326,2.191952653982618
2025-10-20 04:00:00,69.67,73.62099061166884,73.6186,73.62457240014379,-3.9509906116688427
2025-10-20 05:00:00,92.48,89.28542165630415,90.97339,86.75346922559922,3.194578343695852
2025-10-20 06:00:00,100.07,106.07204859098266,106.51752,105.40384393534237,-6.0020485909826675
2025-10-20 07:00:00,100.97,103.99925025392447,102.33239,106.49953325810219,-3.0292502539244737
2025-10-20 08:00:00,102.29,102.23227556167029,103.290535,100.64488072241303,0.05772443832971419
2025-10-20 09:00:00,102.48,93.506748357616,95.488106,90.53470651110541,8.973251642384
2025-10-20 10:00:00,98.41,86.83804345831314,89.51811,82.81793655715981,11.571956541686859
2025-10-20 11:00:00,98.55,83.31703769732299,86.34402,78.7765648853973,15.23296230267701
2025-10-20 12:00:00,96.81,81.7187139148452,84.1016,78.14437427991083,15.091286085154806
2025-10-20 13:00:00,93.12,83.2448563489742,85.736,79.50813887353411,9.875143651025809
2025-10-20 14:00:00,94.82,87.63141501583905,88.73379,85.97784669792281,7.18858498416094
2025-10-20 15:00:00,101.55,97.83574433293201,96.58007,99.71925127422455,3.714255667067988
2025-10-20 16:00:00,118.39,117.44331599299946,115.58802,120.22625568074082,0.9466840070005418
2025-10-20 17:00:00,122.63,127.07490967416041,125.63157,129.23991319296937,-4.444909674160414
2025-10-20 18:00:00,122.12,115.97002868372829,115.703636,116.36960219638128,6.149971316271717
2025-10-20 19:00:00,101.45,99.70476139414362,99.222305,100.42843790918718,1.745238605856386
2025-10-20 20:00:00,100.49,91.9212439266314,93.5674,89.45200508025039,8.56875607336859
2025-10-20 21:00:00,88.29,83.89113874494872,84.282265,83.30444026141964,4.398861255051287
2025-10-20 22:00:00,118.32,83.08284615856365,82.63809,83.74996779814254,35.23715384143634
2025-10-20 23:00:00,114.8,80.11889588925519,78.37564,82.73377269738111,34.68110411074481
2025-10-21 00:00:00,100.78,76.95859880685994,76.169136,78.14278531671039,23.821401193140062
2025-10-21 01:00:00,90.84,73.06103666033168,72.38747,74.07139200483311,17.778963339668323
2025-10-21 02:00:00,86.41,72.40169954424516,71.86201,73.21123242689708,14.008300455754835
2025-10-21 03:00:00,73.46,75.20975979593229,75.080635,75.40344497628092,-1.7497597959322917
2025-10-21 04:00:00,71.87,78.9476076435529,77.41263,81.25007303344279,-7.077607643552895
2025-10-21 05:00:00,88.18,98.01831067758476,100.22474,94.70866235985548,-9.838310677584758
2025-10-21 06:00:00,109.56,107.36960654547906,108.90221,105.07070673234998,2.190393454520944
2025-10-21 07:00:00,118.04,103.74764854541161,102.878136,105.05191402710325,14.292351454588399
2025-10-21 08:00:00,117.11,102.57519276363507,103.256546,101.55315715628007,14.534807236364927
2025-10-21 09:00:00,95.8,94.25107078087359,94.72383,93.54192446500136,1.548929219126407
2025-10-21 10:00:00,93.37,88.19942454079742,89.018814,86.97033831427385,5.170575459202581
2025-10-21 11:00:00,83.85,85.67024525721052,87.92799,82.28361866670792,-1.82024525721053
2025-10-21 12:00:00,77.95,81.79208876232802,84.193794,78.189528622739,-3.842088762328018
2025-10-21 13:00:00,66.13,79.2495234976114,80.627785,77.18212211377949,-13.11952349761141
2025-10-21 14:00:00,67.83,83.74398767171824,84.84846,82.08727745261103,-15.913987671718246
2025-10-21 15:00:00,86.38,86.87639254124771,87.6084,85.778379882172,-0.49639254124771526
2025-10-21 16:00:00,106.06,100.37864117623111,102.489105,97.21293938161782,5.681358823768889
2025-10-21 17:00:00,112.91,111.28314606796933,113.29267,108.26884310571432,1.62685393203067
2025-10-21 18:00:00,106.85,104.95811162692553,103.82966,106.65078367546813,1.8918883730744653
2025-10-21 19:00:00,90.43,93.96482104710043,91.57618,97.54777954646198,-3.534821047100422
2025-10-21 20:00:00,78.28,87.55129708874506,85.86287,90.08393501312241,-9.271297088745058
2025-10-21 21:00:00,65.54,79.22922831867388,78.24306,80.70848301287123,-13.68922831867387
2025-10-21 22:00:00,62.27,83.69410985218609,87.37661,78.17035420505019,-21.424109852186085
2025-10-21 23:00:00,59.58,66.80163765756399,65.223175,69.16932584862187,-7.2216376575639885
2025-10-22 00:00:00,59.6,59.75318397842202,59.538918,60.07458363379919,-0.15318397842202103
2025-10-22 01:00:00,60.91,59.36896343059716,59.403664,59.31690740156614,1.5410365694028343
2025-10-22 02:00:00,63.44,58.76079617523864,58.18004,59.6319308525253,4.679203824761359
2025-10-22 03:00:00,64.84,56.40879547449356,53.509308,60.75802117219581,8.431204525506445
2025-10-22 04:00:00,76.0,69.90149785954154,68.19507,72.46114020244272,6.098502140458464
2025-10-22 05:00:00,93.55,93.62357251847698,94.75651,91.92415994914654,-0.0735725184769791
2025-10-22 06:00:00,103.11,113.16880168876168,114.10737,111.76094388865222,-10.058801688761676
2025-10-22 07:00:00,107.94,116.38914983896517,118.89503,112.63032241235432,-8.44914983896517
2025-10-22 08:00:00,103.18,113.37916630938398,118.9721,104.98975918776657,-10.199166309383969
2025-10-22 09:00:00,95.4,99.23224685486716,103.94881,92.15740317842764,-3.832246854867151
2025-10-22 10:00:00,89.82,91.72905625856268,95.71529,85.74970935673386,-1.9090562585626856
2025-10-22 11:00:00,87.88,86.58977997525656,90.64298,80.50997049173029,1.2902200247434337
2025-10-22 12:00:00,89.2,82.33584114429799,84.54792,79.01771298342564,6.864158855702016
2025-10-22 13:00:00,95.87,83.1549398909386,85.74285,79.27306711931428,12.715060109061397
2025-10-22 14:00:00,101.67,93.77731762916818,96.079796,90.3235926874224,7.892682370831821
2025-10-22 15:00:00,121.24,110.4732677144325,107.790016,114.49814120990936,10.7667322855675
2025-10-22 16:00:00,169.34,145.95374078447344,142.4213,151.25239776806836,23.386259215526565
2025-10-22 17:00:00,199.57,156.8699039551752,153.43184,162.026997589354,42.70009604482479
2025-10-22 18:00:00,148.31,146.1772209338426,145.00696,147.93260006409866,2.1327790661574113
2025-10-22 19:00:00,117.6,120.37886353059737,119.40721,121.83632661213795,-2.778863530597377
2025-10-22 20:00:00,101.07,106.75333662155172,108.76413,103.73713183708243,-5.683336621551732
2025-10-22 21:00:00,93.95,91.17454851256232,89.23937,94.07730908658158,2.775451487437678
2025-10-22 22:00:00,100.22,88.40322539475581,85.2995,93.05880658991686,11.816774605244191
2025-10-22 23:00:00,96.44,87.96798906245348,85.41487,91.79766201770596,8.472010937546514
2025-10-23 00:00:00,92.84,85.13936050471352,83.55734,87.51238365314123,7.700639495286481
2025-10-23 01:00:00,84.89,83.63663759239364,83.80906,83.37799763698996,1.2533624076063603
2025-10-23 02:00:00,75.47,79.45208063144919,78.658,80.64319825220696,-3.982080631449193
2025-10-23 03:00:00,70.5,75.4515584018033,74.371635,77.07144094164204,-4.951558401803297
2025-10-23 04:00:00,71.64,76.17637187144916,74.39901,78.84240939969223,-4.5363718714491625
2025-10-23 05:00:00,84.04,91.06929578865575,93.52576,87.38460040303585,-7.029295788655745
2025-10-23 06:00:00,98.14,106.63857805895958,109.62476,102.1592846554556,-8.49857805895958
2025-10-23 07:00:00,105.37,107.2160693119896,108.06138,105.94809793207361,-1.846069311989595
2025-10-23 08:00:00,109.09,103.1624149934836,103.904594,102.04914203693161,5.927585006516409
2025-10-23 09:00:00,104.76,92.64678239825724,91.31241,94.64833378800148,12.113217601742761
2025-10-23 10:00:00,100.67,84.64522861691059,81.28849,89.68032656241806,16.024771383089416
2025-10-23 11:00:00,94.58,80.85531516257507,77.519165,85.859534625798,13.724684837424931
2025-10-23 12:00:00,88.49,79.54996935606289,77.33796,82.86797682643652,8.940030643937106
2025-10-23 13:00:00,82.52,79.39394172864158,78.87422,80.17351589692132,3.126058271358417
2025-10-23 14:00:00,84.18,82.5155722161125,83.26537,81.39086878796192,1.6644277838875041
2025-10-23 15:00:00,92.13,96.39550121862882,99.98162,91.01631423431621,-4.2655012186288275
2025-10-23 16:00:00,106.86,116.49451313034123,121.84882,108.46303606071638,-9.634513130341233
2025-10-23 17:00:00,109.71,139.11820790712392,149.50354,123.54020589451875,-29.408207907123924
2025-10-23 18:00:00,105.94,118.91264282955768,122.1053,114.12364808951918,-12.972642829557685
2025-10-23 19:00:00,92.85,103.32245149123462,103.383575,103.23075984686095,-10.472451491234622
2025-10-23 20:00:00,80.07,90.4251291450628,89.43742,91.90668158152906,-10.355129145062804
2025-10-23 21:00:00,46.36,81.19324232557227,80.6695,81.97884861178224,-34.83324232557227
2025-10-23 22:00:00,23.86,70.4052286376066,69.96593,71.06417900063269,-46.5452286376066
2025-10-23 23:00:00,13.63,57.613281236716446,57.901142,57.181482281854585,-43.983281236716444
2025-10-24 00:00:00,10.59,45.476961541041504,43.778484,48.024674474857164,-34.8869615410415
2025-10-24 01:00:00,8.84,43.133746052371215,42.330585,44.338485957649226,-34.29374605237122
2025-10-24 02:00:00,8.79,41.08264141350035,40.352192,42.17831087780604,-32.29264141350035
2025-10-24 03:00:00,12.08,35.790232457633955,34.98129,37.00364777921672,-23.710232457633957
2025-10-24 04:00:00,25.18,44.31736615194441,45.16864,43.04045326743426,-19.137366151944413
2025-10-24 05:00:00,56.91,64.89815513973232,69.39385,58.154601869106216,-7.988155139732328
2025-10-24 06:00:00,97.04,91.06104152653917,95.18331,84.8776309006985,5.978958473460835
2025-10-24 07:00:00,113.02,100.88608616793195,103.306,97.25621387869217,12.133913832068046
2025-10-24 08:00:00,101.47,95.31190281173987,98.15537,91.04669047051178,6.158097188260129
2025-10-24 09:00:00,85.07,81.6342852176191,82.504265,80.32931388938465,3.4357147823808987
2025-10-24 10:00:00,71.02,68.38531696513509,70.440025,65.30325441845295,2.6346830348649064
2025-10-24 11:00:00,62.35,54.35373523787088,55.383095,52.80969209858344,7.9962647621291225
2025-10-24 12:00:00,53.05,56.646610720597636,59.386074,52.53741379490228,-3.5966107205976385
2025-10-24 13:00:00,46.77,51.81972810285454,50.35325,54.019444501826285,-5.049728102854537
2025-10-24 14:00:00,52.41,60.000987405507985,60.66759,59.001081871313914,-7.590987405507988
2025-10-24 15:00:00,71.53,74.35612488253088,77.185875,70.11149407583403,-2.826124882530877
2025-10-24 16:00:00,94.34,92.69122676086525,96.534004,86.9270510482813,1.648773239134755
2025-10-24 17:00:00,101.65,104.11036019670553,108.171165,98.01914466290637,-2.4603601967055226
2025-10-24 18:00:00,75.8,100.04704394854468,101.80591,97.40874565932558,-24.247043948544686
2025-10-24 19:00:00,47.54,84.48727033720516,82.89644,86.87351222301777,-36.94727033720516
2025-10-24 20:00:00,32.87,70.77944288230452,69.29643,73.00395274103963,-37.909442882304525
2025-10-24 21:00:00,16.75,59.10313642566531,60.155586,57.524457885452335,-42.35313642566531
2025-10-24 22:00:00,5.86,35.34832481094402,32.356808,39.83559855690106,-29.48832481094402
2025-10-24 23:00:00,2.21,15.462177671721111,10.874847,22.343172822720135,-13.25217767172111
2025-10-25 00:00:00,1.0,9.613305380000053,6.895824,13.689527039859144,-8.613305380000053
2025-10-25 01:00:00,0.49,3.5356031615726806,1.8564974,6.054261614678467,-3.0456031615726804
2025-10-25 02:00:00,-0.08,0.740188508509948,0.93863255,0.4425223898871593,-0.820188508509948
2025-10-25 03:00:00,-0.3,-0.2797748735852339,1.465146,-2.897156251298213,-0.020225126414766093
2025-10-25 04:00:00,-0.42,-0.42216998233835756,2.8217819,-5.288098004818977,0.002169982338357579
2025-10-25 05:00:00,4.89,1.3858965382939685,4.351517,-3.0625346933886135,3.5041034617060314
2025-10-25 06:00:00,11.28,26.75682127943959,36.701004,11.840545248769871,-15.476821279439589
2025-10-25 07:00:00,20.41,28.28645181045175,24.93908,33.307508214941635,-7.876451810451751
2025-10-25 08:00:00,17.17,34.70652205038864,33.134647,37.064333118220134,-17.53652205038864
2025-10-25 09:00:00,12.56,23.0980533830215,21.608213,25.33281189001835,-10.5380533830215
2025-10-25 10:00:00,5.51,15.139205867424586,17.044102,12.281861142255309,-9.629205867424586
2025-10-25 11:00:00,3.83,-4.008325027753313,-2.4960847,-6.2766854150330005,7.838325027753313
2025-10-25 12:00:00,3.22,-3.0875012451539194,-0.6050993,-6.811104087563791,6.30750124515392
2025-10-25 13:00:00,4.64,-2.3400994221425893,0.9659271,-7.299139271193951,6.9800994221425885
2025-10-25 14:00:00,8.86,-0.07979730827273679,1.9374002,-3.1055937226281003,8.939797308272736
2025-10-25 15:00:00,34.51,24.64083471772783,29.483124,17.377400171699946,9.869165282272167
2025-10-25 16:00:00,69.46,66.0735345306729,71.52738,57.89275775917736,3.386465469327092
2025-10-25 17:00:00,76.34,90.07582146856012,93.75299,84.56006186537005,-13.735821468560118
2025-10-25 18:00:00,60.51,81.01968350349355,80.41396,81.92826187457862,-20.509683503493555
2025-10-25 19:00:00,35.76,65.90969590017478,64.35783,68.23749849372308,-30.149695900174784
2025-10-25 20:00:00,29.18,51.62394247759185,50.78024,52.88949276777112,-22.443942477591847
2025-10-25 21:00:00,15.29,35.54327270931835,34.950283,36.43275433646727,-20.253272709318352
2025-10-25 22:00:00,2.75,17.59463657461638,17.623354,17.551559545671807,-14.84463657461638
2025-10-25 23:00:00,0.31,3.696139639086425,7.117489,-1.4358846707470718,-3.386139639086425
2025-10-26 00:00:00,0.03,-2.981796107432422,2.6738625,-11.465284133308074,3.011796107432422
2025-10-26 01:00:00,-0.24,-6.707388552309192,-1.7445464,-14.151651641431243,6.467388552309192
2025-10-26 02:00:00,-0.57,-5.848746202497603,-1.2216169,-12.789440209937396,5.278746202497603
2025-10-26 03:00:00,-2.18,-5.825881561103222,-1.0347377,-13.012597313679152,3.6458815611032223
2025-10-26 04:00:00,-2.82,-4.973208631242335,1.9130715,-15.302629086288363,2.1532086312423355
2025-10-26 05:00:00,-1.86,-5.874894967991782,2.2660415,-18.086299874679924,4.014894967991782
2025-10-26 06:00:00,1.05,0.4748710397657874,6.1587644,-8.050969540134787,0.5751289602342127
2025-10-26 07:00:00,4.24,6.987549138716782,6.7355757,7.365508856008262,-2.7475491387167814
2025-10-26 08:00:00,9.74,7.687565774391931,7.276164,8.304667399999602,2.052434225608069
2025-10-26 09:00:00,11.68,3.6130023269996627,6.698794,-1.015685729894642,8.066997673000337
2025-10-26 10:00:00,13.27,7.106862126471071,8.0675335,5.665854361358953,6.163137873528928
2025-10-26 11:00:00,33.61,-1.4689708770271068,0.5732036,-4.532232687114657,35.0789708770271
2025-10-26 12:00:00,52.58,8.67249727995727,6.044838,12.61398615319365,43.90750272004273
2025-10-26 13:00:00,55.79,43.403477250505176,41.8776,45.69228782993724,12.386522749494823
2025-10-26 14:00:00,65.84,59.25178560168061,59.99494,58.13704571501694,6.588214398319394
2025-10-26 15:00:00,74.2,57.85129726053354,54.881325,62.30625599923425,16.34870273946646
2025-10-26 16:00:00,108.47,72.74891402283977,71.14865,75.14930074313457,35.72108597716023
2025-10-26 17:00:00,129.9,86.65423107087133,85.921684,87.75304555742736,43.24576892912867
2025-10-26 18:00:00,106.65,87.88711934900529,86.66752,89.71651091218607,18.762880650994717
2025-10-26 19:00:00,75.62,73.53560265448083,73.61812,73.41182729965422,2.0843973455191787
2025-10-26 20:00:00,39.4,59.6223354508801,61.823315,56.32086281238091,-20.222335450880102
2025-10-26 21:00:00,16.57,45.85162986575337,49.755993,39.99508056190538,-29.281629865753366
2025-10-26 22:00:00,3.91,25.818560135031383,27.3944,23.454800873161957,-21.908560135031383
2025-10-26 23:00:00,4.24,6.944964228720584,8.208973,5.04895046018342,-2.704964228720584
2025-10-27 00:00:00,2.56,-1.427195472394942,3.6330311,-9.017535852580068,3.987195472394942
2025-10-27 01:00:00,0.83,-1.6250026792680616,3.0274396,-8.603666268387286,2.4550026792680617
2025-10-27 02:00:00,-0.4,-4.169476837444608,0.99419653,-11.91498689484672,3.7694768374446084
2025-10-27 03:00:00,-0.22,-5.864302008436084,-1.8092846,-11.946827990526856,5.644302008436084
2025-10-27 04:00:00,0.19,-0.8765397020777983,0.781294,-3.3632902673385843,1.0665397020777982
2025-10-27 05:00:00,23.3,22.127650116840904,24.22368,18.983602163592735,1.1723498831590966
2025-10-27 06:00:00,74.51,50.80035013791642,48.792805,53.81166445306741,23.709649862083587
2025-10-27 07:00:00,97.03,77.68596514005634,77.24527,78.34700246500901,19.344034859943662
2025-10-27 08:00:00,100.88,72.63390076170494,70.631424,75.63761025692347,28.24609923829506
2025-10-27 09:00:00,91.02,56.24291216910733,51.295265,63.6643788114402,34.77708783089267
2025-10-27 10:00:00,85.47,51.37370407195624,49.319065,54.45565967787644,34.09629592804376
2025-10-27 11:00:00,85.8,56.413825431051954,54.42518,59.39679006383594,29.386174568948043
2025-10-27 12:00:00,87.22,62.68912014499032,61.242184,64.85952101982443,24.53087985500968
2025-10-27 13:00:00,87.42,70.40009109496219,69.49332,71.76024894712228,17.01990890503781
2025-10-27 14:00:00,89.72,78.63169473380215,76.67356,81.56888946817236,11.08830526619785
2025-10-27 15:00:00,94.32,91.37647291658004,89.28015,94.52095142597156,2.9435270834199514
2025-10-27 16:00:00,110.02,114.88165762173706,111.71108,119.63752036659851,-4.861657621737066
2025-10-27 17:00:00,131.13,136.61633481681818,139.87827,131.72342752666458,-5.486334816818186
2025-10-27 18:00:00,126.37,122.64209632565378,125.41578,118.48155688469109,3.727903674346223
2025-10-27 19:00:00,108.76,102.70404387696718,103.19949,101.9608676727646,6.0559561230328285
2025-10-27 20:00:00,92.57,92.13813937365167,91.943375,92.43028076139967,0.43186062634832467
2025-10-27 21:00:00,92.32,85.11930010074053,81.94169,89.88570981606028,7.200699899259462
2025-10-27 22:00:00,84.56,89.48333758014792,88.31862,91.2304119740514,-4.923337580147916
2025-10-27 23:00:00,48.07,69.41847112248865,63.745487,77.92793935712496,-21.348471122488654
2025-10-28 00:00:00,34.9,62.22185181128525,59.66554,66.0563194391018,-27.32185181128525
2025-10-28 01:00:00,21.69,46.40284529554303,45.11228,48.33868958620866,-24.71284529554303
2025-10-28 02:00:00,18.4,35.73194997500358,33.589634,38.945420210336096,-17.33194997500358
2025-10-28 03:00:00,19.38,34.80737264423127,33.696667,36.473430580609914,-15.427372644231273
2025-10-28 04:00:00,23.88,37.54405680755396,37.78734,37.179133679956664,-13.664056807553958
2025-10-28 05:00:00,38.5,48.955420772933145,50.893185,46.048773032186375,-10.455420772933145
2025-10-28 06:00:00,68.18,69.92936623026455,67.50479,73.56622487131568,-1.7493662302645419
2025-10-28 07:00:00,87.31,86.85251855010775,87.54104,85.81973669814533,0.45748144989225636
2025-10-28 08:00:00,87.02,83.32245589980108,83.327225,83.3152950229402,3.697544100198911
2025-10-28 09:00:00,77.71,67.74719245775992,66.20059,70.06709117552774,9.962807542240071
2025-10-28 10:00:00,68.1,51.80522064770909,48.17079,57.256863226633556,16.294779352290902
2025-10-28 11:00:00,63.15,50.649087402953256,47.323322,55.63773029479768,12.500912597046742
2025-10-28 12:00:00,65.96,55.983134266366676,51.439087,62.79920338747431,9.976865733633318
2025-10-28 13:00:00,69.9,57.34657688201546,50.744556,67.24960374983846,12.553423117984543
2025-10-28 14:00:00,77.24,63.6974555767834,57.568073,72.89152903290088,13.542544423216597
2025-10-28 15:00:00,87.57,77.24104501774582,74.52374,81.31699090129811,10.328954982254174
2025-10-28 16:00:00,100.92,94.45964679191752,94.35363,94.61866997356822,6.460353208082481
2025-10-28 17:00:00,121.44,114.28636781382687,118.47368,108.00538639247732,7.153632186173127
2025-10-28 18:00:00,118.45,111.25071896593465,112.72172,109.0442130337331,7.199281034065351
2025-10-28 19:00:00,99.44,102.47911747557234,102.48631,102.46831676021989,-3.03911747557234
2025-10-28 20:00:00,87.73,87.70917166713828,85.626045,90.83385560522362,0.020828332861725585
2025-10-28 21:00:00,87.8,81.37939430015265,80.01854,83.42066707057208,6.420605699847343
2025-10-28 22:00:00,72.61,68.94256796738334,66.77229,72.19797646753062,3.6674320326166594
2025-10-28 23:00:00,68.16,54.64226227116368,54.626648,54.66568184673244,13.517737728836316
2025-10-29 00:00:00,60.51,42.44793573129321,42.55087,42.29353107780577,18.06206426870679
2025-10-29 01:00:00,57.56,41.053744786221074,40.02347,42.59915230979095,16.50625521377893
2025-10-29 02:00:00,55.5,36.0035452763879,33.874508,39.19710038121633,19.496454723612104
2025-10-29 03:00:00,57.15,26.895329991455434,23.942873,31.324013569642005,30.254670008544565
2025-10-29 04:00:00,64.79,37.832654927878,36.54452,39.76485246099139,26.957345072122003
2025-10-29 05:00:00,80.09,76.16413388776627,79.24723,71.53948511004069,3.9258661122337344
2025-10-29 06:00:00,96.67,97.14711658991604,94.959045,100.4292176375098,-0.47711658991603656
2025-10-29 07:00:00,100.1,103.36720734180739,100.70098,107.36654473696477,-3.267207341807392
2025-10-29 08:00:00,92.72,100.27465768218167,98.70477,102.62947905958015,-7.55465768218167
2025-10-29 09:00:00,87.73,93.48032892115538,91.80029,96.00037903506615,-5.750328921155372
2025-10-29 10:00:00,84.74,90.48501955367183,90.46313,90.5178543651366,-5.745019553671838
2025-10-29 11:00:00,82.71,88.55692364750026,89.1491,87.66864960336977,-5.846923647500262
2025-10-29 12:00:00,87.35,86.89855383369633,87.479965,86.02643486195078,0.4514461663036684
2025-10-29 13:00:00,90.55,87.5165268580715,88.061424,86.6991750400762,3.0334731419284964
2025-10-29 14:00:00,95.8,90.4154117924576,90.496376,90.29395779535298,5.384588207542393
2025-10-29 15:00:00,99.43,95.95980762062136,93.23085,100.05324181461492,3.470192379378645
2025-10-29 16:00:00,114.41,119.7608627276947,118.638535,121.44435500038911,-5.350862727694704
2025-10-29 17:00:00,125.54,137.8687316024621,140.30655,134.21200539775685,-12.3287316024621
2025-10-29 18:00:00,122.55,129.16682859147411,132.25484,124.53480829509155,-6.616828591474118
2025-10-29 19:00:00,100.09,106.79688573024848,107.67624,105.47785580511338,-6.706885730248473
2025-10-29 20:00:00,93.88,92.5852975228816,91.33967,94.45373758161807,1.294702477118392
2025-10-29 21:00:00,90.01,89.04666529296347,86.87485,92.30438257750143,0.9633347070365375
2025-10-29 22:00:00,84.13,84.12891094260345,79.29617,91.37801389825668,0.0010890573965411932
2025-10-29 23:00:00,79.21,87.47958423018645,87.57479,87.33677032888409,-8.269584230186453
2025-10-30 00:00:00,72.86,84.61496292874494,85.746796,82.91721193306839,-11.754962928744945
2025-10-30 01:00:00,67.72,79.66756399909164,80.36603,78.61986062028771,-11.947563999091642
2025-10-30 02:00:00,67.04,73.60582578187714,72.97721,74.5487460495415,-6.5658257818771375
2025-10-30 03:00:00,67.93,72.31744170779649,70.80207,74.59049643562892,-4.387441707796484
2025-10-30 04:00:00,72.37,74.99293012373843,72.29067,79.04631304127966,-2.6229301237384277
2025-10-30 05:00:00,84.73,84.72980535838045,81.53567,89.52100845210347,0.0001946416195579559
2025-10-30 06:00:00,100.27,100.05599225066695,101.27811,98.22281868513906,0.21400774933304945
2025-10-30 07:00:00,104.58,100.51064034841374,100.28484,100.84932616705487,4.069359651586254
2025-10-30 08:00:00,106.42,97.94584022382594,98.34603,97.34554614672305,8.474159776174062
2025-10-30 09:00:00,105.25,90.98321174204517,92.08773,89.3264299288434,14.266788257954829
2025-10-30 10:00:00,98.35,86.01387846787875,87.014015,84.51366574367148,12.33612153212124
2025-10-30 11:00:00,92.48,81.532633485022,82.71341,79.76146385476693,10.947366514978
2025-10-30 12:00:00,85.94,81.71481323680285,82.84057,80.02617837093777,4.225186763197144
2025-10-30 13:00:00,80.5,81.69476419677045,82.50367,80.48139825437727,-1.1947641967704499
2025-10-30 14:00:00,86.35,86.85956676439953,87.18368,86.37339849364042,-0.509566764399537
2025-10-30 15:00:00,95.92,90.34591705607443,89.272064,91.95669251201221,5.574082943925575
2025-10-30 16:00:00,100.23,102.83525874485579,104.52593,100.29924457942465,-2.6052587448557887
2025-10-30 17:00:00,106.57,108.69501417126612,111.037994,105.1805285922278,-2.1250141712661303
2025-10-30 18:00:00,94.48,99.66574529317606,99.90206,99.31126722463938,-5.185745293176055
2025-10-30 19:00:00,90.7,89.74758590845904,90.436714,88.71388588320815,0.9524140915409589
2025-10-30 20:00:00,80.14,79.00802816325483,78.67477,79.50791868999744,1.1319718367451657
2025-10-30 21:00:00,64.07,71.33131763605077,72.47949,69.60905008683102,-7.2613176360507765
2025-10-30 22:00:00,37.55,52.2273194401521,51.228184,53.726019166176144,-14.677319440152104
2025-10-30 23:00:00,22.06,39.68536935952066,39.356667,40.17842259771521,-17.625369359520658
2025-10-31 00:00:00,18.75,40.91143737142728,44.339355,35.769556410745935,-22.161437371427283
2025-10-31 01:00:00,15.26,37.02197167431534,41.225983,30.7159542330906,-21.76197167431534
2025-10-31 02:00:00,11.7,27.45179680464496,29.585241,24.251626220291598,-15.751796804644961
2025-10-31 03:00:00,11.09,31.381548817419834,35.43714,25.298158962189717,-20.291548817419834
2025-10-31 04:00:00,12.49,36.85330371714739,39.197186,33.33747815730939,-24.36330371714739
2025-10-31 05:00:00,20.05,49.29525003038751,51.98207,45.26501678434278,-29.245250030387506
2025-10-31 06:00:00,54.05,67.3367107035518,66.6519,68.36392107650647,-13.286710703551805
2025-10-31 07:00:00,81.73,85.7593836483438,89.0696,80.79404704200206,-4.029383648343796
2025-10-31 08:00:00,80.48,79.91086560887534,79.00084,81.27590135739342,0.5691343911246634
2025-10-31 09:00:00,76.57,76.84692936281269,77.81172,75.39973688969775,-0.27692936281269454
2025-10-31 10:00:00,70.73,72.31554652683027,75.07848,68.17113522271532,-1.5855465268302709
2025-10-31 11:00:00,69.89,68.79193609972984,71.24632,65.11035248687344,1.0980639002701622
2025-10-31 12:00:00,69.29,65.41715428098998,68.893135,60.20317546687923,3.87284571901003
2025-10-31 13:00:00,71.09,65.28938098994948,70.26199,57.83046236256902,5.800619010050525
2025-10-31 14:00:00,73.93,62.712801288291566,65.17407,59.02088719289688,11.217198711708441
2025-10-31 15:00:00,79.51,70.20858338464556,71.72556,67.93311007294204,9.30141661535444
2025-10-31 16:00:00,90.31,79.8641588216105,79.96473,79.7132973683573,10.4458411783895
2025-10-31 17:00:00,96.1,94.32358857119402,97.0908,90.17276575476725,1.7764114288059716
2025-10-31 18:00:00,84.93,85.20037572989915,86.34175,83.48830504740411,-0.2703757298991434
2025-10-31 19:00:00,76.98,79.05440494170213,82.50369,73.880471506477,-2.0744049417021273
2025-10-31 20:00:00,71.47,62.46481257148638,64.36646,59.61232973804212,9.005187428513622
2025-10-31 21:00:00,65.98,46.198052773880114,48.53831,42.687662566719325,19.78194722611989
2025-10-31 22:00:00,44.85,24.659943412332996,24.402859,25.045568522287567,20.190056587667005
2025-10-31 23:00:00,35.31,10.859269581401758,12.821052,7.9165958418558375,24.450730418598244
